{"v":2,"features":[[4662043,"service","Stokes Hill Wharf",[[130.84871,-12.47049],[130.84908,-12.47031],[130.84988,-12.46991],[130.85021,-12.46975],[130.85022,-12.46975],[130.85028,-12.46972],[130.85034,-12.46969],[130.85036,-12.46968],[130.85037,-12.46967],[130.85038,-12.46965]],"asphalt"],[4662226,"residential","Dinah Court",[[130.84906,-12.44998],[130.84923,-12.45003],[130.84933,-12.45007],[130.84939,-12.4501],[130.84944,-12.45014],[130.84951,-12.45021],[130.84954,-12.45025],[130.84959,-12.4503],[130.84965,-12.45035],[130.84975,-12.45042],[130.84979,-12.45045],[130.84983,-12.45047],[130.84987,-12.45049],[130.84992,-12.4505],[130.84995,-12.45051],[130.84999,-12.45053],[130.85021,-12.4507],[130.85028,-12.45075],[130.85032,-12.45078],[130.85034,-12.45079],[130.85037,-12.4508],[130.85052,-12.45086],[130.85058,-12.45088],[130.85062,-12.45089],[130.85066,-12.4509],[130.85079,-12.45092],[130.85083,-12.45093],[130.85087,-12.45094],[130.85097,-12.45097],[130.85103,-12.45099],[130.85105,-12.45101],[130.85108,-12.45103]],"asphalt"],[4713941,"tertiary","Berrimah Road",[[130.89942,-12.48701],[130.89956,-12.48682],[130.89973,-12.48646],[130.89983,-12.48619],[130.89989,-12.48594],[130.89993,-12.48549],[130.89989,-12.48496],[130.89977,-12.48374],[130.8996,-12.48187],[130.89955,-12.48139],[130.89955,-12.48102]],"asphalt"],[42966140,"residential","Tipperary Court",[[130.84929,-12.44906],[130.84971,-12.44919],[130.84983,-12.44923],[130.84995,-12.44927],[130.85005,-12.44931],[130.85012,-12.44935],[130.85019,-12.4494],[130.85047,-12.44965],[130.85095,-12.45009],[130.85101,-12.45014],[130.85106,-12.45017],[130.85112,-12.4502],[130.85119,-12.45023],[130.85127,-12.45024],[130.85133,-12.45025],[130.85139,-12.45025],[130.85144,-12.45025]],"asphalt"],[222836912,"unclassified","",[[130.89626,-12.45545],[130.89855,-12.45544],[130.89864,-12.45533],[130.89864,-12.45454],[130.89864,-12.45442]],"unpaved"],[348534994,"service","",[[130.85024,-12.46988],[130.85028,-12.46978],[130.8503,-12.46975],[130.85032,-12.46972],[130.85034,-12.4697],[130.85037,-12.46967]],"asphalt"],[371473840,"service","",[[130.85046,-12.46738],[130.85061,-12.46738],[130.85069,-12.46737],[130.85072,-12.46737],[130.85074,-12.46714],[130.85061,-12.46712],[130.85061,-12.46738]],"asphalt"],[372512782,"service","",[[130.85017,-12.46329],[130.85044,-12.46339]],"paved"],[372512783,"service","",[[130.84967,-12.46367],[130.84989,-12.46376],[130.85005,-12.46384],[130.85015,-12.46391],[130.85022,-12.46398],[130.8503,-12.46407],[130.85034,-12.46416],[130.85038,-12.46427],[130.85039,-12.46437],[130.85041,-12.4646],[130.85042,-12.4649],[130.85044,-12.46511],[130.8505,-12.46541],[130.85053,-12.46562],[130.85052,-12.46572],[130.8505,-12.4658],[130.85046,-12.46588],[130.85028,-12.46618]],"asphalt"],[410118145,"unclassified","",[[130.88454,-12.4908],[130.88581,-12.49048],[130.88631,-12.49035],[130.88701,-12.49017],[130.8872,-12.49012],[130.88742,-12.49007],[130.88788,-12.48995],[130.88822,-12.48986],[130.88841,-12.48982],[130.8889,-12.48969],[130.88948,-12.48955],[130.88955,-12.48954],[130.88963,-12.48952],[130.88969,-12.48951],[130.8899,-12.48949],[130.89008,-12.48948]],"asphalt"],[455083059,"service","",[[130.88641,-12.49065],[130.88646,-12.49081],[130.88655,-12.49119],[130.88656,-12.49121],[130.88655,-12.49123],[130.88654,-12.49124],[130.88652,-12.49125],[130.88617,-12.49134],[130.88614,-12.49135],[130.88612,-12.49136],[130.88611,-12.49138],[130.88607,-12.49149]],"asphalt"],[455083062,"unclassified","East Arm Port",[[130.89008,-12.48948],[130.89026,-12.48948],[130.89048,-12.48951],[130.89092,-12.48958],[130.89398,-12.49014],[130.89439,-12.49018],[130.89477,-12.49019],[130.89513,-12.49016],[130.89552,-12.4901],[130.89582,-12.49002],[130.89619,-12.48987],[130.89653,-12.48969],[130.89688,-12.48948],[130.89715,-12.48923],[130.89831,-12.48812]],"asphalt"],[455083066,"service","",[[130.88454,-12.4908],[130.88289,-12.49122],[130.88246,-12.49093],[130.88141,-12.49016],[130.88123,-12.49003],[130.88048,-12.48947],[130.87983,-12.48899],[130.87874,-12.48819],[130.87743,-12.48725],[130.87667,-12.4867]],"asphalt"],[455083068,"service","",[[130.88131,-12.48838],[130.88048,-12.48947]],"asphalt"],[455083070,"service","",[[130.88222,-12.48907],[130.88398,-12.49038],[130.88454,-12.4908]],"asphalt"],[455083072,"service","",[[130.8872,-12.49012],[130.88741,-12.49098]],"asphalt"],[455083073,"service","",[[130.88289,-12.49122],[130.88296,-12.4913],[130.88417,-12.49221],[130.88422,-12.49223],[130.88427,-12.49225],[130.88495,-12.49237],[130.88499,-12.49237],[130.88503,-12.49237],[130.88507,-12.49235],[130.88576,-12.49194],[130.88621,-12.49202],[130.88627,-12.49204],[130.88633,-12.49209],[130.88638,-12.49215],[130.88643,-12.49219],[130.88651,-12.49221],[130.8871,-12.49231],[130.88714,-12.49231],[130.88718,-12.4923],[130.88722,-12.49228],[130.88724,-12.49226],[130.88726,-12.49223],[130.88726,-12.49221],[130.88733,-12.49173],[130.88733,-12.49171],[130.88733,-12.49169],[130.88732,-12.49168],[130.88731,-12.49166],[130.88729,-12.49165],[130.88727,-12.49165],[130.88607,-12.49149],[130.88603,-12.49149],[130.886,-12.49149],[130.88578,-12.49154],[130.88576,-12.49194]],"asphalt"],[455083077,"service","",[[130.88141,-12.49016],[130.88222,-12.48907]],"asphalt"],[455083079,"service","",[[130.88205,-12.48894],[130.88123,-12.49003]],"asphalt"],[467448987,"service","",[[130.89956,-12.48682],[130.90002,-12.48708],[130.90007,-12.48714],[130.90013,-12.48724],[130.90017,-12.48744],[130.90016,-12.48767],[130.90014,-12.48789],[130.90007,-12.48806],[130.89994,-12.4882],[130.89986,-12.48822],[130.89977,-12.48815],[130.89977,-12.48806],[130.89985,-12.48798],[130.90002,-12.48791],[130.9001,-12.48783],[130.90016,-12.48767]]],[675323397,"footway","",[[130.87743,-12.48725],[130.87735,-12.48736]]],[675323398,"path","",[[130.87735,-12.48736],[130.87726,-12.48748]]],[675323399,"footway","",[[130.87726,-12.48748],[130.87721,-12.48755],[130.87688,-12.48731]]],[675323400,"path","",[[130.87688,-12.48731],[130.87681,-12.48726]]],[675323408,"track","",[[130.89715,-12.48923],[130.89729,-12.48783],[130.89724,-12.48744],[130.89684,-12.48679],[130.89584,-12.48512],[130.89527,-12.48409]]],[684289201,"unclassified","Stokes Hill Wharf",[[130.85038,-12.46965],[130.85043,-12.46958],[130.8505,-12.46946],[130.85054,-12.46936],[130.85056,-12.46929],[130.8506,-12.46917],[130.85067,-12.46893],[130.85075,-12.46866],[130.85077,-12.46853],[130.85078,-12.46843],[130.85079,-12.46831],[130.85078,-12.4682],[130.85077,-12.46808],[130.85073,-12.46792],[130.85067,-12.46775],[130.85059,-12.46759]],"asphalt"],[742601441,"service","",[[130.85183,-12.44934],[130.85156,-12.45015],[130.85144,-12.45025]]],[756431010,"service","",[[130.85069,-12.46737],[130.85081,-12.46763]],"asphalt"],[776522793,"service","",[[130.88246,-12.49093],[130.88264,-12.4907],[130.8827,-12.49065],[130.88276,-12.49061],[130.88283,-12.49059],[130.88398,-12.49038]],"asphalt"],[1090363103,"unclassified","Stokes Hill Road",[[130.85059,-12.46759],[130.85051,-12.46745],[130.85046,-12.46738],[130.85042,-12.46732],[130.85036,-12.46726],[130.8503,-12.46719],[130.85024,-12.46714],[130.85022,-12.46712]],"asphalt"],[1180356787,"footway","",[[130.84998,-12.46693],[130.85001,-12.46687],[130.85,-12.46683],[130.85012,-12.46657],[130.85022,-12.4664],[130.85028,-12.46629],[130.8503,-12.46626],[130.85035,-12.46621]],"concrete"],[1180356788,"footway","",[[130.84994,-12.46702],[130.85003,-12.46705],[130.8502,-12.46715],[130.85032,-12.46726],[130.85041,-12.46737],[130.85051,-12.46752],[130.85061,-12.46769],[130.85068,-12.46786],[130.85072,-12.46798],[130.85073,-12.46802],[130.85076,-12.46826],[130.85073,-12.46851],[130.85068,-12.46874],[130.85063,-12.46892],[130.85062,-12.46898],[130.85054,-12.46925],[130.85045,-12.46945],[130.85039,-12.46957],[130.85029,-12.46966],[130.85021,-12.46971]],"concrete"],[1180356789,"footway","",[[130.85063,-12.46892],[130.85067,-12.46893],[130.85071,-12.46894]],