{"v":2,"features":[[1303501674,"path","Murrumbidgee Discovery Trail",[[149.01756,-35.40021],[149.01755,-35.40019],[149.01753,-35.40018],[149.01751,-35.40017],[149.01748,-35.40017],[149.01744,-35.40018],[149.01741,-35.40018],[149.01736,-35.4002],[149.01731,-35.40022],[149.01728,-35.40023],[149.0172,-35.40025],[149.01707,-35.40027],[149.01701,-35.40028],[149.01698,-35.40028],[149.01694,-35.40029],[149.01691,-35.40029],[149.01689,-35.4003],[149.01681,-35.40033],[149.01675,-35.40035],[149.01669,-35.40037],[149.01661,-35.40038],[149.01654,-35.40039],[149.01648,-35.40039],[149.01642,-35.4004],[149.01633,-35.40038],[149.01629,-35.40037],[149.01622,-35.40034],[149.01616,-35.40031],[149.01611,-35.4003],[149.01603,-35.40028],[149.01597,-35.40025],[149.01593,-35.40025],[149.0159,-35.40024],[149.01586,-35.40021],[149.01583,-35.40019],[149.01579,-35.40018],[149.01576,-35.40017],[149.01567,-35.40015],[149.01559,-35.40014],[149.01556,-35.40013],[149.01553,-35.40012],[149.0155,-35.4001],[149.01548,-35.40008],[149.01545,-35.40005],[149.01539,-35.39997],[149.01536,-35.39992],[149.01534,-35.39988],[149.0153,-35.39979],[149.01527,-35.39972],[149.01527,-35.3997],[149.01526,-35.39968]],"unpaved"]]}