{"v":2,"features":[[73208853,"secondary","Cotter Road",[[149.02293,-35.32607],[149.02262,-35.32618],[149.02212,-35.32635],[149.02185,-35.32643],[149.02041,-35.32689],[149.01919,-35.32726],[149.01865,-35.32742],[149.01832,-35.32753],[149.01799,-35.32761],[149.01741,-35.32774],[149.01675,-35.32787],[149.01641,-35.32793],[149.01604,-35.32803],[149.01564,-35.32818],[149.01531,-35.32832],[149.01444,-35.32871],[149.01348,-35.32916],[149.01316,-35.3293],[149.0129,-35.32943],[149.01246,-35.32966],[149.01168,-35.33008],[149.01129,-35.33029],[149.01068,-35.33062],[149.00974,-35.33114],[149.00952,-35.33125],[149.00927,-35.33139],[149.00899,-35.33157],[149.0086,-35.33188],[149.00851,-35.332],[149.00843,-35.33212],[149.00831,-35.33231],[149.00817,-35.33254],[149.00811,-35.3327],[149.00805,-35.33285],[149.00791,-35.33326],[149.0078,-35.33359],[149.00768,-35.33395],[149.00758,-35.33417],[149.0075,-35.33434],[149.00729,-35.33465],[149.00717,-35.3348],[149.00704,-35.33495],[149.00682,-35.33514],[149.00668,-35.33526],[149.00657,-35.33533],[149.00638,-35.33545],[149.00609,-35.3356],[149.00585,-35.3357],[149.00556,-35.33581],[149.00525,-35.33592],[149.00487,-35.33605],[149.00437,-35.33622],[149.00337,-35.33657],[149.00287,-35.33673],[149.00259,-35.33682],[149.00227,-35.3369],[149.00211,-35.33693],[149.00183,-35.33695],[149.00143,-35.33697],[149.00099,-35.337],[149.0007,-35.33704],[149.00031,-35.33712],[148.99985,-35.33725],[148.99969,-35.3373],[148.99941,-35.3374],[148.99902,-35.33753],[148.9986,-35.33767],[148.99819,-35.33782],[148.99763,-35.33801],[148.99732,-35.33812],[148.99715,-35.33816],[148.99697,-35.33821],[148.99661,-35.33826],[148.99631,-35.33828],[148.99597,-35.3383],[148.99554,-35.33831],[148.9949,-35.33832],[148.99356,-35.33835],[148.99316,-35.33835],[148.99295,-35.33834],[148.99248,-35.33827],[148.99102,-35.33797],[148.99046,-35.33786],[148.99016,-35.33779],[148.98988,-35.33769],[148.98969,-35.33759],[148.9895,-35.33745],[148.98935,-35.33732],[148.98916,-35.33715],[148.989,-35.337],[148.98889,-35.3369],[148.98867,-35.33672],[148.98848,-35.3366],[148.98821,-35.33647],[148.98766,-35.33626],[148.9873,-35.33611],[148.9871,-35.33601],[148.98698,-35.33595],[148.98676,-35.33584],[148.98656,-35.33571],[148.98636,-35.33559],[148.98615,-35.33543],[148.986,-35.33532],[148.98578,-35.33515],[148.98556,-35.33496],[148.98533,-35.33476],[148.98516,-35.33462],[148.98496,-35.33448],[148.98475,-35.33437],[148.98458,-35.33428],[148.98433,-35.3342],[148.9841,-35.33413],[148.98386,-35.33406],[148.98346,-35.33397],[148.98316,-35.3339],[148.98297,-35.33386],[148.98263,-35.33378],[148.98238,-35.33372],[148.98211,-35.33363],[148.98193,-35.33356],[148.98171,-35.33345],[148.98149,-35.33331],[148.98125,-35.33315],[148.98086,-35.33287],[148.98052,-35.33265],[148.98025,-35.33245],[148.97996,-35.33226],[148.97982,-35.33216],[148.97961,-35.33204],[148.97939,-35.33192],[148.97912,-35.33182],[148.97884,-35.33175],[148.97862,-35.3317],[148.97844,-35.33168],[148.97805,-35.33164],[148.97757,-35.3316],[148.97689,-35.33156],[148.97567,-35.33151],[148.97505,-35.33148],[148.97465,-35.33146],[148.97402,-35.33142],[148.97315,-35.33143],[148.97297,-35.33144],[148.97256,-35.33149],[148.97218,-35.33156],[148.97165,-35.33167],[148.9714,-35.33172],[148.97107,-35.33179],[148.97076,-35.33183],[148.97038,-35.33185],[148.9701,-35.33185],[148.96983,-35.33182],[148.96954,-35.33178],[148.96924,-35.33171],[148.96891,-35.3316],[148.96872,-35.33153],[148.96852,-35.33144],[148.96827,-35.33131],[148.968,-35.33114],[148.96781,-35.33101],[148.9675,-35.3308],[148.96713,-35.33054],[148.96682,-35.33032],[148.96669,-35.33024],[148.96638,-35.33005],[148.96615,-35.32993],[148.96587,-35.32981],[148.96569,-35.32974],[148.96534,-35.32964],[148.96512,-35.3296],[148.96492,-35.32957],[148.96462,-35.32955],[148.96438,-35.32955],[148.96415,-35.32957],[148.9638,-35.32961],[148.96341,-35.32968],[148.96309,-35.32974],[148.96253,-35.32983],[148.96222,-35.32988],[148.96204,-35.32989],[148.96183,-35.3299],[148.96159,-35.32988],[148.96133,-35.32985],[148.96107,-35.3298],[148.96087,-35.32975],[148.96069,-35.32968],[148.96053,-35.32962],[148.96035,-35.32952],[148.96014,-35.3294]],"asphalt"],[292012233,"track","Cooper Fire Trail",[[149.00287,-35.2967],[149.00247,-35.29704],[149.00242,-35.29709],[149.00227,-35.29722],[149.00095,-35.29839],[149.00074,-35.29864],[149.00065,-35.29877],[149.00055,-35.2989],[149.00045,-35.29905],[149.0004,-35.29919],[149.00034,-35.29942],[149.00028,-35.29959],[149.0002,-35.29975],[149.00014,-35.29986],[149.00005,-35.29999],[148.99975,-35.30031],[148.99961,-35.30049],[148.99946,-35.30071],[148.9994,-35.30083],[148.99932,-35.30112],[148.99925,-35.30129],[148.99902,-35.3017],[148.9989,-35.30193],[148.99887,-35.30204],[148.99884,-35.30216],[148.99885,-35.30217],[148.99885,-35.30229],[148.99893,-35.3029],[148.99894,-35.30304],[148.99892,-35.30317],[148.99886,-35.30338],[148.99872,-35.30378],[148.99859,-35.30409],[148.99853,-35.30422],[148.99847,-35.30431],[148.99839,-35.30439],[148.99824,-35.30454],[148.9981,-35.30468],[148.99803,-35.30475],[148.99792,-35.30488],[148.99786,-35.30499],[148.99778,-35.30511],[148.99773,-35.30524],[148.99773,-35.30526],[148.99765,-35.30552],[148.99743,-35.30612],[148.99742,-35.30623],[148.9974,-35.30634],[148.9974,-35.30646],[148.99744,-35.3066],[148.99752,-35.30681],[148.99762,-35.30708],[148.99765,-35.30721],[148.99768,-35.30746],[148.99773,-35.30787],[148.99776,-35.30804],[148.99812,-35.30858],[148.99822,-35.30872],[148.99826,-35.30884],[148.99834,-35.30905],[148.99836,-35.30914],[148.99835,-35.30922],[148.99835,-35.30923],[148.99832,-35.30929],[148.99822,-35.30939],[148.99805,-35.30954],[148.99795,-35.30965],[148.99792,-35.30971],[148.9979,-35.30978],[148.99785,-35.30993],[148.99778,-35.31025],[148.99776,-35.31036],[148.99777,-35.31045],[148.99778,-35.31053],[148.99787,-35.31076],[148.99793,-35.31094],[148.99801,-35.31112],[148.99811,-35.31137],[148.99833,-35.31203],[148.99838,-35.3121],[148.99845,-35.31217],[148.99854,-35.31223],[148.99865,-35.31227],[148.99897,-35.31242],[148.9991,-35.31245],[148.99921,-35.31245],[148.99935,-35.31245],[148.9995,-35.31247],[148.99964,-35.31249],[148.99981,-35.31255],[148.99995,-35.31263],[149.00012,-35.31279],[149.00017,-35.31287],[149.0002,-35.31296],[149.0002,-35.31303],[149.00017,-35.31311],[149.00015,-35.31314],[149.00009,-35.3132],[148.99983,-35.31336],[148.99964,-35.31349],[148.99949,-35.31361],[148.9993,-35.31379],[148.99912,-35.314],[148.99903,-35.31416],[148.99898,-35.31426],[148.99897,-35.31437],[148.99897,-35.31446],[148.99911,-35.31473],[148.99925,-35.31502],[148.99932,-35.31521],[148.99942,-35.31555],[148.99948,-35.31571],[148.9996,-35.31595],[148.99966,-35.31608],[148.99968,-35.31613],[148.99969,-35.31619],[148.99963,-35.31654],[148.99953,-35.31698],[148.99953,-35.31705],[148.99956,-35.31715],[148.99968,-35.31744],[148.9997,-35.31751],[148.99971,-35.31759],[148.99968,-35.31773],[148.99964,-35.31794],[148.99962,-35.31812],[148.99964,-35.3182],[148.99968,-35.31828],[148.99977,-35.31842],[148.9998,-35.31848],[148.99982,-35.31855],[148.99982,-35.31865],[148.99982,-35.31891],[148.99981,-35.319],[148.99979,-35.3191],[148.99975,-35.31921],[148.9997,-35.31932],[148.99963,-35.31944],[148.99957,-35.31951],[148.99948,-35.31959],[148.99932,-35.31968],[148.99916,-35.31977],[148.99905,-35.31985],[148.99889,-35.31999],[148.99878,-35.32009],[148.99868,-35.32022],[148.99857,-35.32037],[148.99846,-35.32059],[148.99831,-35.32082],[148.99828,-35.32085],[148.99799,-35.321],[148.99785,-35.32109],[148.99772,-35.32119],[148.99756,-35.32134],[148.99736,-35.32153],[148.99725,-35.32166],[148.9971,-35.32186],[148.9968,-35.32229],[148.99616,-35.32328],[148.99615,-35.3233],[148.99613,-35.32348],[148.99603,-35.32374],[148.99568,-35.32419],[148.99558,-35.32458],[148.99541,-35.32516],[148.99513,-35.32547],[148.99481,-35.32584],[148.99465,-35.32619],[148.99445,-35.32652],[148.99442,-35.32658],[148.99441,-35.32702],[148.99451,-35.32748],[148.99453,-35.32787]],