{"v":2,"features":[[47653697,"tertiary","Uriarra Road",[[148.95889,-35.24911],[148.95978,-35.25062],[148.95989,-35.25083],[148.95999,-35.25111],[148.96004,-35.25134],[148.96005,-35.25165],[148.96002,-35.252],[148.95979,-35.25294],[148.95974,-35.25331],[148.95976,-35.2537],[148.95983,-35.25403],[148.95996,-35.25442],[148.96101,-35.25679],[148.96109,-35.25699],[148.96112,-35.25717],[148.96112,-35.25736],[148.96109,-35.25753],[148.96104,-35.25769],[148.96081,-35.25817],[148.9607,-35.2584],[148.96064,-35.2586],[148.9606,-35.25878],[148.9606,-35.25899],[148.96063,-35.2592],[148.96096,-35.26072],[148.96105,-35.26106],[148.96114,-35.26126],[148.9613,-35.26156],[148.96147,-35.26184],[148.96195,-35.26259],[148.96259,-35.26358],[148.9628,-35.26387],[148.96321,-35.26435],[148.96359,-35.26478],[148.96417,-35.26542],[148.96542,-35.26677],[148.96561,-35.26701],[148.96574,-35.2672],[148.96585,-35.2674],[148.96595,-35.26759],[148.96632,-35.26843],[148.96706,-35.27005],[148.96722,-35.27033],[148.96731,-35.27045],[148.9674,-35.27057],[148.96759,-35.27078],[148.96782,-35.27099],[148.96822,-35.27128],[148.96954,-35.27218],[148.96991,-35.27246],[148.97012,-35.27264],[148.97033,-35.27286],[148.97049,-35.27307],[148.97062,-35.27328],[148.97074,-35.27351],[148.97109,-35.27428],[148.97134,-35.27475],[148.97151,-35.275],[148.97165,-35.27517],[148.97183,-35.27542],[148.97222,-35.27582],[148.9726,-35.27619],[148.97289,-35.27648],[148.97319,-35.27682],[148.97345,-35.27715],[148.97362,-35.27741],[148.97402,-35.27809],[148.97434,-35.27856],[148.97463,-35.27892],[148.97504,-35.27938],[148.97522,-35.27957],[148.97536,-35.27977],[148.97549,-35.27998],[148.97561,-35.28027],[148.97577,-35.28084],[148.97588,-35.28115],[148.97605,-35.28153],[148.97626,-35.28187],[148.97653,-35.28225],[148.97669,-35.28243],[148.97698,-35.28271],[148.97776,-35.28335],[148.97799,-35.28356],[148.97815,-35.28374],[148.97831,-35.28396],[148.97836,-35.28406],[148.97844,-35.28423],[148.97851,-35.28439],[148.97857,-35.28461],[148.97869,-35.28533],[148.97878,-35.28584],[148.97883,-35.28607],[148.97891,-35.28633],[148.97907,-35.28669],[148.97917,-35.28689],[148.97935,-35.28714],[148.97955,-35.28736],[148.97976,-35.28755],[148.98066,-35.2883],[148.98083,-35.28845],[148.98189,-35.28955],[148.98211,-35.28971],[148.98231,-35.28984],[148.98259,-35.28997],[148.98337,-35.29028],[148.98354,-35.29035],[148.98377,-35.29046],[148.98405,-35.29062],[148.98427,-35.29078],[148.98449,-35.29095],[148.98467,-35.29113],[148.98478,-35.29124],[148.98491,-35.29139],[148.98514,-35.29168],[148.98591,-35.29272],[148.98619,-35.29304],[148.98644,-35.29328],[148.98679,-35.29353],[148.98698,-35.29365],[148.98723,-35.29377],[148.98759,-35.2939],[148.98796,-35.29401],[148.98844,-35.29407],[148.98877,-35.29409],[148.98905,-35.29408],[148.98931,-35.29405],[148.98959,-35.294],[148.98985,-35.29395],[148.99034,-35.29381],[148.99142,-35.29351],[148.99184,-35.29343],[148.99223,-35.29339],[148.99259,-35.29338],[148.99298,-35.29339],[148.99341,-35.29344],[148.99375,-35.29349],[148.99447,-35.29365],[148.99489,-35.29374],[148.9953,-35.29381],[148.99561,-35.29385],[148.99709,-35.294],[148.99759,-35.29406],[148.99789,-35.29411],[148.99819,-35.29417],[148.99851,-35.29427],[148.9988,-35.29438],[148.99925,-35.29456],[148.99984,-35.29482],[149.00114,-35.29541]],"paved"],[668996127,"track","Pipe Flat",[[148.99988,-35.25585],[148.99988,-35.25584],[148.99987,-35.25581],[148.99976,-35.25561],[148.99973,-35.25549],[148.99988,-35.25528],[149.00007,-35.25506],[149.00005,-35.25487],[149.00004,-35.25471],[148.99988,-35.25459],[148.99967,-35.25454],[148.99948,-35.25462],[148.99923,-35.25475],[148.99902,-35.25492],[148.99886,-35.25499],[148.99873,-35.25498],[148.99862,-35.25493],[148.99855,-35.25484],[148.99852,-35.25465],[148.99848,-35.25446],[148.99841,-35.2543],[148.99828,-35.25415],[148.99814,-35.25406],[148.99804,-35.25404],[148.99789,-35.25407],[148.99772,-35.25415],[148.99752,-35.25429],[148.99733,-35.25444],[148.99725,-35.25446],[148.99717,-35.25441],[148.99672,-35.25403],[148.99632,-35.25363],[148.996,-35.25329],[148.99566,-35.25311],[148.99527,-35.25296],[148.9946,-35.25279],[148.99404,-35.25264],[148.99377,-35.25254],[148.99357,-35.25229],[148.99344,-35.25209],[148.99325,-35.25178],[148.99294,-35.25136],[148.99249,-35.25081],[148.99217,-35.25038],[148.99189,-35.24993],[148.9917,-35.24957],[148.99141,-35.24907],[148.99093,-35.24818],[148.99006,-35.24672],[148.98995,-35.24652],[148.98887,-35.24459],[148.98843,-35.24386],[148.98824,-35.24354],[148.98815,-35.24339]],"gravel"],[672439110,"track","",[[148.99604,-35.30031],[148.99616,-35.30036],[148.99626,-35.30036],[148.99643,-35.30033],[148.99744,-35.30008],[148.99756,-35.30004],[148.99779,-35.29989],[148.99789,-35.29984],[148.998,-35.2998],[148.99819,-35.29975],[148.99889,-35.2996],[148.99911,-35.29954],[148.99936,-35.29945],[148.99956,-35.29937],[148.99983,-35.29929],[149.00025,-35.29913],[149.00045,-35.29905]],"gravel"],[730883231,"track","",[[149.00383,-35.29409],[149.00372,-35.29405],[149.00358,-35.29399],[149.0034,-35.2939],[149.0033,-35.29381],[149.00293,-35.29341],[149.00267,-35.29319],[149.00264,-35.29311],[149.00263,-35.293],[149.00267,-35.2927],[149.00267,-35.29261],[149.00241,-35.29185],[149.00233,-35.29172],[149.00224,-35.29161],[149.00218,-35.29157],[149.0021,-35.2915],[149.00173,-35.29128],[149.00107,-35.2908],[149.00073,-35.29052],[149.00031,-35.29018],[149.00006,-35.28997],[148.99975,-35.28974],[148.99955,-35.28949],[148.99947,-35.28932],[148.99946,-35.28925],[148.99942,-35.28916],[148.99931,-35.28904],[148.99915,-35.28879],[148.999,-35.28854],[148.99892,-35.28834],[148.99885,-35.28818],[148.99878,-35.28806],[148.99862,-35.2879],[148.99859,-35.28786],[148.99821,-35.28759],[148.99768,-35.28723],[148.99707,-35.28679],[148.99696,-35.28668],[148.99689,-35.28648],[148.99673,-35.2862],[148.99671,-35.28603],[148.9967,-35.28583],[148.99662,-35.28556],[148.99662,-35.28546],[148.99665,-35.28533],[148.99663,-35.2852],[148.99656,-35.28501],[148.9965,-35.28469],[148.99651,-35.2846],[148.99663,-35.28433],[148.99669,-35.28418],[148.99669,-35.28406],[148.99665,-35.28397],[148.99647,-35.2837]]],[764631049,"track","",[[148.99089,-35.30054],[148.99121,-35.30042],[148.99137,-35.30031],[148.99139,-35.30027],[148.99144,-35.30013],[148.99154,-35.30004],[148.99241,-35.29929],[148.99332,-35.29859],[148.99395,-35.29842],[148.99478,-35.29811],[148.99575,-35.29805],[148.99688,-35.29807],[148.99745,-35.29814],[148.99788,-35.29818],[148.99913,-35.2983],[149.00034,-35.29853],[149.00074,-35.29864]]],[888362716,"path","",[[149.00174,-35.25896],[149.00146,-35.25894],[149.00133,-35.25892],[149.00115,-35.25894],[149.001,-35.25894],[149.00092,-35.25895],[149.00063,-35.25891],[149.00042,-35.25883],[149.00029,-35.25874],[149.00015,-35.25868],[149.00001,-35.2586],[148.99987,-35.25847],[148.9998,-35.25839],[148.99973,-35.25831],[148.99942,-35.25809],[148.99923,-35.25795],[148.99915,-35.25786],[148.99889,-35.25767],[148.99882,-35.25756],[148.99842,-35.25752],[148.99775,-35.25751],[148.99753,-35.25728],[148.99711,-35.2573],[148.99684,-35.25722],[148.99651,-35.25729],[148.99643,-35.25732],[148.99637,-35.25734],[148.99628,-35.25732],[148.99606,-35.25739],[148.99598,-35.25743],[148.99578,-35.25762],[148.99565,-35.25775],[148.99542,-35.2579],[148.99532,-35.25796],[148.99521,-35.25804],[148.99514,-35.25817],[148.99488,-35.25891],[148.99483,-35.2591],[148.99478,-35.25937],[148.99471,-35.25953],[148.99448,-35.25977],[148.99434,-35.25982],[148.9942,-35.25985],[148.99406,-35.25987],[148.9939,-35.25986]],"dirt"]],"nodeAttrs":{"-35.289250,148.999460":{"barrier":true},"-35.287900,148.998620":{"barrier":true},"-35.284060,148.996690":{"barrier":true},"-35.255840,148.999880":{"barrier":true},"-35.252090,148.993440":{"barrier":true}}}