{"v":2,"features":[[399236600,"residential","",[[139.59968,35.59996],[139.59978,35.59999],[139.60029,35.6002]]],[966297497,"footway","",[[139.60085,35.60004],[139.60081,35.60002],[139.60067,35.59997],[139.60054,35.59991],[139.60047,35.59988],[139.59998,35.59967],[139.59961,35.59951],[139.59955,35.59948],[139.59954,35.59946],[139.59954,35.59944],[139.59955,35.59943]]]],"nodeAttrs":{"35.599210,139.597650":{"trafficSignal":true},"35.599850,139.594370":{"trafficSignal":true},"35.599330,139.599040":{"trafficSignal":true}}}