{"v":2,"features":[[27093997,"residential","",[[139.66581,35.6004],[139.66575,35.60035],[139.66515,35.59979],[139.66458,35.59925],[139.66454,35.59922],[139.66449,35.59918]],"paved"],[27095408,"primary","環八通り",[[139.66756,35.60011],[139.66768,35.60008],[139.66829,35.59995],[139.66867,35.59987],[139.66878,35.59984],[139.66886,35.59982],[139.66905,35.59975],[139.66921,35.59968],[139.66936,35.5996],[139.66953,35.59951],[139.66967,35.59942],[139.66978,35.59933],[139.66991,35.59923]],"asphalt"],[27095634,"primary","環八通り",[[139.67645,35.59099],[139.67601,35.59159],[139.67598,35.59162],[139.67592,35.59171],[139.67587,35.59178],[139.67528,35.59265],[139.67495,35.59312],[139.67473,35.59344],[139.67467,35.59352],[139.67462,35.5936],[139.67447,35.59379],[139.67412,35.59427],[139.67408,35.59433],[139.67355,35.59494],[139.67347,35.59503],[139.67321,35.59532],[139.67305,35.5955],[139.67298,35.59559],[139.6729,35.59567],[139.6723,35.59635],[139.67175,35.59698],[139.67135,35.59747],[139.67088,35.59801],[139.67084,35.59806],[139.67077,35.59814],[139.67007,35.59894],[139.66992,35.5991],[139.66975,35.59925],[139.66951,35.59943],[139.66939,35.5995],[139.6693,35.59955],[139.6692,35.59959],[139.66912,35.59963],[139.66896,35.59968],[139.66881,35.59973],[139.66871,35.59976],[139.6686,35.59978],[139.66819,35.59987],[139.66763,35.6],[139.66755,35.60002]],"asphalt"],[27720086,"residential","",[[139.68527,35.60019],[139.68464,35.60001],[139.6837,35.59975],[139.68366,35.59973],[139.68361,35.59972]],"paved"],[27720094,"service","",[[139.68732,35.60034],[139.68745,35.60007],[139.68759,35.59973],[139.68762,35.59967]],"paved"],[46492261,"service","",[[139.68238,35.59788],[139.68239,35.59812],[139.68239,35.59832],[139.68238,35.59839],[139.68237,35.59842],[139.68236,35.59848],[139.68234,35.59863],[139.6823,35.59881],[139.68225,35.59904],[139.68221,35.59924],[139.68216,35.59942],[139.68213,35.59949],[139.68208,35.59957],[139.68199,35.5997],[139.68198,35.59971],[139.68189,35.59982],[139.68177,35.59997],[139.6816,35.60017],[139.68147,35.6003],[139.68134,35.60046],[139.68115,35.60066]],"asphalt;paving_stones"],[59539544,"residential","",[[139.67777,35.60365],[139.67777,35.60343],[139.67777,35.6034],[139.67777,35.60336],[139.67777,35.60253],[139.67777,35.6025],[139.67778,35.60245],[139.67778,35.602],[139.67778,35.60196],[139.67779,35.60134],[139.67779,35.60123],[139.67784,35.6006],[139.67784,35.60057],[139.67785,35.60053],[139.67788,35.60015],[139.67793,35.59956],[139.67793,35.59953],[139.67793,35.5995],[139.67797,35.59922],[139.67798,35.59912],[139.67802,35.59882],[139.67802,35.5988],[139.67803,35.59877],[139.67802,35.59872],[139.67796,35.59852],[139.67794,35.59845],[139.67789,35.59823],[139.67788,35.59819],[139.67781,35.59791],[139.67781,35.59789],[139.6778,35.59786],[139.67769,35.59742],[139.67767,35.59732],[139.6776,35.59727],[139.67751,35.59722],[139.67693,35.59695]],"paved"],[91375922,"residential","",[[139.65093,35.5998],[139.65099,35.59991],[139.65121,35.60027]],"asphalt"],[94870807,"unclassified","",[[139.66749,35.59817],[139.66748,35.5982],[139.66748,35.59842],[139.66748,35.59879],[139.66749,35.59885],[139.66749,35.59891],[139.66762,35.59994],[139.66763,35.6]],"asphalt"],[107093566,"residential","",[[139.69418,35.60052],[139.69441,35.60023],[139.69491,35.59961],[139.69494,35.59957],[139.69497,35.59953]],"paved"],[107093592,"residential","",[[139.69352,35.59786],[139.69355,35.59789],[139.69358,35.59793],[139.69382,35.59821],[139.69386,35.59825],[139.69413,35.59857],[139.69438,35.59885],[139.69441,35.59889],[139.6947,35.59922],[139.69494,35.59949],[139.69497,35.59953],[139.69553,35.60017]],"paved"],[107093615,"unclassified","",[[139.69742,35.59797],[139.69731,35.59809],[139.69711,35.5983],[139.69689,35.59853],[139.69687,35.59856],[139.69678,35.59865],[139.69654,35.5989],[139.69645,35.59902],[139.69623,35.59929],[139.69596,35.59963],[139.69553,35.60017]]],[107127728,"residential","",[[139.69441,35.60023],[139.69404,35.60004],[139.69366,35.59983],[139.69329,35.59963],[139.69296,35.59946],[139.69291,35.59943],[139.6926,35.59927],[139.6925,35.59922],[139.69225,35.59908],[139.69222,35.59906],[139.69216,35.59904]],"paved"],[107215348,"residential","",[[139.68953,35.59935],[139.68926,35.59997],[139.68924,35.60004]],"asphalt"],[114075774,"service","",[[139.67204,35.60008],[139.67202,35.59984],[139.67199,35.59953]],"asphalt"],[114081965,"residential","",[[139.68036,35.6006],[139.68036,35.60053],[139.68036,35.60013],[139.68037,35.59965],[139.68037,35.59946],[139.68024,35.59935],[139.68024,35.59929],[139.68023,35.59901],[139.68023,35.59876]]],[114081971,"tertiary","",[[139.6808,35.60057],[139.68081,35.60052],[139.68082,35.60049],[139.68088,35.60014],[139.68088,35.6001],[139.68096,35.59967],[139.68096,35.59964],[139.68101,35.5993],[139.6811,35.59875],[139.68119,35.59816]]],[114252707,"tertiary","",[[139.69908,35.60013],[139.69907,35.60006],[139.69904,35.59998],[139.69898,35.59973],[139.69893,35.59949]],"paved"],[114252771,"residential","",[[139.6965,35.60068],[139.69648,35.59962]]],[126379299,"residential","",[[139.6556,35.59896],[139.65597,35.59953],[139.65599,35.59956],[139.65665,35.60056]]],[126379333,"residential","",[[139.65896,35.60085],[139.65846,35.60074],[139.65799,35.59996],[139.6577,35.59945]]],[198986968,"residential","",[[139.68258,35.60002],[139.68257,35.6],[139.68251,35.59984],[139.68229,35.5998],[139.68225,35.59979],[139.68214,35.59975]]],[198987084,"footway","",[[139.69194,35.60013],[139.69205,35.59992]],"asphalt"],[233747689,"service","",[[139.69404,35.60004],[139.6947,35.59922]]],[233747690,"service","",[[139.69301,35.6002],[139.69329,35.59963],[139.69382,35.59898],[139.69413,35.59857]]],[254070111,"unclassified","",[[139.65931,35.6],[139.65967,35.59996],[139.65969,35.59995],[139.66031,35.59981],[139.66072,35.59967],[139.66088,35.59952],[139.66097,35.59943],[139.66104,35.59925]]],[259147729,"residential","",[[139.69002,35.5995],[139.69016,35.59978],[139.69034,35.59993],[139.69038,35.60004],[139.6904,35.6001]],"asphalt"],[657089090,"footway","",[[139.6673,35.59999],[139.66729,35.59994],[139.66731,35.59994],[139.66732,35.60002],[139.66726,35.60002]],"concrete"],[989272781,"footway","",[[139.68914,35.60016],[139.68839,35.59995]],"paving_stones"],[1346642725,"residential","",[[139.67668,35.60137],[139.67673,35.60097],[139.6768,35.60052],[139.67686,35.60007],[139.67687,35.60001],[139.67693,35.59962],[139.67699,35.5992],[139.67702,35.59904],[139.67704,35.59892],[139.67702,35.59887],[139.67695,35.59856],[139.67686,35.59832],[139.67676,35.59803],[139.67651,35.59775],[139.6764,35.59762],[139.67635,35.59759]],"asphalt"],[1354098502,"footway","",[[139.66834,35.60001],[139.66835,35.6],[139.66882,35.5999],[139.66885,35.59991]]]],"nodeAttrs":{"35.599410,139.654810":{"crossingMarked":true},"35.599470,139.654770":{"crossingMarked":true},"35.599950,139.655000":{"crossingMarked":true},"35.599780,139.664160":{"trafficSignal":true},"35.599900,139.668890":{"crossingMarked":true},"35.599940,139.667620":{"crossingMarked":true},"35.599220,139.664540":{"crossingMarked":true},"35.599710,139.669660":{"crossingMarked":true},"35.595590,139.672980":{"trafficSignal":true},"35.593600,139.674620":{"crossingMarked":true},"35.593520,139.674670":{"trafficSignal":true},"35.591780,139.675870":{"crossingMarked":true},"35.593440,139.674730":{"crossingMarked":true},"35.595500,139.673050":{"crossingMarked":true},"35.591620,139.675980":{"crossingMarked":true},"35.591590,139.676010":{"trafficSignal":true},"35.595670,139.672900":{"crossingUnmarked":true},"35.599470,139.673140":{"trafficSignal":true},"35.598060,139.670840":{"crossingMarked":true},"35.599370,139.674390":{"crossingMarked":true},"35.599550,139.673110":{"crossingMarked":true},"35.599720,139.674370":{"crossingMarked":true},"35.599460,139.673630":{"crossingMarked":true},"35.598010,139.670880":{"trafficSignal":true},"35.598610,139.679110":{"crossingMarked":true},"35.598480,139.682360":{"crossingMarked":true},"35.599770,139.682130":{"crossingMarked":true},