{"v":2,"features":[[4854101,"trunk","東京湾岸道路",[[139.75484,35.59268],[139.75483,35.59333],[139.75484,35.59525],[139.75483,35.59555],[139.75486,35.59809],[139.75486,35.5989],[139.75487,35.60181]]],[24059952,"tertiary","東京港臨港道路青海縦貫線",[[139.79585,35.60034],[139.79671,35.59928]],"asphalt"],[96782140,"tertiary","中防内4号線",[[139.79757,35.60097],[139.79771,35.6008],[139.79792,35.60053],[139.79798,35.60047],[139.79842,35.59993],[139.79878,35.59949],[139.79881,35.59945],[139.79911,35.59909],[139.79915,35.59903],[139.79955,35.59854],[139.79961,35.59847]]],[115576511,"service","",[[139.75665,35.60941],[139.7568,35.60913],[139.75681,35.60908],[139.75682,35.60901],[139.75683,35.60853],[139.75684,35.60845],[139.75691,35.60806],[139.75706,35.60732],[139.75708,35.6071],[139.75712,35.60593],[139.75713,35.60583],[139.75716,35.60574],[139.75726,35.60539],[139.7573,35.60524],[139.75734,35.60509],[139.75737,35.6049],[139.75739,35.60475],[139.7574,35.60454],[139.7574,35.60434],[139.7574,35.6036],[139.7574,35.60319],[139.75742,35.60287],[139.75742,35.60274],[139.75742,35.602],[139.75742,35.60171],[139.75743,35.60138],[139.75743,35.60124],[139.75744,35.60099],[139.75745,35.60084],[139.75747,35.60041],[139.75749,35.60007],[139.7575,35.59996],[139.75751,35.59986],[139.75754,35.59973],[139.75762,35.59947],[139.75781,35.5989],[139.75788,35.59865],[139.75793,35.59845],[139.75795,35.59837],[139.75795,35.59828],[139.75795,35.59741],[139.75796,35.59705],[139.75796,35.59667],[139.75797,35.59655],[139.75798,35.59646],[139.75799,35.59625],[139.75799,35.596],[139.75798,35.59564],[139.75796,35.59559],[139.75794,35.59555],[139.75787,35.59548],[139.75782,35.59542],[139.75778,35.59536],[139.75768,35.59504],[139.75766,35.59497],[139.75765,35.59489],[139.75766,35.59459],[139.75765,35.59452],[139.75765,35.59445],[139.75764,35.59436],[139.75761,35.59426],[139.75755,35.59408],[139.75751,35.59394],[139.75748,35.59383],[139.75746,35.59374],[139.75745,35.59364],[139.75743,35.59343],[139.75743,35.59317],[139.75743,35.5931],[139.75747,35.59307],[139.75756,35.59301]]],[162938291,"footway","",[[139.75291,35.60006],[139.75291,35.59988],[139.75291,35.59971],[139.7529,35.5996],[139.753,35.59943],[139.75305,35.59941],[139.75312,35.5994],[139.75317,35.59937],[139.75321,35.59934],[139.75327,35.59923],[139.75332,35.59904],[139.75333,35.59899],[139.75335,35.59874],[139.75334,35.59859],[139.75332,35.5985],[139.75325,35.59844],[139.75316,35.59834],[139.75328,35.5983],[139.75332,35.59824],[139.75332,35.59772],[139.75296,35.59753],[139.75288,35.59753],[139.75287,35.59752],[139.75286,35.5975],[139.75286,35.59748]]],[232012891,"tertiary","",[[139.75436,35.60018],[139.75436,35.59974],[139.75436,35.59973],[139.75436,35.59969],[139.75436,35.59881],[139.75436,35.5986],[139.75435,35.59793],[139.75435,35.59783],[139.75434,35.59779],[139.75433,35.59775],[139.75432,35.5977],[139.7543,35.59766],[139.75427,35.59762],[139.75424,35.59758],[139.7542,35.59754],[139.75418,35.59752],[139.75414,35.59748],[139.75409,35.59745],[139.75402,35.59741],[139.75396,35.59739],[139.7539,35.59737],[139.75385,35.59736],[139.75379,35.59736],[139.75372,35.59735],[139.75364,35.59735],[139.75291,35.59734],[139.7527,35.59734],[139.75135,35.59734],[139.75123,35.59734]]],[232012894,"footway","",[[139.75296,35.59773],[139.75295,35.59776],[139.75294,35.59778],[139.75293,35.59781],[139.75292,35.59782],[139.75293,35.59813],[139.75293,35.59814],[139.75293,35.59815],[139.75294,35.59816],[139.75295,35.59818],[139.75296,35.59819],[139.75311,35.59831],[139.75316,35.59834],[139.75299,35.59846],[139.75292,35.59853],[139.7529,35.59861],[139.75292,35.59884],[139.75292,35.59903],[139.7529,35.59917],[139.75289,35.59922],[139.75289,35.59935],[139.75288,35.59944],[139.75275,35.59947],[139.75211,35.59946],[139.75209,35.59992],[139.75184,35.59993],[139.75183,35.6001],[139.75152,35.6001],[139.75132,35.60006],[139.75116,35.60004]]],[266086993,"trunk","東京湾岸道路",[[139.75582,35.60666],[139.75581,35.60611],[139.75581,35.60571],[139.75578,35.60504],[139.75578,35.60436],[139.75578,35.60396],[139.75577,35.60372],[139.75577,35.60244],[139.75577,35.60175],[139.75577,35.60126],[139.75577,35.60054],[139.75576,35.59987],[139.75576,35.59867],[139.75575,35.59691],[139.75575,35.5961],[139.75575,35.59556],[139.75575,35.59488],[139.75574,35.59381],[139.75574,35.59313],[139.75574,35.59285],[139.75574,35.59259],[139.75573,35.59219],[139.75574,35.59175],[139.75573,35.59097],[139.75573,35.59016],[139.75568,35.5893]],"asphalt"],[405798903,"tertiary","",[[139.76911,35.594],[139.769,35.59403],[139.76894,35.59405],[139.76889,35.59409],[139.76878,35.59423],[139.76758,35.59582],[139.7675,35.59593],[139.76736,35.59612],[139.76526,35.59893],[139.7652,35.59901],[139.76507,35.59919],[139.76331,35.60154],[139.7632,35.60166],[139.76314,35.60169],[139.76307,35.60171],[139.76301,35.6017],[139.76275,35.60166]]],[423583540,"footway","",[[139.75057,35.60003],[139.75056,35.5994],[139.75051,35.5994],[139.75042,35.5994],[139.75029,35.5994]]],[821270981,"tertiary","中防内4号線",[[139.79944,35.59848],[139.79904,35.59898],[139.79869,35.59941],[139.79831,35.59988],[139.79791,35.60037],[139.79785,35.60044],[139.79748,35.60091]]],[925024781,"service","",[[139.7614,35.59489],[139.7614,35.59534],[139.76133,35.5963],[139.76119,35.59728],[139.76114,35.59759],[139.76113,35.59761],[139.76111,35.59764],[139.76103,35.59772],[139.76099,35.59777],[139.76097,35.59785],[139.76083,35.59852],[139.76073,35.59904],[139.7607,35.59918],[139.76058,35.59979],[139.76048,35.60036],[139.76047,35.6004],[139.76035,35.60073],[139.76029,35.6009],[139.76025,35.60126],[139.75996,35.60189],[139.75954,35.60253],[139.75876,35.60432],[139.75875,35.60438],[139.75864,35.60558]],"paved"],[990655383,"service","",[[139.76452,35.60193],[139.76629,35.59961],[139.76613,35.59955]],"paved"],[1118075217,"footway","",[[139.76316,35.59818],[139.7628,35.59866],[139.76269,35.59884],[139.76262,35.59898],[139.76256,35.59913],[139.7619,35.60117],[139.76189,35.60121]],"asphalt"],[1294924013,"footway","",[[139.79749,35.59881],[139.79728,35.59906],[139.79709,35.59929],[139.79713,35.59931],[139.79705,35.5994],[139.79697,35.5995],[139.79701,35.59964],[139.79782,35.60008],[139.79795,35.60005],[139.79804,35.59993],[139.79837,35.59953]]],[1307261739,"footway","",[[139.75302,35.59739],[139.75371,35.59739],[139.75377,35.59739],[139.75381,35.5974],[139.75386,35.59741],[139.75391,35.59743],[139.75396,35.59744],[139.75401,35.59746],[139.75407,35.5975],[139.75411,35.59753],[139.75416,35.59756],[139.75419,35.5976],[139.75422,35.59764],[139.75425,35.59769],[139.75427,35.59773],[139.75429,35.59778],[139.75429,35.59782],[139.7543,35.59786],[139.75431,35.59973],[139.75432,35.60134],[139.75437,35.60134]],"asphalt"],[1373612632,"service","",[[139.7631,35.59796],[139.763,35.5981],[139.76275,35.59843],[139.76262,35.59861],[139.76249,35.5988],[139.76241,35.59896],[139.76236,35.59908],[139.76228,35.59933],[139.76172,35.60112],[139.76166,35.6013]],"asphalt"],[1373612640,"primary","日本橋芝浦大森線",[[139.76292,35.59788],[139.7629,35.59791],[139.76282,35.59801],[139.76257,35.59834],[139.76243,35.59852],[139.76237,35.59863],[139.7623,35.59873],[139.76222,35.5989],[139.76216,35.59903],[139.76208,35.59929],[139.76151,35.60108],[139.76146,35.60124]],"asphalt"],[1373612649,"primary","日本橋芝浦大森線",[[139.76176,35.60134],[139.76182,35.60115],[139.76238,35.59938],[139.76247,35.59911],[139.76253,35.59896],[139.76261,35.59882],[139.76273,35.59863],[139.76286,35.59845],[139.76309,35.59815],[139.76319,35.59801]],