{"v":2,"features":[[33682414,"unclassified","",[[139.60032,35.64099],[139.5997,35.64093],[139.59957,35.64091],[139.599,35.64085],[139.59893,35.64084]],"paved"],[35583049,"footway","",[[139.60028,35.61977],[139.60026,35.61972],[139.59993,35.6198],[139.59991,35.61976],[139.59991,35.61972],[139.6008,35.61936]],"paved"],[35947290,"tertiary","",[[139.59874,35.64201],[139.59881,35.64201],[139.59945,35.64209],[139.5995,35.6421],[139.60009,35.64216],[139.60015,35.64217]]],[36962309,"residential","",[[139.59317,35.64189],[139.59409,35.64212],[139.59453,35.64223],[139.59497,35.64234],[139.59592,35.64259],[139.59689,35.64284],[139.59775,35.64295],[139.5985,35.64303],[139.59855,35.64302],[139.59932,35.64312],[139.59936,35.64312],[139.60004,35.6432]],"paved"],[40087785,"unclassified","",[[139.59899,35.64052],[139.59961,35.64069],[139.60034,35.6409]],"paved"],[42401577,"residential","",[[139.60001,35.63865],[139.59996,35.63863],[139.59908,35.63836],[139.5982,35.63809],[139.59811,35.63806]],"paved"],[42402428,"residential","",[[139.6001,35.63499],[139.59979,35.63498],[139.59942,35.63497],[139.59942,35.63469],[139.59943,35.63444]]],[42402467,"residential","",[[139.60014,35.63458],[139.60001,35.63448],[139.59994,35.63445],[139.59981,35.63444],[139.59943,35.63444],[139.59936,35.63444],[139.59888,35.63443],[139.59873,35.63444],[139.59822,35.6349],[139.59824,35.63493],[139.59831,35.63508],[139.5984,35.63525],[139.5987,35.63581],[139.59905,35.63639],[139.59952,35.63701]]],[42406975,"cycleway","",[[139.60036,35.63146],[139.60001,35.63167],[139.59948,35.63198],[139.59918,35.63215],[139.59861,35.6325],[139.59829,35.63269],[139.5981,35.6328],[139.59807,35.63283],[139.59648,35.63378],[139.59645,35.6338],[139.59642,35.63382],[139.59595,35.63409],[139.59567,35.63425],[139.59532,35.63446],[139.5949,35.63471],[139.5944,35.63501],[139.59418,35.63513],[139.59417,35.63516],[139.59414,35.63522]]],[45571764,"residential","",[[139.59989,35.6475],[139.59989,35.64716],[139.5999,35.64693],[139.59993,35.64679],[139.60003,35.64653],[139.60015,35.6463],[139.59961,35.64618]]],[46958237,"unclassified","",[[139.60174,35.64608],[139.60172,35.64608],[139.60137,35.64603],[139.60132,35.64603],[139.60099,35.64598],[139.59975,35.64578],[139.59888,35.64562],[139.59813,35.64549],[139.59734,35.64536],[139.59644,35.6452],[139.59638,35.64519],[139.59631,35.64518],[139.59581,35.64513],[139.59549,35.64509],[139.59517,35.64506],[139.59468,35.64502],[139.59463,35.64501]],"paved"],[46967047,"residential","",[[139.60002,35.64421],[139.59915,35.64412],[139.59839,35.64402],[139.59758,35.64393],[139.5966,35.64382],[139.59548,35.64354],[139.59542,35.64352],[139.59538,35.64351],[139.59457,35.6433],[139.59372,35.64308],[139.59281,35.64285]],"paved"],[47361424,"residential","",[[139.59376,35.61125],[139.59381,35.61126],[139.59394,35.61125],[139.59406,35.61122],[139.59418,35.61116],[139.59428,35.61109],[139.59444,35.61099],[139.59456,35.61092],[139.59471,35.61086],[139.59483,35.61084],[139.59494,35.6108],[139.59509,35.61077],[139.5952,35.61075],[139.5953,35.61073],[139.59537,35.61072],[139.59555,35.61068],[139.59574,35.61066],[139.59589,35.61065],[139.59602,35.61065],[139.59619,35.61066],[139.59635,35.61066],[139.59654,35.61067],[139.59672,35.61068],[139.59682,35.61068],[139.59689,35.61068],[139.59716,35.61069],[139.59741,35.6107],[139.59758,35.61071],[139.598,35.61073],[139.59814,35.61074],[139.59829,35.61072],[139.59845,35.61068],[139.59862,35.61062],[139.5988,35.61053],[139.59921,35.61027],[139.59948,35.61011],[139.5998,35.6099],[139.59996,35.6098],[139.60022,35.60963]]],[48051960,"residential","",[[139.59742,35.62212],[139.59797,35.62197],[139.59821,35.6219],[139.59858,35.62178],[139.59886,35.62161],[139.59907,35.62149],[139.59912,35.62147],[139.59966,35.62125],[139.59974,35.62122],[139.60022,35.62109],[139.60069,35.62097],[139.60169,35.62078],[139.60243,35.62059]]],[48052000,"residential","",[[139.59814,35.62112],[139.5994,35.6207],[139.59992,35.62054],[139.60041,35.62038],[139.60108,35.62016]]],[48052279,"residential","",[[139.59797,35.62084],[139.59927,35.62041],[139.60027,35.62008]]],[52251188,"cycleway","",[[139.5871,35.61751],[139.58737,35.61746],[139.58813,35.61735],[139.58896,35.61724],[139.5894,35.61719],[139.58982,35.61714],[139.5902,35.6171],[139.59071,35.61705],[139.59134,35.61699],[139.59218,35.6169],[139.59259,35.61686],[139.59312,35.6168],[139.59351,35.61675],[139.59391,35.6167],[139.59443,35.61663],[139.59503,35.61655],[139.59552,35.61647],[139.59591,35.6164],[139.59629,35.61633],[139.59669,35.61626],[139.59725,35.61617],[139.59758,35.61611],[139.59787,35.61605],[139.5981,35.61601],[139.59828,35.61597],[139.59844,35.61594],[139.59876,35.61587],[139.5994,35.61572],[139.60004,35.61557],[139.60066,35.61542],[139.6013,35.61527],[139.60157,35.6152],[139.60162,35.61519],[139.60166,35.61518],[139.60195,35.61511],[139.60224,35.61504],[139.6027,35.61492],[139.60331,35.61477],[139.60379,35.61465],[139.60417,35.61456]],"asphalt"],[52251955,"service","",[[139.60003,35.61059],[139.59997,35.61026],[139.59989,35.61006],[139.5998,35.6099]]],[52267503,"tertiary","",[[139.59679,35.60686],[139.59697,35.60654],[139.59708,35.60638],[139.5972,35.60622],[139.59734,35.60606],[139.59749,35.60591],[139.59764,35.60577],[139.59781,35.60564],[139.59823,35.60534],[139.59866,35.60511],[139.59871,35.60509],[139.59912,35.6049],[139.59916,35.60488],[139.59986,35.60453],[139.59994,35.60449],[139.60006,35.60443],[139.60023,35.60434],[139.60036,35.60426],[139.60109,35.60375],[139.60141,35.60356],[139.60146,35.60353],[139.60153,35.6035],[139.60206,35.60322],[139.60242,35.60304],[139.60246,35.60303]],