{"v":2,"features":[[31858244,"tertiary","",[[139.59978,35.68763],[139.59978,35.68764],[139.59982,35.68772],[139.59984,35.68778],[139.59986,35.68783],[139.59987,35.68787],[139.59988,35.6879],[139.59993,35.68808],[139.59998,35.68826],[139.60001,35.6883]],"paving_stones"],[38073498,"unclassified","",[[139.59955,35.66763],[139.59935,35.66781],[139.59924,35.66789],[139.59914,35.66815],[139.59897,35.66834],[139.59918,35.6685],[139.59931,35.66859],[139.59944,35.66848],[139.59971,35.6682],[139.60005,35.66782]],"asphalt"],[38073502,"unclassified","",[[139.59664,35.66657],[139.59795,35.66705],[139.59833,35.66717],[139.59915,35.66748],[139.59955,35.66763],[139.59998,35.66778],[139.60005,35.66782],[139.60011,35.66786],[139.60031,35.66794]]],[40205593,"unclassified","",[[139.60018,35.69058],[139.59993,35.6906],[139.59968,35.69064]],"asphalt"],[40205660,"unclassified","",[[139.60007,35.69196],[139.59981,35.69124],[139.59973,35.691],[139.59971,35.69092],[139.59968,35.69073],[139.59968,35.69064],[139.59965,35.69041],[139.59965,35.6904],[139.59959,35.68945]],"asphalt"],[40205668,"residential","",[[139.59971,35.69092],[139.59985,35.69089],[139.60026,35.69083]]],[44885246,"tertiary","鞍橋通り",[[139.59636,35.65278],[139.59652,35.65277],[139.59709,35.65268],[139.59749,35.65261],[139.59768,35.65258],[139.59778,35.65257],[139.59787,35.65257],[139.59797,35.65257],[139.59808,35.65258],[139.59821,35.65259],[139.59832,35.6526],[139.59844,35.65263],[139.59859,35.65267],[139.59879,35.65273],[139.59886,35.65275],[139.59897,35.65278],[139.59909,35.65279],[139.59934,35.6528],[139.59952,35.65281],[139.5997,35.65282],[139.60006,35.65281],[139.60009,35.65281]]],[44885300,"unclassified","",[[139.60062,35.6528],[139.60041,35.65312],[139.60022,35.65341],[139.60009,35.65362],[139.59992,35.65388],[139.59957,35.65442],[139.59951,35.65459],[139.5995,35.65463],[139.5994,35.65505],[139.59933,35.6553],[139.59925,35.65566],[139.59907,35.65634],[139.59901,35.65657],[139.59889,35.65703],[139.59889,35.65706]]],[46512171,"unclassified","",[[139.59835,35.68905],[139.59851,35.68903],[139.59875,35.689],[139.59889,35.68898],[139.59902,35.68897],[139.59941,35.68897],[139.59983,35.68896],[139.60015,35.68893]],"asphalt"],[47216169,"unclassified","西友前通り",[[139.60077,35.66813],[139.60043,35.66853],[139.60005,35.66897],[139.59991,35.66923],[139.59984,35.66939],[139.5998,35.66953],[139.59979,35.66959]],"paved"],[47216867,"footway","水際の散歩道",[[139.59933,35.66731],[139.59952,35.66709],[139.59953,35.66706],[139.59955,35.66703],[139.59973,35.66679],[139.59994,35.6665],[139.59999,35.66645],[139.60004,35.66639]]],[47216932,"residential","",[[139.59947,35.66743],[139.59969,35.6675],[139.59977,35.66737],[139.59982,35.66718],[139.6,35.66687],[139.60028,35.66649],[139.60032,35.66645]],"asphalt"],[47217041,"residential","",[[139.59768,35.66533],[139.59825,35.66486],[139.59873,35.66446],[139.5992,35.66408],[139.59948,35.66385],[139.59969,35.66368],[139.60001,35.66342],[139.60042,35.66308],[139.60044,35.66298]],"paved"],[50550984,"tertiary","",[[139.60056,35.70235],[139.60026,35.70172],[139.60021,35.70162],[139.59982,35.70081],[139.59943,35.69994],[139.59935,35.69978],[139.59912,35.6993],[139.59904,35.69916],[139.59883,35.69868],[139.59846,35.69793],[139.59844,35.69789]]],[51982822,"unclassified","",[[139.60013,35.69691],[139.59938,35.69498],[139.59936,35.69492]],"paved"],[51982828,"service","",[[139.60035,35.69456],[139.60033,35.6945],[139.59989,35.69343],[139.59942,35.69226],[139.59936,35.6921]],"paved"],[80240749,"residential","",[[139.6003,35.67061],[139.60015,35.67058],[139.59985,35.67082],[139.59961,35.67102],[139.59944,35.67115],[139.59909,35.67127],[139.59903,35.67135]],"paved"],[85702656,"residential","",[[139.59883,35.69868],[139.5991,35.69858],[139.5997,35.69835],[139.60036,35.69809],[139.60077,35.69794]],"paved"],[104368924,"residential","",[[139.60039,35.68529],[139.5998,35.68534]]],[104501271,"residential","",[[139.60045,35.67925],[139.6001,35.67924],[139.59943,35.67911],[139.59876,35.67899],[139.59868,35.67897]]],[104501273,"service","",[[139.60006,35.68004],[139.5998,35.68001],[139.59942,35.67994],[139.5991,35.6799],[139.59872,35.67983],[139.59836,35.6798]]],[104501275,"service","",[[139.60018,35.68033],[139.5999,35.68034],[139.5991,35.68019],[139.59894,35.68011],[139.59864,35.67999],[139.59848,35.67988],[139.59847,35.67984],[139.59836,35.6798]]],[105584137,"service","",[[139.60019,35.69255],[139.59996,35.69261]]],[105584144,"service","",[[139.59997,35.6947],[139.6,35.69476],[139.60074,35.69657]],"paved"],[108915659,"unclassified","寺町通り",[[139.6001,35.67233],[139.6001,35.67237],[139.60015,35.67281],[139.60015,35.67282],[139.60018,35.67304],[139.60022,35.67341],[139.60024,35.67381],[139.60002,35.67415],[139.59993,35.67428],[139.59981,35.67446],[139.59971,35.67463],[139.59967,35.67471],[139.5995,35.67494],[139.59946,35.67499],[139.59927,35.67523],[139.59903,35.67548],[139.59899,35.67552],[139.59887,35.67566],[139.5987,35.67586],[139.59867,35.67589],[139.59835,35.67622],[139.59812,35.67647]],"asphalt"],[116607604,"service","",[[139.60058,35.66185],[139.60053,35.66182],[139.6003,35.66169],[139.59999,35.66154],[139.59992,35.66156],[139.59941,35.66144]]],[116613713,"residential","",[[139.59937,35.66012],[139.59965,35.66024],[139.59992,35.66038],[139.60005,35.66047]]],[161052147,"service","",[[139.60116,35.66522],[139.60033,35.66474],[139.5992,35.66408],[139.59888,35.66375],[139.59866,35.66353],[139.59839,35.66335],[139.59811,35.66317],[139.59788,35.663],[139.59782,35.66296],[139.59755,35.66257],[139.5975,35.66252],[139.59736,35.66262],[139.5972,35.66271],[139.59713,35.66274],[139.59697,35.66279],[139.59683,35.6628]]],[161052190,"service","",[[139.60014,35.6623],[139.59987,35.66218],[139.59973,35.66212],[139.59972,35.6621],[139.59949,35.66205]]],[170179773,"footway","",[[139.60006,35.65281],[139.60001,35.65287],[139.5998,35.65307],[139.59968,35.65319],[139.59955,35.65331],[139.59943,35.65345],[139.59933,35.65358],[139.59921,35.65377],[139.59912,35.65395],[139.59908,35.65403],[139.59908,35.65417],[139.59904,35.65436]]],[170179802,"service","",[[139.5997,35.65282],[139.59976,35.65247],[139.59979,35.65226],[139.60002,35.65229]]],[198706346,"unclassified","",[[139.60053,35.6811],[139.5999,35.68124],[139.59975,35.68126],[139.59966,35.68123],[139.5996,35.68118],[139.59936,35.68107],[139.59933,35.68106],[139.59917,35.681],[139.59912,35.681],[139.59866,35.68106]]],[246758951,"residential","",[[139.60022,35.67161],[139.59968,35.67152],[139.59904,35.67142]],"paved"],[248624298,"unclassified","",[[139.60003,35.67506],[139.59986,35.67541],[139.59982,35.67551],[139.59959,35.6758]],"asphalt"],[307856078,"trunk","甲州街道",[[139.58829,35.6654],[139.58832,35.66542],[139.58912,35.6659],[139.59014,35.66653],[139.5907,35.66689],[139.59122,35.6672],[139.59144,35.66735],[139.59206,35.66773],[139.59261,35.66807],[139.59269,35.66812],[139.59277,35.66817],[139.59388,35.66886],[139.5943,35.66911],[139.59437,35.66916],[139.59593,35.67013],[139.59653,35.67051],[139.59733,35.671],[139.59741,35.67105],[139.59748,35.67109],[139.59823,35.67156],[139.59884,35.6719],[139.59907,35.67199],[139.59926,35.67207],[139.59936,35.67211],[139.6001,35.67233],[139.60018,35.67234],[139.60037,35.67237],[139.60142,35.67255],[139.6015,35.67257],[139.60161,35.67258],[139.60262,35.67274],[139.60301,35.6728],[139.60391,35.67294],[139.60411,35.67298],[139.60482,35.67308],[139.60548,35.67318],[139.60565,35.67321],[139.60618,35.67325],[139.60654,35.67324],[139.60679,35.67324],[139.60717,35.67321],[139.6077,35.67313],[139.60812,35.67305],[139.60891,35.67289],[139.609,35.67287]],"paved"],[313747608,"service","",[[139.59975,35.69478],[139.59978,35.69484],[139.60052,35.69669]],"paved"],[313777142,"residential","",[[139.60015,35.67282],[139.59967,35.67285],[139.59954,35.67297],[139.59933,35.67303],[139.59921,35.67306],[139.59922,35.67336],[139.59901,35.67338],[139.59892,35.67342],[139.59876,35.67357],[139.59876,35.6739]],