{"v":2,"features":[[38177713,"residential","",[[139.59582,35.70715],[139.59623,35.70701],[139.59665,35.70688],[139.59697,35.70672],[139.59731,35.70656],[139.59797,35.70625],[139.59877,35.70591],[139.59932,35.70572],[139.59936,35.7057],[139.59955,35.70564],[139.59967,35.70561],[139.60023,35.70541],[139.60059,35.70528],[139.60073,35.70525],[139.6008,35.70523]],"paved"],[39818410,"footway","",[[139.60094,35.70773],[139.60074,35.70763],[139.60058,35.70756],[139.60045,35.70751],[139.60029,35.70747],[139.6001,35.70745],[139.59994,35.70746],[139.59983,35.70749],[139.59968,35.70752],[139.59958,35.70754],[139.5995,35.70758],[139.5993,35.70771],[139.59917,35.70784],[139.59906,35.70792],[139.59875,35.70817],[139.59857,35.70829]]],[52218942,"unclassified","",[[139.60077,35.70794],[139.60079,35.70812],[139.60085,35.70864],[139.60091,35.70934],[139.60049,35.71],[139.60017,35.71046],[139.60008,35.7106],[139.59987,35.71091],[139.59985,35.71093],[139.59956,35.71135],[139.59929,35.71175],[139.59901,35.71215],[139.59897,35.7122],[139.59878,35.71248],[139.59851,35.71288],[139.59776,35.714],[139.59726,35.71503]],"paved"],[52218943,"unclassified","",[[139.59962,35.70765],[139.59974,35.70803],[139.5999,35.70856],[139.60007,35.70909],[139.59986,35.70943],[139.59963,35.70978],[139.59947,35.71002],[139.59928,35.71031],[139.59904,35.71067],[139.59902,35.7107]]],[52218950,"unclassified","",[[139.60015,35.71211],[139.59959,35.71187],[139.59929,35.71175],[139.59852,35.71141],[139.59805,35.71121],[139.5979,35.71115],[139.59739,35.71093]],"paved"],[52218973,"unclassified","",[[139.59504,35.72017],[139.5951,35.72016],[139.59601,35.71992],[139.59694,35.71969],[139.59736,35.71978],[139.59832,35.71999],[139.59848,35.72002],[139.59931,35.72022],[139.59955,35.72027],[139.60036,35.72044],[139.60116,35.72062],[139.60194,35.7208],[139.60195,35.7208],[139.60235,35.72089]]],[52219103,"unclassified","",[[139.59844,35.72264],[139.59891,35.72274],[139.59923,35.72282],[139.59955,35.72289],[139.59994,35.72298],[139.60032,35.72306]],"paved"],[52219187,"residential","",[[139.60004,35.7239],[139.5998,35.72375],[139.59932,35.72359],[139.599,35.7235],[139.59875,35.72342],[139.59869,35.7234],[139.59863,35.72337],[139.59826,35.72319]]],[52227705,"unclassified","",[[139.60187,35.70824],[139.60182,35.70823],[139.60176,35.70821],[139.60161,35.7082],[139.60079,35.70812],[139.59982,35.70802],[139.59974,35.70803],[139.5996,35.70808],[139.59913,35.70834],[139.59894,35.70846],[139.59886,35.70852],[139.59872,35.70872],[139.59857,35.70893],[139.59844,35.70911],[139.59829,35.70932],[139.59805,35.70968],[139.59771,35.71012],[139.59769,35.71015],[139.59728,35.71074]],"paved"],[52227707,"unclassified","",[[139.60007,35.70909],[139.59939,35.70877],[139.59886,35.70852],[139.59873,35.70842]]],[85702650,"residential","",[[139.60008,35.70411],[139.60008,35.70415],[139.6,35.70472],[139.60011,35.70511],[139.60023,35.70541]],"paved"],[85702659,"residential","",[[139.6002,35.70671],[139.59992,35.7062],[139.59967,35.70561]]],[91584241,"tertiary","伏見通り",[[139.60001,35.70411],[139.59989,35.70411],[139.59967,35.70411],[139.59943,35.70414],[139.59919,35.70418],[139.59903,35.70425],[139.59893,35.70429],[139.59869,35.70439],[139.59862,35.70442],[139.59839,35.70452],[139.59805,35.70468],[139.59802,35.70468],[139.59765,35.70494],[139.59733,35.70519]],"paved"],[94254306,"unclassified","",[[139.59818,35.7142],[139.59914,35.71316],[139.59975,35.71254],[139.60015,35.71211]],"paved"],[95790385,"residential","",[[139.60066,35.70455],[139.60062,35.70456],[139.60028,35.70466],[139.6,35.70472],[139.5996,35.70479],[139.59927,35.70485],[139.59894,35.70495],[139.59856,35.70506],[139.59831,35.70513]]],[100453588,"residential","",[[139.6005,35.70607],[139.59992,35.7062],[139.59986,35.70622],[139.59955,35.70633]]],[103759202,"unclassified","",[[139.60141,35.74327],[139.60125,35.74342],[139.6011,35.74353],[139.60104,35.74357],[139.6007,35.74372],[139.60049,35.74381],[139.60023,35.74393],[139.60013,35.74398],[139.59993,35.7441],[139.59989,35.74413],[139.59983,35.74417],[139.59981,35.74418],[139.59952,35.74437],[139.59943,35.74443],[139.5992,35.74457],[139.59903,35.74468],[139.59896,35.74474],[139.59873,35.74484],[139.59855,35.74492],[139.59821,35.74507],[139.59796,35.74519],[139.59774,35.74528],[139.59753,35.74539],[139.59744,35.74544],[139.59715,35.74561],[139.59686,35.74574],[139.59671,35.74578],[139.59657,35.74581]],"paved"],[105942840,"pedestrian","西荻南口 仲通街",[[139.60014,35.70351],[139.59991,35.70295],[139.59984,35.70287]]],[112516436,"service","",[[139.60011,35.7099],[139.59993,35.71011]]],[112969936,"service","",[[139.60006,35.71515],[139.59993,35.71599]]],[112973229,"residential","",[[139.60019,35.72345],[139.59977,35.72335]]],[161137668,"service","",[[139.60026,35.71404],[139.60009,35.71393],[139.59987,35.71414],[139.59975,35.71427],[139.59971,35.71429],[139.59968,35.71435],[139.59964,35.7145]],"asphalt"],[168978306,"unclassified","",[[139.60028,35.71693],[139.59992,35.71691],[139.59926,35.71686],[139.59842,35.71664],[139.59738,35.71637],[139.59731,35.71635]],"asphalt"],[168980160,"secondary","女子大通り",[[139.59748,35.71007],[139.59769,35.71015],[139.59815,35.71034],[139.59837,35.71043],[139.59902,35.7107],[139.59985,35.71093],[139.60044,35.7111],[139.60096,35.71125],[139.60123,35.71133],[139.60137,35.71137],[139.6016,35.71144]],"paved"],[192339844,"residential","",[[139.6002,35.74438],[139.59999,35.74463],[139.59992,35.74471],[139.59978,35.74488],[139.59975,35.74492],[139.59942,35.74499],[139.59915,35.74505],[139.59887,35.74491],[139.59873,35.74484]],