{"v":2,"features":[[92600324,"unclassified","Scotts Road",[[147.26896,-42.95346],[147.26883,-42.9533],[147.26886,-42.95314],[147.26885,-42.95287],[147.2688,-42.95273],[147.26865,-42.95261],[147.26844,-42.95243],[147.26831,-42.952],[147.2683,-42.95169],[147.26834,-42.95152],[147.26831,-42.95138],[147.26821,-42.9513],[147.26816,-42.95122],[147.26802,-42.95103],[147.26793,-42.95094],[147.26788,-42.95078],[147.26783,-42.95048],[147.26777,-42.95027],[147.26775,-42.95024],[147.26769,-42.95004],[147.26764,-42.94967],[147.26785,-42.94948],[147.26817,-42.94929],[147.26827,-42.94918],[147.26834,-42.949],[147.26843,-42.94854],[147.26866,-42.94833],[147.26875,-42.948]],"unpaved"],[1087856747,"track","",[[147.2719,-42.95648],[147.27189,-42.9563],[147.27205,-42.9561],[147.27206,-42.95604],[147.27191,-42.95582],[147.27187,-42.95565],[147.27206,-42.95508],[147.27211,-42.95485],[147.27212,-42.95473],[147.27212,-42.95466],[147.27198,-42.95424],[147.27184,-42.95395],[147.2716,-42.95363],[147.27149,-42.95351],[147.2713,-42.95336],[147.27127,-42.95331],[147.27124,-42.95322],[147.27123,-42.95301],[147.27129,-42.95284],[147.27157,-42.95237],[147.27173,-42.95222],[147.27204,-42.95201],[147.27213,-42.95192],[147.27216,-42.95186],[147.27219,-42.95167],[147.27222,-42.95116],[147.27232,-42.95094],[147.27233,-42.95093],[147.27248,-42.95079],[147.27265,-42.95061],[147.27281,-42.95038],[147.27284,-42.95032],[147.27294,-42.95022],[147.27328,-42.94979],[147.2733,-42.94975],[147.27365,-42.94944],[147.27374,-42.94935]]],[1087856751,"track","",[[147.27233,-42.95093],[147.27232,-42.95086],[147.27232,-42.9507],[147.27234,-42.95055],[147.27238,-42.95035],[147.2724,-42.95021],[147.27241,-42.95017],[147.27245,-42.95014],[147.27248,-42.95012],[147.27249,-42.95008],[147.2725,-42.95003],[147.27251,-42.94998],[147.27252,-42.94994],[147.27253,-42.94986],[147.27254,-42.94981],[147.27254,-42.94973],[147.27253,-42.94968],[147.27251,-42.94952]]],[1087856810,"track","",[[147.28968,-42.94884],[147.28973,-42.949],[147.28994,-42.94931],[147.29024,-42.94974],[147.29034,-42.94983],[147.29067,-42.95003],[147.29087,-42.95017],[147.29108,-42.9504],[147.29121,-42.95057],[147.29135,-42.95086],[147.29155,-42.95107],[147.29163,-42.95121],[147.29171,-42.95143],[147.29174,-42.95161],[147.29177,-42.95174],[147.29187,-42.95186],[147.29206,-42.95202],[147.29223,-42.95215],[147.29245,-42.95228],[147.29271,-42.95247],[147.29298,-42.95262],[147.29303,-42.95277],[147.2928,-42.95291],[147.29253,-42.95317],[147.29248,-42.95325],[147.29254,-42.95336],[147.2927,-42.95352],[147.29283,-42.95368],[147.29286,-42.95387],[147.29275,-42.95407],[147.29254,-42.95419],[147.29229,-42.95429],[147.29221,-42.95438],[147.29225,-42.95449],[147.29227,-42.95462],[147.29228,-42.95481],[147.29226,-42.95523],[147.29229,-42.95554],[147.29232,-42.95567],[147.29255,-42.95584],[147.29276,-42.956],[147.29304,-42.95615],[147.2933,-42.95623],[147.29368,-42.95633],[147.294,-42.95636],[147.29431,-42.95634],[147.29449,-42.95628],[147.29461,-42.95618],[147.29476,-42.956],[147.29477,-42.95593],[147.29485,-42.95587],[147.295,-42.95587],[147.29509,-42.95594],[147.29509,-42.95608],[147.29511,-42.95633],[147.29514,-42.95662],[147.29519,-42.95681],[147.29534,-42.957],[147.29551,-42.95706],[147.29578,-42.95703],[147.29596,-42.95696],[147.29608,-42.95686],[147.29621,-42.95672],[147.29625,-42.9566],[147.29622,-42.95652],[147.29605,-42.95647],[147.296,-42.9564],[147.29603,-42.95628],[147.29612,-42.95615],[147.29628,-42.95605],[147.29646,-42.956],[147.29667,-42.95598],[147.29686,-42.95595],[147.29701,-42.9559],[147.29715,-42.95572],[147.29735,-42.95564],[147.29764,-42.95538],[147.29777,-42.95531],[147.29793,-42.9554],[147.29822,-42.95554],[147.29835,-42.95569],[147.2986,-42.95572],[147.29876,-42.95574],[147.29928,-42.95592],[147.29941,-42.95592]]]]}