{"v":2,"features":[[92600324,"unclassified","Scotts Road",[[147.26896,-42.95346],[147.26883,-42.9533],[147.26886,-42.95314],[147.26885,-42.95287],[147.2688,-42.95273],[147.26865,-42.95261],[147.26844,-42.95243],[147.26831,-42.952],[147.2683,-42.95169],[147.26834,-42.95152],[147.26831,-42.95138],[147.26821,-42.9513],[147.26816,-42.95122],[147.26802,-42.95103],[147.26793,-42.95094],[147.26788,-42.95078],[147.26783,-42.95048],[147.26777,-42.95027],[147.26775,-42.95024],[147.26769,-42.95004],[147.26764,-42.94967],[147.26785,-42.94948],[147.26817,-42.94929],[147.26827,-42.94918],[147.26834,-42.949],[147.26843,-42.94854],[147.26866,-42.94833],[147.26875,-42.948]],"unpaved"]]}