{"v":2,"features":[[176959899,"service","",[[147.35382,-42.94937],[147.35438,-42.95064],[147.35446,-42.95081]]],[1122831196,"path","",[[147.35087,-42.94943],[147.35061,-42.94952],[147.35048,-42.94956],[147.35029,-42.94967],[147.35017,-42.94979],[147.35015,-42.94988],[147.35017,-42.94995],[147.35015,-42.95018],[147.35018,-42.95034],[147.35021,-42.9505],[147.35022,-42.95062],[147.35027,-42.95074],[147.35031,-42.95082],[147.35041,-42.95091],[147.35057,-42.95099],[147.35075,-42.95106]],"ground"]]}