{"v":2,"features":[[35193782,"path","Hunters Track",[[147.2365,-42.88981],[147.2366,-42.88966],[147.23655,-42.88948],[147.23645,-42.88931],[147.23601,-42.88889],[147.23591,-42.88885],[147.23584,-42.88876],[147.23568,-42.88862],[147.23564,-42.88854],[147.23573,-42.88851],[147.23598,-42.88853],[147.23608,-42.88848],[147.23608,-42.88838],[147.23595,-42.88824],[147.23569,-42.88792],[147.23553,-42.88781],[147.23551,-42.88771],[147.23531,-42.88748],[147.23529,-42.88744],[147.23536,-42.88741],[147.23545,-42.88737],[147.2358,-42.8874],[147.236,-42.88735],[147.23618,-42.88737],[147.23668,-42.88732],[147.23685,-42.88727],[147.23786,-42.88725],[147.23824,-42.88725],[147.23857,-42.88719],[147.23894,-42.88722],[147.23917,-42.88718],[147.23967,-42.88718],[147.2399,-42.88714],[147.2408,-42.8871],[147.24078,-42.887],[147.24102,-42.88695],[147.24114,-42.88696],[147.24128,-42.88711],[147.24136,-42.88705],[147.24149,-42.88708],[147.24161,-42.88707],[147.24172,-42.887],[147.24182,-42.88697],[147.2423,-42.88703],[147.24263,-42.8871],[147.24297,-42.88721],[147.24346,-42.88722],[147.24401,-42.88731],[147.24444,-42.8873],[147.24475,-42.88731],[147.24512,-42.88726],[147.24539,-42.8873],[147.24586,-42.8873],[147.24678,-42.88712],[147.24712,-42.88704],[147.24725,-42.88706],[147.24793,-42.88703],[147.24803,-42.88704],[147.24815,-42.88701],[147.2485,-42.88706],[147.24862,-42.88706],[147.24897,-42.887],[147.2492,-42.88691],[147.24933,-42.88693],[147.24953,-42.8869],[147.24974,-42.88682],[147.24984,-42.88673],[147.24997,-42.88675],[147.25028,-42.88662],[147.25038,-42.88661],[147.25049,-42.88655],[147.25061,-42.88659],[147.25082,-42.88667],[147.2509,-42.88678],[147.25107,-42.88688],[147.25132,-42.88709],[147.25137,-42.88717],[147.2515,-42.88715],[147.25187,-42.8874],[147.25193,-42.88749],[147.25222,-42.88754],[147.25248,-42.88762],[147.25254,-42.88766]],"dirt"],[43541263,"path","Old Hobartians Track",[[147.23529,-42.88744],[147.23513,-42.88724],[147.23494,-42.88715],[147.23477,-42.88698],[147.23465,-42.88688],[147.23455,-42.88685],[147.23447,-42.88676],[147.23427,-42.88668],[147.23405,-42.88656],[147.23393,-42.88652],[147.23372,-42.88639],[147.23369,-42.88638],[147.23354,-42.88639],[147.23336,-42.88641],[147.23319,-42.88638],[147.23307,-42.88632],[147.23277,-42.88627],[147.23258,-42.88618],[147.23237,-42.88613],[147.23217,-42.8861],[147.23202,-42.88603],[147.23197,-42.88593],[147.23199,-42.88588],[147.23192,-42.88587],[147.23183,-42.88588],[147.23178,-42.88587],[147.23172,-42.88574],[147.2317,-42.88557],[147.23161,-42.88552],[147.23154,-42.88542],[147.23138,-42.88532],[147.23125,-42.8853],[147.23115,-42.88523],[147.23104,-42.88518],[147.23092,-42.88514],[147.2309,-42.88509],[147.23113,-42.88513],[147.23132,-42.88512],[147.23135,-42.88509],[147.23135,-42.88504],[147.2313,-42.88493],[147.23132,-42.88481],[147.23137,-42.88475],[147.23147,-42.88471],[147.23162,-42.88472],[147.23208,-42.88475],[147.23235,-42.88474],[147.23298,-42.88482],[147.23343,-42.88486],[147.23369,-42.88484],[147.23389,-42.88476],[147.23406,-42.88466],[147.23445,-42.88448],[147.2347,-42.88441],[147.23514,-42.88416],[147.2357,-42.88404],[147.23614,-42.88381],[147.23619,-42.88375],[147.23617,-42.88369],[147.2361,-42.88367],[147.23584,-42.88368],[147.2355,-42.88369],[147.2353,-42.88364],[147.23496,-42.8836],[147.23466,-42.88352],[147.23442,-42.88335],[147.23425,-42.88326],[147.23423,-42.88302],[147.23451,-42.88283],[147.23501,-42.88283],[147.23541,-42.88282],[147.23569,-42.88273],[147.23594,-42.88274],[147.23612,-42.88265],[147.23607,-42.8825],[147.23604,-42.88246],[147.23594,-42.88243],[147.23575,-42.88239],[147.23551,-42.8823],[147.23538,-42.88217],[147.23539,-42.88179],[147.23549,-42.88168],[147.23563,-42.8816],[147.23585,-42.88153],[147.23604,-42.88153],[147.23608,-42.88137],[147.23622,-42.8811],[147.23651,-42.88099],[147.237,-42.88087],[147.2372,-42.88081],[147.2373,-42.88072],[147.23727,-42.88064],[147.23719,-42.8804],[147.23733,-42.88025],[147.23761,-42.88015],[147.23784,-42.88015],[147.23813,-42.8801],[147.23847,-42.87996],[147.2385,-42.8798],[147.23866,-42.87968],[147.23884,-42.87946],[147.239,-42.87921],[147.23935,-42.87896],[147.2396,-42.87875],[147.24001,-42.87864],[147.2403,-42.8786],[147.24073,-42.87851],[147.24114,-42.87841],[147.24143,-42.87831],[147.24156,-42.8782],[147.24166,-42.87809],[147.2417,-42.87804],[147.24187,-42.8777],[147.24221,-42.87757],[147.24253,-42.87753],[147.2428,-42.87745],[147.24315,-42.87735],[147.24353,-42.87727],[147.24403,-42.87719],[147.24409,-42.87713],[147.24425,-42.87701],[147.24448,-42.87675],[147.24481,-42.87657],[147.24511,-42.87658],[147.24566,-42.87648],[147.24602,-42.87635],[147.2463,-42.8763],[147.24645,-42.87622],[147.24665,-42.87604],[147.24684,-42.87594],[147.24697,-42.8759],[147.2471,-42.87586],[147.24735,-42.87583],[147.24755,-42.87585],[147.2477,-42.87591],[147.24781,-42.87589],[147.24817,-42.87598],[147.24938,-42.87594],[147.24994,-42.87575],[147.25023,-42.87566],[147.25041,-42.87557],[147.25043,-42.87556]],