{"v":2,"features":[[15865259,"unclassified","Mornington Road",[[147.40335,-42.86077],[147.40329,-42.8608],[147.40321,-42.86084],[147.40276,-42.86114],[147.40266,-42.86119],[147.40258,-42.86122],[147.40247,-42.86125],[147.40233,-42.86129],[147.40223,-42.8613],[147.40221,-42.86131],[147.40209,-42.86131],[147.40199,-42.86131],[147.40189,-42.8613],[147.40178,-42.86128],[147.40164,-42.86125],[147.40158,-42.86123],[147.40151,-42.86121],[147.40142,-42.86118],[147.40132,-42.86114],[147.40103,-42.86104],[147.40073,-42.86093],[147.40049,-42.86084],[147.40015,-42.86072],[147.3994,-42.86044],[147.39891,-42.86028],[147.39879,-42.86024],[147.39824,-42.8601],[147.39786,-42.86001],[147.39775,-42.85997],[147.39767,-42.85993],[147.39724,-42.85965],[147.39709,-42.85955]],"asphalt"],[23749189,"residential","Currajong Street",[[147.41056,-42.85834],[147.41042,-42.85836],[147.41026,-42.85838],[147.40823,-42.85834],[147.40704,-42.8583],[147.40681,-42.85829],[147.40558,-42.85839],[147.40536,-42.8584],[147.40521,-42.85839],[147.40504,-42.85838],[147.40443,-42.85835],[147.40388,-42.85828],[147.40335,-42.85822],[147.4028,-42.85816],[147.4026,-42.85811],[147.40245,-42.85807],[147.4024,-42.85805],[147.40231,-42.85802],[147.40214,-42.85793],[147.4016,-42.85761],[147.40116,-42.85735],[147.40087,-42.85718],[147.40077,-42.85712],[147.40066,-42.85706],[147.40055,-42.85701],[147.40042,-42.85697],[147.40013,-42.85689],[147.39936,-42.85668],[147.39926,-42.85665],[147.39915,-42.85662],[147.39904,-42.85661],[147.39892,-42.85661],[147.39871,-42.85662],[147.39707,-42.85674],[147.39667,-42.85677],[147.39656,-42.85596]],"asphalt"],[86575326,"unclassified","Jannah Court",[[147.40307,-42.86322],[147.40241,-42.86299],[147.40212,-42.86289],[147.40183,-42.86281],[147.40153,-42.86273],[147.40081,-42.86258],[147.40038,-42.86247],[147.40008,-42.86238],[147.39981,-42.86225],[147.39966,-42.86217],[147.39949,-42.86207],[147.39947,-42.86204],[147.39946,-42.86201],[147.39945,-42.86199],[147.39944,-42.86195]],"asphalt"],[179069522,"residential","Alawarra Street",[[147.39898,-42.87487],[147.39939,-42.87491],[147.3995,-42.87492],[147.3996,-42.87491],[147.3997,-42.8749],[147.3998,-42.87487],[147.39989,-42.87483],[147.4,-42.87478],[147.4001,-42.87471],[147.40017,-42.87464],[147.40022,-42.87458],[147.40026,-42.8745],[147.40029,-42.87443],[147.40045,-42.87381],[147.40047,-42.87376],[147.40051,-42.87371],[147.40057,-42.87366],[147.40071,-42.87359]],"asphalt"],[186429521,"secondary","Cambridge Road",[[147.39599,-42.85601],[147.39613,-42.856],[147.39656,-42.85596],[147.39715,-42.85591],[147.39744,-42.85589],[147.39811,-42.85585],[147.3983,-42.85584],[147.39853,-42.85584],[147.39877,-42.85583],[147.39897,-42.85583],[147.39918,-42.85584],[147.39933,-42.85585],[147.39951,-42.85587],[147.39975,-42.85592],[147.39996,-42.85596],[147.40051,-42.8561],[147.40082,-42.85617],[147.40109,-42.85624],[147.40134,-42.85631],[147.40153,-42.85636],[147.4017,-42.85642],[147.40209,-42.85658],[147.40227,-42.85669],[147.40265,-42.85699],[147.40283,-42.85712],[147.40299,-42.8572],[147.4033,-42.85732],[147.4036,-42.8574],[147.40407,-42.85747],[147.40492,-42.85759],[147.40534,-42.85764],[147.40573,-42.85765],[147.40604,-42.85762],[147.40631,-42.85758],[147.4066,-42.85751],[147.407,-42.85743],[147.40729,-42.85739],[147.40754,-42.85738],[147.408,-42.85737],[147.40807,-42.85737],[147.40851,-42.85738],[147.40866,-42.85738],[147.4091,-42.8574],[147.40942,-42.85744],[147.40977,-42.85749],[147.4101,-42.85752],[147.41037,-42.85754],[147.41061,-42.85755]],"asphalt"],[208402392,"residential","Allumba Street",[[147.39819,-42.8773],[147.40039,-42.87776],[147.40052,-42.87779],[147.40071,-42.87784],[147.40146,-42.87806],[147.40252,-42.87835],[147.40263,-42.87838],[147.40276,-42.87842],[147.40458,-42.87893]],"asphalt"],[396121331,"path","Clarence XC",[[147.40317,-42.85443],[147.40305,-42.85444],[147.40294,-42.85444],[147.40283,-42.85442],[147.4027,-42.85437],[147.40247,-42.85437],[147.40241,-42.85439],[147.40239,-42.85441],[147.40239,-42.85446],[147.40241,-42.85447],[147.40252,-42.85451],[147.40259,-42.85452],[147.40266,-42.85454],[147.40273,-42.85455],[147.4028,-42.85457],[147.40285,-42.8546],[147.40293,-42.85462],[147.40301,-42.85462],[147.40322,-42.85464],[147.40332,-42.85464],[147.40337,-42.85467],[147.40343,-42.85473],[147.40343,-42.85482],[147.4034,-42.85484],[147.40336,-42.85485],[147.4033,-42.85487],[147.40319,-42.85485],[147.40309,-42.85478],[147.40299,-42.85471],[147.40296,-42.85469],[147.40285,-42.85467],[147.40268,-42.85464],[147.40257,-42.85464],[147.40242,-42.85466],[147.40229,-42.85468],[147.40224,-42.8547],[147.40211,-42.85473],[147.40198,-42.85475],[147.40187,-42.85476],[147.4017,-42.85473],[147.40158,-42.85472],[147.40142,-42.8547],[147.40129,-42.85469],[147.40122,-42.85466],[147.40117,-42.85464],[147.4011,-42.85464],[147.40104,-42.85465],[147.40102,-42.85466],[147.40088,-42.85464],[147.40072,-42.85461],[147.40061,-42.85455],[147.40046,-42.85445],[147.40036,-42.85441],[147.40027,-42.85437],[147.40016,-42.85436],[147.40007,-42.85437],[147.39998,-42.85439],[147.3999,-42.85442],[147.39976,-42.85442],[147.3996,-42.85438],[147.39946,-42.85435],[147.39934,-42.85435],[147.39927,-42.85439],[147.3992,-42.85441],[147.39913,-42.85442],[147.39909,-42.85444],[147.399,-42.85441],[147.39891,-42.8544],[147.39883,-42.85438],[147.39871,-42.85436],[147.39861,-42.85437],[147.39845,-42.85436]],"dirt"],[429573230,"path","",[[147.39995,-42.87078],[147.40043,-42.87062],[147.4009,-42.87094],[147.40122,-42.87091],[147.40158,-42.871],[147.40191,-42.87118],[147.40233,-42.87116],[147.40273,-42.87095],[147.40297,-42.87093],[147.40327,-42.8708],[147.40351,-42.87082],[147.40375,-42.87061],[147.40421,-42.87054],[147.40499,-42.87013],[147.40649,-42.86976],[147.40715,-42.86907],[147.40716,-42.86866],[147.40713,-42.86807],[147.40814,-42.86826],[147.40864,-42.86829],[147.40917,-42.86802],[147.40896,-42.86741],[147.40904,-42.86707],[147.40917,-42.86667]]],[429573234,"path","",[[147.40047,-42.86689],[147.40027,-42.86727],[147.39987,-42.86732],[147.39965,-42.8677],[147.3997,-42.86804],[147.39988,-42.8687],[147.4001,-42.86892],[147.40019,-42.86899],[147.40034,-42.86951],[147.40043,-42.86975],[147.40057,-42.87008],[147.40044,-42.87041],[147.40043,-42.87062]]],[671697842,"cycleway","Clarence Foreshore Trail",[[147.39158,-42.88035],[147.3928,-42.8806],[147.39293,-42.8806],[147.39318,-42.88058],[147.39335,-42.88061],[147.39361,-42.88068],[147.39402,-42.8808],[147.39424,-42.88085],[147.39446,-42.88087],[147.39469,-42.88089],[147.39485,-42.8809],[147.39497,-42.88093],[147.39544,-42.88105],[147.3956,-42.88108],[147.39574,-42.8811],[147.39594,-42.88111],[147.39612,-42.88112],[147.39645,-42.88114],[147.39689,-42.88119],[147.39723,-42.88125],[147.39736,-42.88127],[147.39766,-42.88128],[147.39779,-42.88129],[147.39789,-42.88132],[147.39836,-42.88149],[147.39842,-42.88151],[147.3986,-42.88156],[147.39875,-42.88158],[147.39898,-42.88162],[147.39924,-42.88167],[147.39965,-42.88177],[147.39977,-42.88178],[147.39997,-42.88178],[147.40006,-42.88179],[147.40014,-42.88181],[147.40063,-42.88203],[147.40071,-42.88206],[147.40078,-42.88211],[147.4009,-42.8822],[147.40095,-42.88222],[147.40106,-42.88226],[147.40124,-42.8823],[147.40134,-42.88232],[147.40179,-42.88248],[147.40187,-42.88252],[147.40198,-42.8826],[147.40206,-42.88263],[147.40212,-42.88266],[147.40219,-42.88267],[147.40227,-42.88267],[147.40235,-42.88267],[147.40248,-42.88271],[147.4028,-42.88283],[147.40292,-42.8829],[147.40306,-42.88296],[147.40328,-42.88304],[147.40347,-42.88308],[147.40376,-42.88312],[147.40418,-42.88317],[147.40425,-42.88318],[147.4043,-42.8832],[147.40441,-42.88325],[147.40449,-42.88329],[147.40457,-42.88331],[147.40467,-42.88332],[147.40472,-42.88332],[147.40478,-42.88329],[147.40496,-42.88308],[147.405,-42.88307],[147.40507,-42.88308]],