{"v":2,"features":[[22207392,"tertiary","Marys Hope Road",[[147.24036,-42.81457],[147.24033,-42.81467],[147.24031,-42.81478],[147.24028,-42.81495],[147.24027,-42.81502],[147.24028,-42.81511],[147.24029,-42.8152],[147.24033,-42.81554],[147.24039,-42.81599],[147.24041,-42.81609],[147.24043,-42.81619],[147.24047,-42.8163],[147.2405,-42.81636],[147.24054,-42.81643],[147.24063,-42.81654],[147.24071,-42.81663],[147.24077,-42.81667],[147.24091,-42.81675],[147.24154,-42.81703],[147.24219,-42.8173],[147.24253,-42.81747],[147.24269,-42.81756],[147.24292,-42.8177],[147.24314,-42.81785],[147.24327,-42.81793],[147.24347,-42.81808],[147.24363,-42.81821],[147.24375,-42.81832],[147.24396,-42.81851],[147.24404,-42.8186],[147.24415,-42.81871],[147.24441,-42.81901],[147.24451,-42.81915],[147.24467,-42.81938],[147.24482,-42.8196],[147.24498,-42.8198],[147.24512,-42.81995],[147.24534,-42.82015],[147.24549,-42.82026],[147.24554,-42.8203],[147.24584,-42.82054],[147.24606,-42.82072],[147.24619,-42.82085],[147.24631,-42.82098],[147.24645,-42.82115],[147.24659,-42.82135],[147.24679,-42.82164],[147.2469,-42.82178],[147.24696,-42.82187],[147.24709,-42.82202],[147.24723,-42.82219],[147.2474,-42.82236],[147.24758,-42.82252],[147.2477,-42.82262],[147.24779,-42.82269],[147.24798,-42.82281],[147.24813,-42.82288],[147.24835,-42.82299],[147.2486,-42.82308],[147.24886,-42.82315],[147.24957,-42.82334],[147.24982,-42.82341],[147.25009,-42.82349],[147.25075,-42.8237],[147.25096,-42.82377],[147.2511,-42.82381],[147.25124,-42.82383],[147.25138,-42.82386],[147.25153,-42.82387],[147.25168,-42.82388],[147.25211,-42.82388],[147.2524,-42.82387],[147.25269,-42.82386],[147.25292,-42.82385],[147.25389,-42.82379],[147.25414,-42.82377],[147.2544,-42.82374],[147.25471,-42.82369],[147.25506,-42.82363],[147.2553,-42.82359],[147.25645,-42.82332],[147.25663,-42.82328],[147.25783,-42.82304],[147.25962,-42.82268],[147.25981,-42.82265],[147.2599,-42.82263],[147.26,-42.82262],[147.26014,-42.82261],[147.26025,-42.82262],[147.26113,-42.82276]],"asphalt"],[177141216,"residential","Catherine Street",[[147.25108,-42.81611],[147.25105,-42.81605],[147.25103,-42.81601],[147.25102,-42.81598],[147.25101,-42.81594],[147.25101,-42.8159],[147.25102,-42.81569],[147.25101,-42.81564],[147.251,-42.81559],[147.25088,-42.81531],[147.25019,-42.81362],[147.25003,-42.81324],[147.24999,-42.81314],[147.24996,-42.81303],[147.24993,-42.81293],[147.24991,-42.81285],[147.24992,-42.81271],[147.24996,-42.81243],[147.25,-42.81219],[147.25,-42.81194],[147.24999,-42.81175],[147.24995,-42.81157],[147.24991,-42.81144],[147.24983,-42.81124],[147.24968,-42.81085],[147.24948,-42.81037],[147.24923,-42.80977],[147.24907,-42.80937],[147.24865,-42.80835],[147.24838,-42.80766],[147.24835,-42.80762],[147.24831,-42.80758],[147.24826,-42.80754],[147.24822,-42.80752],[147.24817,-42.8075]],"asphalt"],[177141237,"residential","Kingswood Crescent",[[147.25019,-42.81362],[147.25009,-42.81365],[147.24939,-42.81392],[147.24934,-42.81395],[147.24931,-42.81398],[147.24929,-42.81403],[147.24929,-42.81408],[147.2493,-42.81412],[147.2495,-42.81465],[147.24963,-42.81495],[147.24964,-42.815],[147.24963,-42.81504],[147.24959,-42.81512]],"asphalt"],[177141238,"residential","Alroy Court",[[147.24888,-42.81764],[147.24904,-42.81758],[147.24952,-42.81738],[147.24961,-42.81735],[147.24969,-42.81734],[147.24977,-42.81734],[147.24985,-42.81736],[147.24992,-42.81736],[147.24997,-42.81736],[147.25003,-42.81735],[147.25008,-42.81733],[147.25025,-42.81722],[147.25031,-42.81717],[147.25036,-42.81711]],"asphalt"],[177143383,"residential","Sherwin Court",[[147.25167,-42.82041],[147.25147,-42.82036],[147.2506,-42.81983],[147.25052,-42.81977],[147.25036,-42.81966],[147.25031,-42.81962],[147.25026,-42.8196],[147.2502,-42.81959],[147.25015,-42.81959],[147.2501,-42.81959],[147.25005,-42.81961],[147.25002,-42.81963],[147.24999,-42.81966],[147.24997,-42.81969],[147.24996,-42.81972],[147.24995,-42.81977],[147.24997,-42.8198],[147.24999,-42.81983],[147.25003,-42.81986],[147.25008,-42.81989],[147.25014,-42.8199],[147.25021,-42.8199],[147.2504,-42.81985],[147.25043,-42.81984],[147.25046,-42.81984],[147.2506,-42.81983]],"asphalt"],[186627989,"residential","Moondah Drive",[[147.24996,-42.79974],[147.2499,-42.79976],[147.24985,-42.79979],[147.24981,-42.79983],[147.24956,-42.80025],[147.24953,-42.80036],[147.24952,-42.80047],[147.24953,-42.80055],[147.24955,-42.80063],[147.24977,-42.80122],[147.2502,-42.80236],[147.25024,-42.80247],[147.25024,-42.80254]],"asphalt"],[219237052,"footway","",[[147.25013,-42.80468],[147.24988,-42.80463]]],[505196062,"secondary","Berriedale Road",[[147.25108,-42.81611],[147.251,-42.81613],[147.25096,-42.81613],[147.25092,-42.81614],[147.25086,-42.81615],[147.25079,-42.81615],[147.25073,-42.81615],[147.25064,-42.81614],[147.24981,-42.816],[147.24937,-42.8159],[147.24923,-42.81587],[147.2491,-42.81583],[147.24875,-42.81572],[147.24848,-42.81562],[147.24828,-42.81556],[147.24813,-42.81551],[147.24798,-42.81547],[147.24784,-42.81544],[147.24766,-42.81542],[147.24752,-42.81541],[147.24737,-42.8154],[147.24614,-42.81532],[147.24593,-42.8153],[147.24574,-42.81529],[147.24556,-42.81527],[147.24536,-42.81523],[147.2452,-42.81519],[147.24509,-42.81515],[147.24501,-42.81511],[147.24493,-42.81507],[147.24484,-42.81504],[147.24475,-42.81502],[147.24465,-42.81499],[147.24452,-42.81497],[147.24444,-42.81496],[147.24435,-42.81495],[147.24421,-42.81496],[147.24406,-42.81497],[147.24384,-42.815],[147.24332,-42.81506],[147.2431,-42.81509],[147.24292,-42.8151],[147.24273,-42.81511],[147.24254,-42.8151],[147.24232,-42.81509],[147.24213,-42.81507],[147.24198,-42.81504],[147.24182,-42.81501],[147.24169,-42.81497],[147.24155,-42.81493],[147.24142,-42.81487],[147.24125,-42.81478],[147.24119,-42.81475],[147.24109,-42.81469],[147.24099,-42.81464],[147.24086,-42.81458],[147.24078,-42.81454]],"asphalt"],[790589637,"footway","",[[147.25075,-42.80101],[147.24977,-42.80122]]],[1037960829,"service","",[[147.25005,-42.81961],[147.25,-42.81954],[147.24996,-42.81948],[147.24992,-42.81944],[147.24989,-42.81942],[147.24988,-42.81939],[147.24986,-42.8193],[147.24983,-42.81926],[147.2498,-42.81923],[147.24979,-42.81919],[147.24977,-42.81916],[147.24974,-42.81912],[147.24971,-42.8191],[147.24967,-42.81909],[147.24963,-42.81909],[147.24959,-42.8191],[147.24942,-42.81914]],"paved"],[1038227389,"service","",[[147.24819,-42.83647],[147.24832,-42.83644],[147.24846,-42.8364],[147.2486,-42.83636],[147.24879,-42.83628],[147.24899,-42.83619],[147.24922,-42.83609],[147.24942,-42.83597],[147.24955,-42.8359],[147.24968,-42.83582],[147.24981,-42.83572],[147.24988,-42.83566],[147.24991,-42.83563],[147.24994,-42.83562],[147.24999,-42.83561],[147.25003,-42.83562],[147.25006,-42.83563],[147.25009,-42.83566],[147.2502,-42.83579],[147.25022,-42.83583],[147.25021,-42.83585],[147.2502,-42.83587]],"asphalt"],[1175022867,"service","",[[147.25028,-42.80858],[147.24985,-42.80847],[147.24983,-42.80846],[147.24982,-42.80845],[147.24983,-42.80842],[147.24986,-42.80832],[147.24988,-42.80829]],"paved"],[1175022872,"service","",[[147.25026,-42.8086],[147.24987,-42.80852],[147.24983,-42.80852],[147.2498,-42.80852],[147.24978,-42.80853],[147.24977,-42.80855]],"paved"]]}