{"v":2,"features":[[38753173,"track","",[[147.32785,-42.79348],[147.32793,-42.79358],[147.32796,-42.79363],[147.32802,-42.79372],[147.3281,-42.79379],[147.3282,-42.79384],[147.3283,-42.79387],[147.32844,-42.7939],[147.32881,-42.79393],[147.32923,-42.79398],[147.32984,-42.79416],[147.32996,-42.7942],[147.33005,-42.79426],[147.33021,-42.7944],[147.33052,-42.79465],[147.33065,-42.79473],[147.33091,-42.79482],[147.33098,-42.79486],[147.33102,-42.7949],[147.33119,-42.79516],[147.33137,-42.79541],[147.33147,-42.79553],[147.33151,-42.79569],[147.33156,-42.79581],[147.33159,-42.79588],[147.33168,-42.79597],[147.33177,-42.79603],[147.33192,-42.79611],[147.33206,-42.79618],[147.33218,-42.79625],[147.33232,-42.79634],[147.3324,-42.79641],[147.33252,-42.79652],[147.33313,-42.79714],[147.33321,-42.79722],[147.33325,-42.79729],[147.33329,-42.79739],[147.33335,-42.79759],[147.33349,-42.79789],[147.33363,-42.79815],[147.3338,-42.79841],[147.33388,-42.79852],[147.334,-42.79862],[147.33414,-42.7987],[147.33429,-42.79877],[147.33436,-42.79878],[147.33442,-42.79879],[147.33449,-42.7988],[147.33456,-42.79879],[147.33474,-42.79872],[147.33489,-42.79867],[147.33504,-42.79865],[147.33518,-42.79864],[147.33529,-42.79864],[147.33538,-42.79865],[147.33558,-42.79865],[147.33579,-42.79865],[147.33595,-42.79862],[147.33618,-42.79856],[147.33635,-42.79852],[147.33656,-42.79852],[147.33681,-42.79851],[147.33699,-42.79852],[147.33722,-42.79851],[147.33749,-42.79851],[147.33772,-42.79854],[147.33789,-42.7986],[147.33813,-42.7987],[147.33824,-42.79876],[147.33833,-42.79882],[147.33838,-42.79886],[147.33839,-42.7989],[147.33839,-42.79897],[147.33838,-42.79901],[147.33828,-42.79913],[147.33823,-42.79916],[147.33814,-42.7992],[147.33804,-42.79923],[147.33786,-42.79926],[147.33772,-42.79929],[147.33763,-42.79932],[147.33757,-42.79935],[147.33735,-42.79948],[147.33725,-42.79952],[147.33687,-42.79963],[147.3365,-42.79969],[147.33625,-42.79973],[147.33613,-42.79976],[147.33603,-42.79981],[147.33596,-42.79985],[147.33565,-42.80009],[147.33556,-42.80013],[147.33546,-42.80016],[147.33532,-42.80018],[147.33527,-42.8002],[147.33525,-42.80022],[147.33523,-42.80026],[147.33522,-42.80031],[147.33522,-42.80036],[147.33523,-42.8004],[147.3354,-42.80093],[147.3355,-42.80111],[147.33554,-42.80118],[147.33559,-42.80124],[147.33601,-42.80175],[147.33608,-42.80185],[147.33612,-42.80191],[147.33621,-42.8021],[147.33624,-42.80217],[147.33626,-42.80229],[147.33629,-42.80239],[147.33633,-42.80252],[147.33641,-42.80269],[147.33648,-42.80292],[147.33651,-42.80298],[147.33656,-42.80304],[147.33668,-42.80317]],"gravel"],[186474320,"track","RB3",[[147.32779,-42.80056],[147.32784,-42.80045],[147.32802,-42.80023],[147.32812,-42.80004],[147.32825,-42.79991],[147.32841,-42.79976],[147.32842,-42.79972],[147.32842,-42.79964],[147.32838,-42.79959],[147.32834,-42.79954],[147.32804,-42.79927],[147.32793,-42.79919],[147.3278,-42.79909],[147.32771,-42.79896],[147.32766,-42.79882],[147.32764,-42.79864],[147.32767,-42.79843],[147.32765,-42.7983],[147.32767,-42.79797],[147.32766,-42.79787],[147.32764,-42.79778],[147.3276,-42.79767],[147.32753,-42.79757],[147.32746,-42.79751],[147.32733,-42.79737],[147.32731,-42.79727],[147.3273,-42.79719],[147.32729,-42.79703],[147.32723,-42.7969],[147.32713,-42.79677],[147.32704,-42.79674],[147.327,-42.79673],[147.32683,-42.79674],[147.32629,-42.79667],[147.32612,-42.79661],[147.32595,-42.79654],[147.32576,-42.7965],[147.32552,-42.79648],[147.32523,-42.79652],[147.32505,-42.79653],[147.32495,-42.79651],[147.32488,-42.79644],[147.32485,-42.79635],[147.32487,-42.79623],[147.3253,-42.79552],[147.32537,-42.79533],[147.32535,-42.79518],[147.32526,-42.79502],[147.32494,-42.79474],[147.32481,-42.79458],[147.32446,-42.79433],[147.32429,-42.79415],[147.32404,-42.79403],[147.32386,-42.79399],[147.32365,-42.79396],[147.32346,-42.7939],[147.32308,-42.79369],[147.32273,-42.79352],[147.32213,-42.79329],[147.3217,-42.79312],[147.32137,-42.79305],[147.32105,-42.79302],[147.32091,-42.79301],[147.3205,-42.79292],[147.32026,-42.79285],[147.31981,-42.79261],[147.31949,-42.79248],[147.31936,-42.79244],[147.31889,-42.79235],[147.31855,-42.79233],[147.31835,-42.79235],[147.3182,-42.79235],[147.31805,-42.79239],[147.31796,-42.79245],[147.31787,-42.79253],[147.3178,-42.79256],[147.31774,-42.79257],[147.31768,-42.79255],[147.31762,-42.79251],[147.31754,-42.79242],[147.31738,-42.79218],[147.3173,-42.79204],[147.3172,-42.79189],[147.31714,-42.79177],[147.31713,-42.7917],[147.31732,-42.79149],[147.31752,-42.79135],[147.31759,-42.79125],[147.31761,-42.79116],[147.31753,-42.79101],[147.31745,-42.7909],[147.31727,-42.7907],[147.31708,-42.7905],[147.31607,-42.78929],[147.31573,-42.78876],[147.31528,-42.78834],[147.31484,-42.78781],[147.31466,-42.78752],[147.31441,-42.78645],[147.31453,-42.78614],[147.31476,-42.7858],[147.31464,-42.78554],[147.31383,-42.78457],[147.313,-42.78358],[147.31197,-42.78248],[147.31163,-42.78214]],"gravel"],[1034777350,"track","",[[147.33246,-42.80452],[147.3324,-42.8045],[147.33235,-42.80451],[147.33227,-42.80454],[147.33221,-42.80457],[147.33217,-42.80457],[147.33215,-42.80454],[147.33217,-42.80451],[147.33222,-42.80445],[147.33232,-42.80435],[147.33239,-42.80424],[147.33242,-42.80413],[147.33242,-42.80404],[147.3324,-42.80392],[147.33232,-42.80369],[147.33223,-42.80332],[147.33212,-42.80311],[147.33194,-42.80294],[147.33171,-42.80279],[147.33082,-42.80228],[147.33075,-42.80223],[147.33066,-42.80217],[147.33055,-42.80211],[147.33035,-42.80201],[147.33012,-42.80191],[147.32936,-42.80161],[147.32902,-42.80147],[147.3287,-42.80137],[147.32859,-42.80131],[147.32853,-42.80126],[147.32852,-42.80124],[147.32851,-42.80121],[147.32852,-42.80119],[147.32856,-42.80116],[147.32861,-42.80113],[147.32866,-42.80112],[147.32878,-42.80112],[147.32913,-42.80115],[147.32953,-42.80116],[147.33004,-42.80116],[147.33022,-42.80114],[147.33063,-42.80104],[147.33078,-42.80091],[147.33083,-42.80073],[147.33079,-42.80055],[147.3306,-42.80022],[147.3305,-42.80006],[147.33046,-42.79996],[147.3304,-42.79983],[147.33028,-42.79962],[147.33023,-42.79954],[147.33016,-42.79945],[147.33011,-42.79939],[147.33006,-42.79934],[147.33005,-42.79928],[147.33006,-42.79921],[147.33012,-42.79914],[147.33022,-42.79908],[147.3305,-42.79897],[147.33057,-42.79891],[147.33061,-42.79885],[147.33062,-42.79877],[147.33061,-42.7987],[147.33059,-42.79863],[147.33055,-42.79852],[147.33046,-42.79826],[147.33039,-42.79813],[147.33031,-42.79802],[147.33014,-42.79784],[147.32995,-42.7977],[147.3298,-42.79753],[147.32962,-42.79731],[147.32941,-42.79702],[147.3293,-42.79689],[147.32921,-42.7968],[147.3291,-42.79669],[147.32899,-42.79654],[147.3289,-42.79642],[147.32874,-42.79622],[147.32866,-42.79611],[147.3286,-42.79601],[147.3285,-42.79577],[147.32842,-42.79564],[147.32833,-42.79553],[147.32825,-42.79542],[147.32819,-42.79531],[147.32812,-42.79519],[147.32806,-42.79503],[147.32804,-42.79495],[147.32801,-42.7949],[147.32796,-42.79484],[147.3276,-42.7943],[147.32754,-42.7942],[147.32751,-42.7941],[147.32749,-42.79392],[147.32744,-42.79376],[147.32743,-42.7937],[147.32744,-42.79364],[147.32746,-42.7936],[147.32749,-42.79357],[147.3275,-42.79356],[147.32757,-42.79351],[147.32765,-42.79346],[147.32769,-42.79345],[147.32776,-42.79344]],"gravel"]]}