{"v":2,"features":[[671964007,"secondary","Grasstree Hill Road",[[147.3457,-42.80809],[147.34675,-42.80814],[147.34926,-42.80824],[147.34966,-42.80826],[147.3502,-42.80829],[147.35106,-42.80832],[147.3513,-42.80832],[147.35151,-42.80831],[147.3517,-42.8083],[147.35187,-42.80827],[147.35202,-42.80823],[147.3522,-42.80818],[147.35236,-42.80812],[147.35255,-42.80803],[147.35273,-42.80792],[147.35342,-42.80749],[147.35361,-42.80735],[147.35377,-42.80722],[147.35391,-42.80708],[147.35416,-42.80682],[147.35422,-42.80675],[147.35427,-42.80669],[147.35431,-42.80663],[147.35435,-42.80656],[147.35437,-42.8065],[147.35439,-42.80643],[147.3544,-42.80635],[147.35441,-42.80628],[147.35441,-42.80621],[147.3544,-42.8061],[147.35439,-42.80602],[147.35437,-42.80594],[147.35433,-42.80577],[147.3543,-42.80565],[147.35428,-42.80555],[147.35427,-42.80548],[147.35427,-42.80541],[147.35428,-42.80533],[147.35429,-42.80526],[147.35434,-42.80512],[147.35437,-42.80503],[147.35442,-42.80494],[147.3545,-42.80482],[147.35454,-42.80476],[147.35462,-42.80466],[147.35468,-42.8046],[147.3548,-42.80449],[147.35495,-42.80435],[147.35508,-42.80423],[147.35518,-42.80412],[147.35527,-42.80401],[147.35531,-42.80394],[147.35533,-42.80389],[147.35536,-42.80382],[147.35538,-42.80375],[147.3554,-42.80362],[147.35541,-42.80352],[147.35541,-42.80345],[147.35541,-42.80336],[147.35541,-42.80327],[147.3554,-42.80318],[147.35538,-42.8031],[147.35537,-42.80304],[147.35535,-42.80296],[147.35533,-42.80288],[147.35531,-42.8028],[147.35528,-42.80271],[147.35525,-42.80259],[147.35524,-42.80254],[147.35523,-42.80244],[147.35523,-42.80236],[147.35524,-42.80231],[147.35525,-42.80225],[147.35527,-42.80218],[147.3553,-42.80212],[147.35532,-42.80206],[147.35536,-42.80199],[147.3554,-42.80193],[147.35544,-42.80187],[147.35551,-42.80177],[147.35558,-42.80166],[147.35565,-42.80158],[147.35574,-42.80147],[147.35584,-42.80135],[147.35594,-42.80125],[147.35612,-42.80104],[147.35625,-42.8009],[147.35634,-42.8008],[147.35645,-42.80068],[147.35653,-42.80059],[147.35666,-42.80046],[147.35678,-42.80034],[147.35683,-42.80029],[147.35687,-42.80024],[147.35693,-42.80018],[147.35702,-42.80005],[147.35707,-42.79995],[147.3571,-42.79989],[147.35714,-42.79978],[147.35716,-42.79971],[147.35718,-42.79967],[147.3572,-42.79957],[147.35722,-42.79946],[147.35723,-42.79936],[147.35724,-42.79926],[147.35723,-42.79917],[147.35723,-42.79906],[147.35724,-42.7989],[147.35724,-42.79878],[147.35723,-42.79868],[147.35724,-42.79856],[147.35724,-42.79844],[147.35724,-42.79835],[147.35725,-42.7983],[147.35726,-42.79825],[147.35728,-42.7982],[147.35731,-42.79816],[147.35734,-42.79812],[147.35739,-42.79808],[147.35743,-42.79804],[147.35747,-42.79801],[147.35752,-42.79798],[147.35759,-42.79794],[147.35767,-42.79791],[147.35778,-42.79786],[147.35787,-42.79781],[147.35794,-42.79777],[147.35801,-42.79772],[147.35806,-42.79767],[147.35811,-42.79762],[147.35816,-42.79754],[147.35823,-42.79742],[147.35828,-42.79732],[147.35837,-42.79713],[147.35843,-42.79701],[147.35847,-42.79689],[147.35851,-42.7968],[147.35854,-42.79671],[147.35855,-42.79667],[147.35856,-42.79661],[147.35856,-42.79656],[147.35856,-42.79649],[147.35855,-42.79643],[147.35855,-42.79637],[147.35854,-42.79631],[147.3585,-42.79621],[147.35847,-42.79613],[147.35844,-42.79604],[147.35843,-42.79597],[147.35843,-42.79591],[147.35843,-42.79587],[147.35844,-42.79584],[147.35846,-42.79579],[147.35848,-42.79576],[147.35851,-42.79572],[147.35855,-42.79568],[147.35865,-42.79558],[147.35884,-42.79541],[147.35894,-42.79532],[147.35899,-42.79525],[147.35903,-42.79519],[147.35906,-42.79514],[147.35908,-42.79508],[147.35909,-42.79503],[147.3591,-42.79497],[147.3591,-42.7949],[147.3591,-42.79484],[147.35908,-42.79478],[147.35906,-42.79472],[147.35903,-42.79466],[147.359,-42.7946],[147.35892,-42.79449],[147.35883,-42.79437],[147.35878,-42.79431],[147.35874,-42.79425],[147.35871,-42.79418],[147.35869,-42.79411],[147.35868,-42.79406],[147.35867,-42.794],[147.35867,-42.79394],[147.35867,-42.79389],[147.35867,-42.79376],[147.35867,-42.79368],[147.35868,-42.79361],[147.35869,-42.79353],[147.3587,-42.79347],[147.35873,-42.79341],[147.35875,-42.79337],[147.35879,-42.79331],[147.35884,-42.79325],[147.35893,-42.79315],[147.35904,-42.79304],[147.35908,-42.79299],[147.3591,-42.79294],[147.35914,-42.79287],[147.35916,-42.79281],[147.35918,-42.79274],[147.35919,-42.79269],[147.35919,-42.79263],[147.35919,-42.79254],[147.35917,-42.79247],[147.35916,-42.79241],[147.35913,-42.79234],[147.3591,-42.79226],[147.35906,-42.79217],[147.35901,-42.79208],[147.35867,-42.79156],[147.35863,-42.79151],[147.3586,-42.79143],[147.35858,-42.79136],[147.35858,-42.7913],[147.3586,-42.79124],[147.35862,-42.79118],[147.35865,-42.79114],[147.3587,-42.7911],[147.35885,-42.79098],[147.35905,-42.79084],[147.35919,-42.79073],[147.3593,-42.79063],[147.35952,-42.79043],[147.35962,-42.79034],[147.3597,-42.79028],[147.35977,-42.79023],[147.35983,-42.79019],[147.35993,-42.79014],[147.36006,-42.79008],[147.36017,-42.79003],[147.36027,-42.78999],[147.36035,-42.78994],[147.36042,-42.7899],[147.36049,-42.78984],[147.36054,-42.78978],[147.3606,-42.78971],[147.36063,-42.78965],[147.36066,-42.78958],[147.36068,-42.7895],[147.36069,-42.78944],[147.36069,-42.78938],[147.36068,-42.78932],[147.36067,-42.78926],[147.36064,-42.78919],[147.36057,-42.78905],[147.36052,-42.78895],[147.36044,-42.78881],[147.36038,-42.78872],[147.36031,-42.78863],[147.36024,-42.78855],[147.36013,-42.78842],[147.36007,-42.78837],[147.36004,-42.78833],[147.35995,-42.78823],[147.35989,-42.78816],[147.35983,-42.78807],[147.35979,-42.788],[147.35974,-42.78791],[147.3597,-42.78782],[147.35967,-42.78773],[147.35962,-42.7876],[147.35959,-42.78751],[147.35955,-42.7873],[147.35957,-42.78696],[147.35958,-42.78658],[147.35954,-42.78628],[147.35948,-42.78595],[147.35944,-42.78535],[147.35942,-42.78514],[147.35933,-42.78495],[147.35919,-42.7848],[147.35896,-42.78464],[147.35791,-42.78402],[147.35778,-42.78395],[147.35767,-42.78383],[147.35761,-42.78369],[147.35759,-42.78357],[147.35758,-42.78334],[147.35762,-42.78316],[147.35767,-42.78305],[147.35778,-42.78291],[147.35801,-42.78282],[147.35842,-42.78272],[147.35917,-42.78263],[147.35932,-42.78258],[147.35944,-42.78251],[147.35952,-42.78242],[147.35957,-42.78227],[147.35964,-42.78208],[147.35971,-42.78198],[147.35981,-42.78192],[147.35991,-42.78189],[147.36001,-42.78188],[147.36016,-42.78189],[147.36101,-42.78199],[147.36135,-42.78202],[147.36223,-42.7821],[147.36241,-42.78206],[147.36255,-42.78201],[147.36262,-42.78193],[147.36265,-42.78183],[147.36267,-42.78175],[147.36253,-42.78128],[147.36256,-42.78105],[147.36264,-42.7809],[147.3631,-42.78041],[147.36316,-42.78034],[147.36351,-42.78002],[147.36372,-42.77986],[147.36387,-42.77982],[147.36405,-42.77981],[147.36426,-42.77984],[147.36447,-42.77991],[147.36482,-42.78011],[147.36502,-42.78021],[147.36526,-42.78022],[147.36547,-42.7802],[147.36581,-42.78009],[147.36611,-42.77992],[147.36689,-42.7796],[147.36768,-42.7793],[147.368,-42.77923],[147.36859,-42.77913],[147.36908,-42.77914],[147.36933,-42.77918],[147.3697,-42.77931],[147.36993,-42.77942],[147.37001,-42.7795],[147.3701,-42.77958],[147.37017,-42.77972],[147.37013,-42.77999],[147.37002,-42.78021],[147.36962,-42.78083],[147.36957,-42.78102],[147.36955,-42.78118],[147.36961,-42.78129],[147.36972,-42.78143],[147.36987,-42.78155],[147.37007,-42.78171],[147.37047,-42.78192],[147.37102,-42.78211],[147.37133,-42.78218],[147.37156,-42.78219],[147.37172,-42.78217],[147.3719,-42.78204],[147.37251,-42.78119],[147.37255,-42.78113],[147.37267,-42.78103],[147.37279,-42.78095],[147.37291,-42.78091],[147.37303,-42.78087],[147.37322,-42.78086],[147.37338,-42.78087],[147.37423,-42.78093],[147.37461,-42.78091],[147.375,-42.78083],[147.37513,-42.78075],[147.37515,-42.78073],[147.37517,-42.78069],[147.37517,-42.78068],[147.37518,-42.78053],[147.37515,-42.78043],[147.37498,-42.78029],[147.37444,-42.78001],[147.37395,-42.77978],[147.3737,-42.7796],[147.37353,-42.77942],