{"v":2,"features":[[29702448,"residential","Bolton Court",[[138.58829,-35.05063],[138.58813,-35.05056],[138.58707,-35.04977]],"asphalt"],[49961376,"residential","Coulter Street",[[138.56858,-35.05172],[138.56905,-35.05184],[138.5693,-35.05183],[138.56952,-35.05176],[138.56964,-35.05164],[138.56975,-35.05148],[138.56987,-35.05124],[138.56998,-35.05102],[138.57007,-35.05092],[138.57019,-35.05085],[138.57033,-35.05081],[138.5705,-35.05084],[138.57067,-35.05089],[138.57084,-35.05094],[138.57099,-35.05099],[138.57105,-35.05101],[138.57119,-35.05104],[138.57124,-35.05105],[138.57144,-35.05106],[138.57162,-35.05101],[138.57174,-35.05093],[138.57181,-35.05083],[138.57188,-35.0507],[138.57188,-35.05057],[138.57168,-35.05012],[138.5716,-35.05006],[138.57149,-35.05005],[138.5713,-35.05006],[138.57078,-35.05],[138.5707,-35.04995],[138.57058,-35.04973]]],[85255046,"residential","Gunya Street",[[138.5735,-35.05036],[138.57342,-35.05035],[138.57337,-35.05034],[138.57333,-35.05032],[138.57329,-35.0503],[138.57325,-35.05027],[138.57317,-35.05013],[138.57308,-35.04995],[138.57292,-35.04967]],"asphalt"],[86263892,"secondary","Black Road",[[138.60339,-35.05871],[138.60303,-35.05861],[138.60253,-35.05841],[138.60207,-35.05816],[138.60187,-35.05804],[138.60037,-35.05707],[138.59988,-35.05679],[138.59957,-35.05666],[138.59941,-35.05661],[138.59926,-35.05655],[138.59852,-35.05634],[138.59808,-35.0562],[138.59796,-35.05616],[138.59777,-35.05609],[138.59745,-35.05594],[138.59719,-35.05582],[138.59645,-35.05541],[138.59611,-35.05523],[138.59555,-35.05489],[138.59452,-35.05425],[138.594,-35.05386],[138.59329,-35.05317],[138.59231,-35.05225],[138.59193,-35.05191],[138.59176,-35.05179],[138.5906,-35.0511],[138.59019,-35.05087],[138.58988,-35.05072],[138.58864,-35.05018],[138.5885,-35.05012],[138.58802,-35.04992],[138.58724,-35.04958],[138.58576,-35.0489],[138.58521,-35.04873],[138.58448,-35.04864]],"asphalt"],[86263899,"secondary","Black Road",[[138.58314,-35.04879],[138.58254,-35.04898],[138.58132,-35.04941],[138.57923,-35.05023],[138.57885,-35.05039],[138.57853,-35.0505],[138.57827,-35.05058],[138.57778,-35.05073],[138.57721,-35.05087],[138.57708,-35.0509],[138.57687,-35.05094],[138.57668,-35.05097],[138.57653,-35.05099],[138.57621,-35.05102]],"asphalt"],[86263903,"secondary","Flagstaff Road",[[138.57282,-35.0497],[138.57292,-35.04996],[138.57305,-35.0503],[138.57311,-35.05049],[138.57315,-35.0506],[138.57318,-35.05068],[138.57321,-35.05073],[138.57323,-35.05078],[138.57326,-35.05083],[138.57331,-35.05087],[138.57334,-35.0509],[138.57337,-35.05094],[138.5734,-35.05099]],"asphalt"],[116411615,"residential","Birman Crescent",[[138.58632,-35.05117],[138.58628,-35.05048],[138.58625,-35.05022],[138.58623,-35.05016],[138.58619,-35.05012],[138.58598,-35.04999],[138.58588,-35.04994],[138.58577,-35.04988],[138.5846,-35.04965],[138.58454,-35.04964],[138.58447,-35.04963],[138.58382,-35.04966],[138.58357,-35.04973],[138.58234,-35.05003],[138.58206,-35.05009],[138.58187,-35.05015],[138.5807,-35.05054],[138.58059,-35.05059],[138.5805,-35.05064],[138.58044,-35.05069],[138.58038,-35.05075],[138.58034,-35.05081],[138.58031,-35.05087],[138.5803,-35.05095],[138.58029,-35.05108],[138.58026,-35.05135],[138.58027,-35.05143],[138.58033,-35.05219],[138.58034,-35.05235],[138.58036,-35.05238],[138.58038,-35.05242],[138.58041,-35.05245],[138.58044,-35.05249],[138.58056,-35.05261],[138.58079,-35.05277],[138.58093,-35.05285],[138.58103,-35.05289],[138.58111,-35.05292],[138.58121,-35.05295],[138.58128,-35.05297],[138.58136,-35.05297],[138.58146,-35.05297],[138.58165,-35.05295],[138.58275,-35.05283],[138.58282,-35.05283],[138.5829,-35.05284],[138.58331,-35.05292]],"asphalt"],[116411616,"residential","Vynland Drive",[[138.58598,-35.04999],[138.58585,-35.05018],[138.5858,-35.05022],[138.58574,-35.05026],[138.58567,-35.05028],[138.5855,-35.05034],[138.58542,-35.05037],[138.58535,-35.05039],[138.58396,-35.05045],[138.58357,-35.05049],[138.58268,-35.05059],[138.58259,-35.0506],[138.58253,-35.05059],[138.58248,-35.05056],[138.58246,-35.05052],[138.58245,-35.05045],[138.58244,-35.05028],[138.5824,-35.05018],[138.58234,-35.05003]],"asphalt"],[181082821,"secondary","Flagstaff Road",[[138.57303,-35.0511],[138.57302,-35.05106],[138.57302,-35.05102],[138.57302,-35.05097],[138.57302,-35.05092],[138.57303,-35.05086],[138.57304,-35.0508],[138.57303,-35.05071],[138.57303,-35.05064],[138.57302,-35.05057],[138.573,-35.05049],[138.57296,-35.05034],[138.57291,-35.05019],[138.57287,-35.05007],[138.57282,-35.04993],[138.57266,-35.04954],[138.57257,-35.04933],[138.57235,-35.04885],[138.57197,-35.04811],[138.57194,-35.04805],[138.57189,-35.04796],[138.57159,-35.04739],[138.57145,-35.04714]],"asphalt"],[182071604,"residential","Ponderosa Walk",[[138.5707,-35.04995],[138.57053,-35.05002],[138.56966,-35.05002],[138.56959,-35.04998],[138.56953,-35.04992]]],[205443411,"path","",[[138.5521,-35.04662],[138.5521,-35.04671],[138.55235,-35.05033],[138.55238,-35.05043],[138.55244,-35.05062],[138.55248,-35.05078],[138.55255,-35.05097],[138.55259,-35.05115],[138.55269,-35.05118]]],[285386246,"service","",[[138.59175,-35.04997],[138.5916,-35.05021],[138.59147,-35.05037],[138.59133,-35.05045],[138.59123,-35.05049],[138.59111,-35.0505],[138.59075,-35.05051],[138.59042,-35.05053],[138.59014,-35.05054],[138.59003,-35.05056],[138.58997,-35.0506],[138.58988,-35.05072]]],[292406922,"track","",[[138.59366,-35.04977],[138.59363,-35.04988],[138.59362,-35.04999],[138.59369,-35.05012],[138.59382,-35.05026],[138.59388,-35.05041],[138.59392,-35.0506],[138.59397,-35.05079],[138.59395,-35.0509]]],[347104470,"track","Witowirra Fire Track",[[138.59479,-35.04992],[138.59479,-35.05006],[138.5948,-35.05016],[138.59483,-35.05021],[138.59492,-35.05028],[138.595,-35.05031],[138.59552,-35.05031],[138.59559,-35.05031],[138.59604,-35.05027],[138.59651,-35.05024],[138.5968,-35.05024],[138.59748,-35.05016]]]],"nodeAttrs":{"-35.051240,138.569870":{"crossingUnmarked":true},"-35.051040,138.571190":{"crossingUnmarked":true},"-35.050940,138.570840":{"crossingUnmarked":true},"-35.050500,138.578530":{"crossingUnmarked":true},"-35.050120,138.579220":{"crossingUnmarked":true},"-35.056160,138.597960":{"crossingUnmarked":true}}}