{"v":2,"features":[[23273972,"residential","Murrays Hill Road",[[138.61234,-35.04942],[138.61245,-35.04972],[138.61246,-35.04983],[138.61246,-35.04988],[138.61238,-35.05017],[138.6123,-35.05036],[138.61218,-35.05054],[138.61179,-35.05096],[138.61173,-35.05105],[138.61171,-35.05109],[138.61166,-35.0512],[138.61153,-35.05166],[138.61147,-35.05175],[138.61137,-35.05185],[138.61128,-35.05191],[138.61114,-35.05195],[138.6105,-35.05187],[138.61031,-35.0519],[138.61017,-35.05195],[138.61009,-35.052],[138.61002,-35.05211],[138.61001,-35.05222],[138.61005,-35.05232],[138.6103,-35.05255],[138.61081,-35.05302],[138.61131,-35.05342],[138.61158,-35.05363],[138.61194,-35.05415],[138.61205,-35.05425],[138.61216,-35.05432],[138.61232,-35.05437],[138.61251,-35.05438],[138.6135,-35.05429],[138.61375,-35.05429],[138.61382,-35.05429],[138.61401,-35.0543],[138.6145,-35.05439],[138.61491,-35.05448],[138.61514,-35.05454],[138.61545,-35.05466],[138.61563,-35.05474],[138.61603,-35.05496],[138.61635,-35.05521],[138.61637,-35.05522],[138.61649,-35.05536],[138.61658,-35.05549],[138.61662,-35.05566],[138.61664,-35.05581],[138.61665,-35.05587],[138.61667,-35.05614],[138.61667,-35.05624],[138.61666,-35.05633],[138.61639,-35.05704],[138.61639,-35.05715],[138.6164,-35.05719],[138.61642,-35.05727],[138.61647,-35.05734],[138.61654,-35.05741],[138.61663,-35.05748],[138.61681,-35.05754],[138.61707,-35.05761],[138.61716,-35.05764],[138.61724,-35.05767],[138.61735,-35.05774],[138.61741,-35.05781],[138.61747,-35.05794],[138.61749,-35.05808],[138.61748,-35.05828],[138.61745,-35.05842],[138.61744,-35.05843],[138.61738,-35.05857]],"asphalt"],[25009767,"residential","Hurds Hill Drive",[[138.62403,-35.05134],[138.62378,-35.05131],[138.62344,-35.05122],[138.6232,-35.0511],[138.62311,-35.05104],[138.62301,-35.05094],[138.62296,-35.05083],[138.62291,-35.0503],[138.62284,-35.05018],[138.6227,-35.05008],[138.62255,-35.05005],[138.62196,-35.05],[138.6206,-35.0499]],"paved"],[25139132,"residential","Annette Way",[[138.61882,-35.05047],[138.61876,-35.05043],[138.6185,-35.05005],[138.61845,-35.04983],[138.61835,-35.04882]]],[25139221,"residential","Light Road",[[138.61436,-35.04753],[138.61429,-35.04758],[138.61426,-35.04765],[138.61433,-35.04857],[138.61436,-35.04908],[138.61441,-35.04981],[138.61445,-35.05066],[138.61449,-35.05113],[138.61455,-35.05201],[138.61461,-35.05279],[138.61462,-35.05289],[138.61468,-35.05308],[138.61472,-35.05316],[138.61483,-35.05324],[138.61492,-35.05329],[138.61555,-35.05357],[138.6162,-35.05387],[138.61713,-35.05429],[138.61736,-35.05434],[138.61769,-35.0543],[138.61805,-35.054],[138.61817,-35.05397],[138.61878,-35.05393],[138.61892,-35.05392],[138.61901,-35.05387],[138.61934,-35.05335]],"asphalt"],[25139249,"residential","Wyndham Drive",[[138.61731,-35.05287],[138.61717,-35.05279],[138.61706,-35.05261],[138.61704,-35.05249],[138.6171,-35.05236],[138.61734,-35.05208],[138.61757,-35.05183],[138.61762,-35.05172],[138.61762,-35.0516],[138.61753,-35.05125],[138.61751,-35.05117],[138.61745,-35.05085],[138.61744,-35.05076],[138.6174,-35.0504],[138.61738,-35.05028],[138.61725,-35.04984],[138.61706,-35.04955],[138.61676,-35.04931],[138.61651,-35.04916],[138.61502,-35.04861],[138.61475,-35.04855],[138.61433,-35.04857]],"asphalt"],[25139265,"residential","Goldsack Avenue",[[138.6174,-35.0504],[138.61609,-35.05047],[138.61587,-35.05047],[138.61567,-35.05041],[138.61556,-35.05033],[138.61531,-35.04995],[138.61522,-35.04987],[138.61502,-35.04978],[138.61441,-35.04981]],"asphalt"],[26280041,"residential","Neville Street",[[138.61246,-35.04983],[138.61368,-35.05034],[138.61445,-35.05066]],"asphalt"],[26280840,"residential","Sandalwood Crescent",[[138.6039,-35.04974],[138.60448,-35.04963],[138.60467,-35.04957],[138.60484,-35.0495],[138.60493,-35.04949],[138.60499,-35.04951],[138.60505,-35.04958],[138.60508,-35.04965],[138.60511,-35.04975],[138.60516,-35.05018],[138.60522,-35.05029],[138.6053,-35.05055],[138.60535,-35.05088],[138.60541,-35.051],[138.60567,-35.0516],[138.60578,-35.0518],[138.60612,-35.05211],[138.60628,-35.05226],[138.60637,-35.0524],[138.60663,-35.05293],[138.60683,-35.0532],[138.607,-35.05334],[138.60724,-35.05345],[138.60741,-35.05352],[138.60765,-35.05358],[138.60796,-35.05366],[138.6081,-35.05372],[138.60822,-35.0538],[138.60833,-35.05395],[138.60836,-35.05405],[138.60836,-35.05415],[138.60834,-35.05434],[138.60833,-35.05458],[138.6083,-35.05482],[138.60826,-35.05495],[138.60793,-35.05531]],"asphalt"],[26280895,"residential","Ironbark Avenue",[[138.60457,-35.04879],[138.60391,-35.04905],[138.60383,-35.04911],[138.60377,-35.04917],[138.60374,-35.04923],[138.60372,-35.04928],[138.60374,-35.04937],[138.6039,-35.04974],[138.60382,-35.05012],[138.6038,-35.05026],[138.60379,-35.05037],[138.60386,-35.05064],[138.60398,-35.05081],[138.60419,-35.05097],[138.60423,-35.051],[138.6043,-35.05105],[138.60448,-35.05116],[138.60465,-35.0513],[138.60476,-35.05149],[138.605,-35.05209],[138.60507,-35.05216],[138.60533,-35.05242],[138.60547,-35.05259],[138.60576,-35.05321],[138.60595,-35.05346],[138.60604,-35.05357]],"asphalt"],[331868199,"residential","Weymouth Road",[[138.64249,-35.04859],[138.6423,-35.04874],[138.64152,-35.04914],[138.6413,-35.04929],[138.64081,-35.04979],[138.6404,-35.05021],[138.63973,-35.05105],[138.63951,-35.05143],[138.63941,-35.05162],[138.63931,-35.05186],[138.63921,-35.05212],[138.63923,-35.05219],[138.63924,-35.05224],[138.63929,-35.05232],[138.63938,-35.0524],[138.63971,-35.05277],[138.64015,-35.05314],[138.64059,-35.05349],[138.64101,-35.0538],[138.64243,-35.05469],[138.64264,-35.05477],[138.6447,-35.05507],[138.64578,-35.0552],[138.64627,-35.05542],[138.64737,-35.05599],[138.64755,-35.0561]],"paved"]],"nodeAttrs":{"-35.058420,138.617450":{"crossingUnmarked":true}}}