{"v":2,"features":[[19720358,"residential","Dalton Avenue",[[138.74496,-35.02452],[138.74508,-35.02463],[138.74533,-35.02483],[138.74553,-35.02503],[138.74573,-35.02522],[138.74586,-35.0254],[138.74595,-35.02556],[138.74608,-35.02561],[138.74627,-35.02552],[138.74665,-35.02537],[138.74714,-35.02525],[138.74749,-35.02521],[138.74797,-35.02524],[138.74854,-35.02524],[138.74916,-35.02519],[138.75002,-35.02514],[138.75089,-35.02507],[138.7514,-35.0251],[138.75179,-35.02525],[138.75216,-35.02543],[138.75248,-35.02552],[138.75275,-35.02546],[138.75311,-35.02523],[138.75361,-35.02494],[138.75406,-35.02469],[138.75438,-35.02449],[138.75468,-35.02423],[138.75482,-35.02404],[138.7549,-35.02395],[138.75494,-35.02381]],"paved"],[19721347,"residential","Kiley Road",[[138.7548,-35.03163],[138.75449,-35.03162],[138.75398,-35.03159],[138.75338,-35.03148],[138.75293,-35.03127],[138.75253,-35.03118],[138.75196,-35.03117],[138.7516,-35.03121],[138.75145,-35.03122],[138.75129,-35.0312],[138.75099,-35.03109],[138.7508,-35.03104],[138.75069,-35.03103],[138.75057,-35.03107],[138.75043,-35.0312],[138.7502,-35.03149],[138.75002,-35.0317],[138.7498,-35.03193]]],[23458907,"unclassified","Arbury Park Road",[[138.75234,-35.00531],[138.75207,-35.00454],[138.75179,-35.00373],[138.75147,-35.00338],[138.75062,-35.00267],[138.74982,-35.00215],[138.74947,-35.00185]],"asphalt"],[23461749,"residential","Duke Street",[[138.74969,-35.01217],[138.75119,-35.01148]]],[23461751,"residential","Eve Street",[[138.74978,-35.01561],[138.75109,-35.01554],[138.75211,-35.01553]]],[23461853,"residential","Dunn Street",[[138.74972,-35.01317],[138.75018,-35.013],[138.75062,-35.0128],[138.75205,-35.01212],[138.75221,-35.01204]]],[142811144,"secondary","Kain Avenue",[[138.74921,-35.01045],[138.7497,-35.00989],[138.75022,-35.00936],[138.75032,-35.0093],[138.75078,-35.00907],[138.75091,-35.00898],[138.75101,-35.00887],[138.75104,-35.00873],[138.75105,-35.00865],[138.75107,-35.00843],[138.75113,-35.00803],[138.75128,-35.00756],[138.75125,-35.00741]]],[295312539,"path","",[[138.74779,-35.03424],[138.74798,-35.03429],[138.74816,-35.03431],[138.74829,-35.03435],[138.74836,-35.03439],[138.74843,-35.03447],[138.74855,-35.03472],[138.7486,-35.03479],[138.74879,-35.035],[138.74907,-35.03522],[138.74916,-35.03532],[138.74918,-35.03539],[138.74918,-35.03543],[138.74889,-35.03574],[138.74876,-35.03591],[138.74872,-35.03599],[138.74868,-35.03607],[138.7487,-35.03611],[138.74875,-35.03612],[138.74896,-35.03608],[138.74917,-35.03606],[138.74932,-35.03608],[138.74953,-35.03615],[138.74966,-35.03617],[138.74978,-35.03616],[138.74986,-35.03614],[138.74999,-35.03615],[138.75012,-35.03619],[138.75039,-35.03629],[138.75052,-35.03631],[138.75059,-35.03639],[138.75068,-35.03647],[138.75078,-35.03661],[138.75084,-35.03671],[138.75083,-35.0368],[138.75084,-35.03685],[138.7509,-35.03691],[138.75099,-35.03695],[138.75108,-35.03695],[138.7512,-35.03695],[138.7514,-35.03692],[138.75175,-35.03687],[138.75203,-35.03685],[138.7522,-35.03685],[138.75228,-35.03691],[138.75235,-35.03696],[138.75245,-35.03699],[138.75252,-35.03704],[138.75267,-35.03726],[138.75282,-35.0375],[138.75291,-35.03764],[138.75296,-35.03772],[138.75339,-35.03822],[138.75356,-35.03841],[138.75375,-35.03863],[138.7538,-35.03873],[138.75384,-35.0388],[138.75391,-35.03887]],"dirt"],[321592270,"path","",[[138.7498,-35.02163],[138.74997,-35.02159],[138.75017,-35.02155],[138.7503,-35.02152],[138.75039,-35.02151],[138.75047,-35.02147]],"dirt"],[324744822,"service","",[[138.75014,-35.01916],[138.7501,-35.01916],[138.74993,-35.01919]]],[367568648,"path","",[[138.74924,-35.03739],[138.74929,-35.03735],[138.74941,-35.03731],[138.74952,-35.03724],[138.74961,-35.03718],[138.74969,-35.03717],[138.74979,-35.03712],[138.74986,-35.03709],[138.74999,-35.03708],[138.75004,-35.03705],[138.75017,-35.03704],[138.75025,-35.037],[138.75034,-35.03699],[138.75041,-35.037],[138.75043,-35.03694],[138.75052,-35.03692],[138.7506,-35.0369],[138.75062,-35.03687],[138.75068,-35.03684],[138.75083,-35.0368]],"dirt"],[761128810,"track","",[[138.74668,-35.00586],[138.7467,-35.00572],[138.74672,-35.00566],[138.7468,-35.0056],[138.74728,-35.00538],[138.74723,-35.00523],[138.74718,-35.00509],[138.74718,-35.00501],[138.74731,-35.00505],[138.74753,-35.00504],[138.74782,-35.00512],[138.74795,-35.00513],[138.74819,-35.00525],[138.7485,-35.00522],[138.74891,-35.00525],[138.74909,-35.00533],[138.74936,-35.00543],[138.74957,-35.00547],[138.7497,-35.00556],[138.7498,-35.00561],[138.75007,-35.00581],[138.75018,-35.00596],[138.75019,-35.00605],[138.7502,-35.00618],[138.75007,-35.00641],[138.74981,-35.00638],[138.74955,-35.00623],[138.74937,-35.00614],[138.74916,-35.00612],[138.74898,-35.00613],[138.74894,-35.00624],[138.74888,-35.00635],[138.74858,-35.00636],[138.74822,-35.00639],[138.74804,-35.00644],[138.7479,-35.00646],[138.74779,-35.00647],[138.74751,-35.00634],[138.74731,-35.00614],[138.74717,-35.006],[138.74703,-35.00597],[138.74695,-35.00596],[138.74668,-35.00586]]],[1001569643,"path","",[[138.7498,-35.02163],[138.74989,-35.0215],[138.74997,-35.02143],[138.75001,-35.02136],[138.75005,-35.02125],[138.75006,-35.02114],[138.75012,-35.02101],[138.75023,-35.02078],[138.75031,-35.02068],[138.75034,-35.02064]]]]}