{"v":2,"features":[[29703902,"unclassified","Mount George Road",[[138.74778,-34.9845],[138.74794,-34.98575],[138.74857,-34.98652],[138.74859,-34.98655],[138.74871,-34.98662],[138.74994,-34.98739],[138.7511,-34.98753],[138.75144,-34.98772],[138.75181,-34.98806],[138.75248,-34.98964],[138.75212,-34.99038],[138.75211,-34.9909],[138.75251,-34.99131],[138.75284,-34.99145]],"asphalt"],[89645522,"unclassified","Range Road",[[138.74958,-34.96263],[138.74968,-34.96246],[138.74975,-34.96235],[138.74983,-34.96227],[138.74992,-34.9622],[138.75004,-34.96211],[138.75036,-34.96189],[138.75057,-34.96175],[138.75063,-34.9617],[138.75072,-34.9616],[138.7508,-34.96146],[138.75084,-34.96132],[138.75105,-34.9603],[138.75111,-34.96014],[138.7512,-34.96],[138.7513,-34.95989],[138.75164,-34.95956],[138.75193,-34.95921],[138.752,-34.95913],[138.75242,-34.95838],[138.75248,-34.95829],[138.75256,-34.95818],[138.75264,-34.95808],[138.75279,-34.95792],[138.75303,-34.95773],[138.75402,-34.95697],[138.75433,-34.9567],[138.75438,-34.95662],[138.75467,-34.95602],[138.75476,-34.95576],[138.75477,-34.95567],[138.75475,-34.95556],[138.75462,-34.95493],[138.75451,-34.95416],[138.75451,-34.95391],[138.75454,-34.95374],[138.75465,-34.95336],[138.7548,-34.95299],[138.75488,-34.95282],[138.75498,-34.95273],[138.75511,-34.95262],[138.75573,-34.95224],[138.75596,-34.95209],[138.75612,-34.95195],[138.75623,-34.95179],[138.75646,-34.95136],[138.75658,-34.9511],[138.75665,-34.95088],[138.75671,-34.95045],[138.75679,-34.94966],[138.75686,-34.94939],[138.75692,-34.94925],[138.75707,-34.94911],[138.75805,-34.94844],[138.75818,-34.94833],[138.75828,-34.94821],[138.75837,-34.94796],[138.75848,-34.94759],[138.75853,-34.94733],[138.75853,-34.94711],[138.75843,-34.94606],[138.75847,-34.94533],[138.75855,-34.94487],[138.75868,-34.94455],[138.75885,-34.94429],[138.75904,-34.94408],[138.7593,-34.94379],[138.76002,-34.94314],[138.76037,-34.9429],[138.76072,-34.9427],[138.76118,-34.94247],[138.76184,-34.94219],[138.76195,-34.94211],[138.76209,-34.942],[138.76228,-34.94189],[138.76258,-34.94179],[138.7631,-34.94162],[138.76374,-34.94132],[138.76446,-34.94099],[138.76468,-34.94084],[138.76485,-34.94066],[138.76499,-34.94036],[138.76504,-34.94015],[138.76504,-34.94007],[138.76503,-34.94002],[138.765,-34.93994],[138.76496,-34.93989],[138.76489,-34.93983],[138.76482,-34.93977]],"asphalt"],[123321533,"unclassified","Gully Road",[[138.7422,-34.98469],[138.74215,-34.98457],[138.74211,-34.98441],[138.74217,-34.98397],[138.74224,-34.98375],[138.74232,-34.98355],[138.74288,-34.98254],[138.74306,-34.98225],[138.74325,-34.98208],[138.74366,-34.98177],[138.74378,-34.98154],[138.74426,-34.98109],[138.74466,-34.98081],[138.74529,-34.98063],[138.74573,-34.98032],[138.74587,-34.98022],[138.74613,-34.97972],[138.74664,-34.97867],[138.74684,-34.97818],[138.74692,-34.97805],[138.74709,-34.97792],[138.74917,-34.97665],[138.74932,-34.97657],[138.74947,-34.97654],[138.74962,-34.97654],[138.74976,-34.97654],[138.74992,-34.97652],[138.75001,-34.97647],[138.7511,-34.97555],[138.75175,-34.97517],[138.75192,-34.97502],[138.7522,-34.97472],[138.75251,-34.97439],[138.75265,-34.97432],[138.75284,-34.97429],[138.75337,-34.97426],[138.75356,-34.97423],[138.75372,-34.97418],[138.75381,-34.97411],[138.75409,-34.97376],[138.75417,-34.9737],[138.75497,-34.9733],[138.75512,-34.97318],[138.75518,-34.97306],[138.75523,-34.9728],[138.7553,-34.97258],[138.75532,-34.9725],[138.75529,-34.97242],[138.75517,-34.97221],[138.75508,-34.97203],[138.75502,-34.97126],[138.75502,-34.97102],[138.75514,-34.97072],[138.75521,-34.9706],[138.75542,-34.97034],[138.75556,-34.97019],[138.75566,-34.97002],[138.75572,-34.96985],[138.75569,-34.96961],[138.75567,-34.96942],[138.75574,-34.96922],[138.75604,-34.96859],[138.75608,-34.96848],[138.75609,-34.96842],[138.75607,-34.96836],[138.756,-34.96828],[138.75567,-34.96799],[138.75538,-34.96765],[138.75516,-34.96728],[138.75511,-34.96704],[138.75514,-34.96683],[138.75526,-34.96659],[138.75536,-34.96649],[138.75556,-34.96635],[138.75571,-34.96628],[138.75599,-34.96619],[138.75608,-34.96613],[138.75612,-34.96603],[138.75619,-34.96573],[138.75628,-34.96529],[138.75643,-34.96472],[138.75659,-34.96448],[138.75678,-34.96422],[138.75686,-34.96414]],"gravel"]]}