{"v":2,"features":[[174611728,"secondary","Montacute Road",[[138.74272,-34.88831],[138.74299,-34.88839],[138.74331,-34.8884],[138.7436,-34.88831],[138.74381,-34.88817],[138.74391,-34.88798],[138.744,-34.88779],[138.74412,-34.88766],[138.74422,-34.88761],[138.74446,-34.88763],[138.74464,-34.88765],[138.74485,-34.88764],[138.745,-34.88761],[138.74517,-34.88763],[138.74528,-34.88769],[138.74534,-34.88779],[138.74543,-34.88795],[138.7456,-34.88802],[138.7458,-34.88801],[138.74598,-34.88792],[138.74621,-34.88789],[138.74643,-34.88787],[138.74662,-34.88785],[138.7468,-34.88784],[138.74697,-34.88783],[138.74717,-34.88785],[138.74736,-34.88789],[138.7476,-34.8879],[138.74781,-34.88788],[138.74806,-34.88788],[138.74823,-34.88789],[138.74844,-34.88796],[138.74868,-34.88803],[138.74891,-34.88812],[138.74906,-34.88824],[138.74911,-34.88842],[138.74912,-34.88871],[138.74909,-34.88903],[138.749,-34.88922],[138.74892,-34.8895],[138.74896,-34.8896],[138.74912,-34.88976],[138.74942,-34.89003],[138.74975,-34.89026],[138.75004,-34.8905],[138.75026,-34.89071],[138.75051,-34.89094],[138.75066,-34.89108],[138.75086,-34.89127],[138.7511,-34.89149],[138.75125,-34.89169],[138.75144,-34.89205],[138.75141,-34.8924],[138.7513,-34.89271],[138.75144,-34.89312],[138.75158,-34.89335],[138.75162,-34.89359],[138.75151,-34.89372],[138.75142,-34.89388],[138.75145,-34.894],[138.75153,-34.89408],[138.75164,-34.89409],[138.75178,-34.89403],[138.75201,-34.89393],[138.75227,-34.89385],[138.75288,-34.89375],[138.75327,-34.89382],[138.75348,-34.89398],[138.75378,-34.89426],[138.75395,-34.8945],[138.75411,-34.89482],[138.7543,-34.89513],[138.75439,-34.89545],[138.75447,-34.89585],[138.75447,-34.89606],[138.7543,-34.89642],[138.75411,-34.89663],[138.75399,-34.89672],[138.75398,-34.89688],[138.75414,-34.89705],[138.75456,-34.89741],[138.75489,-34.89749],[138.7552,-34.89752],[138.75555,-34.89756],[138.7558,-34.89763],[138.75666,-34.89823],[138.75694,-34.89843],[138.75742,-34.8986],[138.75775,-34.89857],[138.75806,-34.89858],[138.75849,-34.89877],[138.75893,-34.89902],[138.75917,-34.89918],[138.75934,-34.89928],[138.75972,-34.89978],[138.75989,-34.89996],[138.76027,-34.90042],[138.76041,-34.90065],[138.76061,-34.90083],[138.76096,-34.90093],[138.76132,-34.90098],[138.76189,-34.9011],[138.76231,-34.90127],[138.76292,-34.90143],[138.7635,-34.90153],[138.7638,-34.90156],[138.76441,-34.90159],[138.7651,-34.9017],[138.76533,-34.90174],[138.76556,-34.90178],[138.76582,-34.90189],[138.766,-34.902],[138.76616,-34.90214],[138.76622,-34.90232],[138.76628,-34.90253],[138.76634,-34.90276],[138.76638,-34.90303],[138.7665,-34.9033],[138.76673,-34.90347],[138.76701,-34.90361],[138.76725,-34.90381],[138.76736,-34.90392],[138.76742,-34.90417]],"asphalt"],[1056316248,"unclassified","Institute Road",[[138.74925,-34.89672],[138.74991,-34.89707],[138.75031,-34.89739],[138.75069,-34.89787],[138.75081,-34.89812],[138.75085,-34.89824],[138.75094,-34.89837],[138.75102,-34.89857],[138.75106,-34.89878],[138.75107,-34.89901],[138.75115,-34.89919],[138.75135,-34.89938],[138.75162,-34.8997],[138.75169,-34.89988],[138.75176,-34.90001],[138.75233,-34.90053],[138.75238,-34.90102],[138.75253,-34.90199],[138.75267,-34.90231],[138.75276,-34.90241],[138.75278,-34.90246]],"asphalt"]]}