{"v":2,"features":[[23974566,"residential","Royal Avenue",[[145.14687,-37.95679],[145.14688,-37.95672],[145.14703,-37.95593],[145.1472,-37.955],[145.14726,-37.95491],[145.14732,-37.95487],[145.14738,-37.95483],[145.14762,-37.95477],[145.14774,-37.95471],[145.14782,-37.95463],[145.14791,-37.95452],[145.14797,-37.95439],[145.14805,-37.95399],[145.14806,-37.95392],[145.14808,-37.95383],[145.14851,-37.95156],[145.14853,-37.95149],[145.14854,-37.9514],[145.14895,-37.94931],[145.14896,-37.94925],[145.14898,-37.94916],[145.14936,-37.94712],[145.14937,-37.94704]]],[137293639,"primary","Westall Road",[[145.13873,-37.94985],[145.13863,-37.95036]]],[177478482,"unclassified","Deals Road",[[145.12047,-37.94659],[145.12041,-37.94664],[145.1204,-37.9467],[145.12026,-37.94739],[145.11955,-37.95082],[145.11949,-37.95116],[145.11938,-37.95167],[145.11929,-37.95211],[145.11911,-37.95304],[145.11898,-37.95364],[145.11881,-37.95454],[145.1188,-37.9546]],"gravel"],[203064267,"residential","Princess Avenue",[[145.14485,-37.95099],[145.14487,-37.9509],[145.1452,-37.94908]]],[452230500,"residential","Victoria Avenue",[[145.14769,-37.94914],[145.14767,-37.94923],[145.14731,-37.9512],[145.1473,-37.95129]]],[544120084,"service","",[[145.14193,-37.94994],[145.14201,-37.94991],[145.14206,-37.94991],[145.14209,-37.94991],[145.14209,-37.94994],[145.14205,-37.95015],[145.14204,-37.95017],[145.14184,-37.95014],[145.14188,-37.94998],[145.14189,-37.94996],[145.14193,-37.94994]]],[579383670,"trunk","Dingley Bypass",[[145.10259,-37.95489],[145.10237,-37.95449],[145.10221,-37.95414],[145.10201,-37.95361],[145.1003,-37.9492],[145.10017,-37.94888],[145.10012,-37.94877]]],[579383671,"trunk","Dingley Bypass",[[145.10035,-37.9488],[145.10059,-37.94937],[145.10082,-37.94997],[145.10105,-37.95057],[145.10116,-37.95087],[145.10122,-37.95102],[145.10127,-37.95117],[145.10174,-37.95237],[145.10196,-37.95296],[145.10209,-37.95327],[145.1022,-37.95356],[145.10229,-37.9538],[145.10238,-37.95404],[145.10249,-37.95428],[145.10261,-37.95452],[145.10273,-37.95474],[145.10286,-37.95496]]],[671056552,"service","",[[145.11594,-37.95038],[145.11596,-37.95027],[145.11601,-37.95004],[145.11597,-37.94995]]],[989351608,"cycleway","Dingley Bypass Trail",[[145.10793,-37.9586],[145.10762,-37.9585],[145.10732,-37.9583],[145.1071,-37.95814],[145.10685,-37.95807],[145.10566,-37.95741],[145.1047,-37.95671],[145.10465,-37.95668],[145.10462,-37.95666],[145.10457,-37.95664],[145.10451,-37.95661],[145.10446,-37.95659],[145.10441,-37.95656],[145.10436,-37.95654],[145.10432,-37.95652],[145.10425,-37.95646],[145.10421,-37.95641],[145.10411,-37.95631],[145.10408,-37.95628],[145.10405,-37.95624],[145.104,-37.95619],[145.10395,-37.95614],[145.10407,-37.9561],[145.10413,-37.95608],[145.10416,-37.95607],[145.10417,-37.95607],[145.10418,-37.95606],[145.10419,-37.95605],[145.10421,-37.95604],[145.10422,-37.95603],[145.10422,-37.95602],[145.10423,-37.95601],[145.10423,-37.956],[145.10423,-37.95599],[145.10423,-37.95597],[145.10423,-37.95595],[145.10422,-37.95594],[145.10422,-37.95592],[145.1042,-37.95591],[145.10418,-37.95589],[145.10383,-37.9555],[145.10367,-37.95533],[145.10356,-37.95521],[145.10346,-37.95511],[145.10341,-37.95505],[145.10336,-37.95499],[145.10327,-37.95487],[145.10319,-37.95475],[145.10314,-37.95469],[145.10309,-37.95464],[145.10305,-37.95459],[145.10298,-37.95452],[145.10293,-37.95446],[145.10291,-37.95443],[145.10289,-37.9544],[145.10286,-37.95434],[145.1028,-37.95422],[145.10271,-37.95402],[145.10172,-37.95132],[145.10167,-37.9512],[145.10164,-37.95114],[145.10161,-37.95108],[145.10156,-37.951],[145.10152,-37.95093],[145.1015,-37.95087],[145.10148,-37.9508],[145.10147,-37.95075],[145.10145,-37.95067],[145.10139,-37.95049],[145.10137,-37.95044],[145.10135,-37.9504],[145.10133,-37.95037],[145.10129,-37.95033],[145.10124,-37.95029],[145.1012,-37.95025],[145.10116,-37.9502],[145.10113,-37.95017],[145.10111,-37.95014],[145.10109,-37.9501],[145.10107,-37.95004],[145.10102,-37.94992],[145.10099,-37.94984],[145.10096,-37.94977],[145.10093,-37.9497],[145.10064,-37.94908],[145.10059,-37.94899],[145.1005,-37.94883],[145.10047,-37.94878]],"concrete"],[1124664009,"primary_link","",[[145.13874,-37.94978],[145.13876,-37.94998],[145.13877,-37.95013],[145.13877,-37.95017],[145.13879,-37.95024],[145.1388,-37.95026],[145.13881,-37.95029],[145.13884,-37.95033],[145.13888,-37.95039]],"asphalt"],[1187072846,"cycleway","",[[145.11503,-37.94876],[145.11503,-37.9488],[145.11473,-37.95031],[145.11472,-37.95035],[145.11428,-37.95257],[145.11426,-37.9527]],"concrete"],[1309291057,"path","",[[145.11503,-37.9488],[145.11497,-37.94878],[145.1149,-37.94881],[145.11482,-37.94885],[145.11472,-37.94892],[145.11461,-37.94903],[145.11457,-37.9491],[145.11451,-37.94915],[145.11441,-37.94924],[145.11435,-37.94932],[145.1143,-37.94944],[145.11429,-37.94954],[145.11431,-37.94965],[145.11433,-37.94975],[145.11431,-37.94984],[145.11428,-37.94995],[145.11422,-37.9501],[145.11418,-37.9502],[145.11418,-37.95024],[145.11417,-37.95028],[145.11417,-37.95049],[145.11417,-37.95084],[145.11417,-37.95102],[145.11415,-37.95117],[145.11409,-37.95135],[145.11402,-37.95152],[145.11394,-37.95165],[145.11379,-37.95181],[145.11363,-37.95198],[145.11344,-37.95208],[145.11329,-37.95215],[145.11312,-37.95215],[145.11296,-37.95213],[145.11287,-37.95211],[145.11281,-37.9521],[145.11266,-37.95208],[145.11262,-37.95208],[145.1126,-37.9521],[145.11259,-37.95214]],"compacted"],[1309291064,"path","",[[145.11286,-37.9508],[145.11292,-37.95081],[145.11296,-37.95079],[145.11299,-37.95076],[145.11306,-37.95061],[145.11312,-37.95044],[145.11316,-37.95036],[145.11318,-37.95029],[145.1132,-37.9502],[145.11325,-37.95005],[145.1133,-37.94994],[145.11336,-37.94985],[145.11339,-37.9498],[145.11342,-37.94978]],"compacted"],[1309291067,"path","",[[145.11156,-37.94953],[145.11159,-37.94957],[145.11164,-37.94962],[145.11174,-37.9497],[145.11179,-37.94977],[145.11182,-37.94986],[145.11184,-37.94997],[145.11184,-37.95014],[145.11185,-37.95033],[145.11186,-37.95048],[145.11189,-37.95058],[145.11196,-37.95067],[145.11207,-37.95072],[145.1122,-37.95075],[145.11233,-37.95076],[145.11245,-37.95074],[145.11258,-37.9507],[145.11268,-37.95069],[145.11277,-37.95071],[145.11287,-37.95073]],"compacted"],[1309291068,"path","",[[145.10624,-37.94815],[145.1062,-37.94821],[145.10613,-37.94835],[145.1061,-37.94845],[145.1061,-37.94857],[145.10612,-37.9487],[145.1061,-37.94881],[145.10607,-37.94893],[145.10604,-37.94908],[145.10599,-37.94924],[145.10596,-37.94936],[145.10593,-37.94951],[145.10592,-37.94964],[145.10593,-37.94978],[145.10595,-37.94993],[145.10597,-37.95004],[145.10594,-37.95017],[145.1059,-37.95031],[145.10589,-37.95043],[145.10592,-37.95055],[145.10596,-37.95066],[145.10606,-37.95076],[145.10616,-37.9508],[145.10631,-37.95081],[145.10659,-37.95081],[145.10677,-37.9508],[145.10691,-37.95077],[145.107,-37.95069],[145.10702,-37.95059],[145.10702,-37.95046],[145.10698,-37.95037],[145.1069,-37.95025],[145.10677,-37.95014],[145.10666,-37.95002],[145.1066,-37.94987],[145.10658,-37.94967],[145.1066,-37.9494],[145.10663,-37.94907],[145.10667,-37.94879],[145.1067,-37.94854],[145.10671,-37.94845],[145.10675,-37.94837],[145.10682,-37.94833],[145.10691,-37.94829],[145.10703,-37.94825],[145.10709,-37.94821],[145.10715,-37.94815],[145.10719,-37.9481]],"compacted"],[1332845013,"footway","Windsor Avenue",[[145.14412,-37.9487],[145.14412,-37.94872],[145.14412,-37.94873],[145.14402,-37.94926],[145.14391,-37.94982],[145.14387,-37.95004],[145.14373,-37.95078],[145.14372,-37.95081],[145.14375,-37.95082],[145.14453,-37.95091],[145.14465,-37.95093],[145.1447,-37.95093],[145.14474,-37.95091],[145.14474,-37.95089],[145.14482,-37.9505],[145.14489,-37.95014],[145.14494,-37.94986],[145.14502,-37.94944],[145.1451,-37.94902],[145.14513,-37.9489],[145.14513,-37.94889],[145.1451,-37.94885],[145.14506,-37.94884],[145.14464,-37.94879],[145.14412,-37.94873]],