{"v":2,"features":[[51252495,"residential","Festival Drive",[[144.74168,-37.90779],[144.74179,-37.90781],[144.74262,-37.9079],[144.74353,-37.908],[144.74399,-37.90806],[144.74429,-37.90809],[144.74435,-37.9081],[144.74443,-37.90811],[144.74457,-37.90813],[144.74628,-37.90842],[144.74667,-37.90848],[144.74716,-37.90856],[144.74723,-37.90857],[144.74806,-37.90871],[144.74906,-37.90888],[144.75012,-37.90905],[144.7502,-37.90906]],"asphalt"],[51253220,"service","Azalea Lane",[[144.75018,-37.90264],[144.7501,-37.90312],[144.75007,-37.90317],[144.74973,-37.90338],[144.74962,-37.90341],[144.74899,-37.90334],[144.74848,-37.90328],[144.74838,-37.90326],[144.7483,-37.90321],[144.74806,-37.90296],[144.74803,-37.90288],[144.74812,-37.90236]],"asphalt"],[58779446,"residential","Hibiscus Crescent",[[144.75071,-37.90287],[144.75063,-37.90335],[144.75062,-37.9034],[144.75059,-37.90344],[144.75056,-37.90347],[144.74999,-37.90381],[144.74995,-37.90383],[144.74993,-37.90384],[144.7499,-37.90385],[144.74986,-37.90385],[144.7498,-37.90385],[144.74893,-37.90375],[144.74885,-37.90374],[144.74823,-37.90367],[144.74814,-37.90366],[144.7481,-37.90366],[144.74806,-37.90364],[144.74803,-37.90363],[144.74801,-37.9036],[144.74797,-37.90357],[144.74767,-37.90325]],"asphalt"],[77726655,"tertiary","Lincolnheath Boulevard",[[144.75065,-37.9027],[144.75061,-37.90269],[144.75055,-37.90268],[144.75018,-37.90264],[144.74991,-37.90261],[144.74987,-37.9026],[144.74983,-37.90259],[144.74981,-37.90258],[144.74979,-37.90255],[144.74977,-37.90251],[144.74977,-37.90247],[144.74978,-37.90244],[144.74981,-37.90236]],"asphalt"],[89179243,"residential","Maidenhair Drive",[[144.74785,-37.9068],[144.74812,-37.90683],[144.74828,-37.90684],[144.74843,-37.90685],[144.74856,-37.90685],[144.74875,-37.90686],[144.74901,-37.90686],[144.7492,-37.90686],[144.74938,-37.90685],[144.74982,-37.90684],[144.75043,-37.90683],[144.75064,-37.90683],[144.7507,-37.90683],[144.75075,-37.90684],[144.75077,-37.90684],[144.75078,-37.90684],[144.75086,-37.90687]],"asphalt"],[481152695,"service","",[[144.75047,-37.91751],[144.74991,-37.91747]],"asphalt"],[486472712,"residential","Faversham Street",[[144.75,-37.91309],[144.74992,-37.91308],[144.74822,-37.91289],[144.74812,-37.91289],[144.74805,-37.91289]],"asphalt"],[486472715,"residential","Endurance Way",[[144.75043,-37.91048],[144.75035,-37.91048],[144.75029,-37.91049],[144.75012,-37.91051],[144.74983,-37.91056],[144.74962,-37.91061],[144.74938,-37.91067],[144.74921,-37.91072],[144.74907,-37.91077],[144.74896,-37.91081],[144.74884,-37.91085],[144.74884,-37.91086],[144.74874,-37.9109],[144.74862,-37.91095],[144.74848,-37.91101],[144.74837,-37.91107],[144.74822,-37.91115],[144.74807,-37.91123],[144.74797,-37.91128],[144.74788,-37.91133],[144.7477,-37.91142],[144.74758,-37.91148],[144.74744,-37.91154],[144.7473,-37.91159],[144.74713,-37.91165],[144.74696,-37.91171],[144.74683,-37.91175],[144.74676,-37.91177],[144.74666,-37.91181],[144.74648,-37.91191],[144.74639,-37.91195]],"asphalt"],[497173335,"footway","",[[144.75013,-37.90898],[144.74882,-37.90877],[144.74724,-37.90851]],"concrete"],[497959462,"cycleway","",[[144.75018,-37.9099],[144.7501,-37.90986],[144.75007,-37.90986],[144.75001,-37.90986],[144.74991,-37.90987],[144.74977,-37.90989],[144.74962,-37.90991],[144.74951,-37.90994],[144.74937,-37.90997],[144.74922,-37.91001],[144.74907,-37.91005],[144.74889,-37.9101],[144.74872,-37.91016],[144.74859,-37.9102],[144.7485,-37.91024],[144.74848,-37.91025],[144.74843,-37.91028],[144.74838,-37.91032],[144.74832,-37.91035],[144.74824,-37.91038],[144.74816,-37.91042],[144.74813,-37.91043]],"concrete"],[497959465,"footway","",[[144.75035,-37.91042],[144.75017,-37.91044],[144.74999,-37.91047],[144.7498,-37.9105],[144.74961,-37.91054],[144.74946,-37.91058],[144.74933,-37.91062],[144.74917,-37.91066],[144.74899,-37.91072],[144.74882,-37.91079],[144.74881,-37.91079],[144.74865,-37.91086],[144.74857,-37.91089],[144.74851,-37.91092],[144.74837,-37.91099],[144.74824,-37.91105],[144.74807,-37.91115]],"concrete"],[497959467,"footway","",[[144.74819,-37.91123],[144.74832,-37.91117],[144.74844,-37.9111],[144.74853,-37.91106],[144.74874,-37.91096],[144.74893,-37.91089],[144.74933,-37.91076],[144.74941,-37.91073],[144.74949,-37.91071],[144.7497,-37.91066],[144.74981,-37.91064],[144.74991,-37.91062],[144.75008,-37.91059],[144.75026,-37.91056],[144.75035,-37.91055]],"concrete"],[541459559,"footway","",[[144.75011,-37.90961],[144.74965,-37.90933]],"concrete"],[584667702,"residential","Vanguard Crescent",[[144.75012,-37.91238],[144.75004,-37.91237],[144.74922,-37.91228],[144.74846,-37.91219],[144.74835,-37.91218],[144.74826,-37.91218],[144.74818,-37.91218],[144.74808,-37.91219],[144.74797,-37.9122],[144.74785,-37.91222],[144.74774,-37.91225],[144.74764,-37.91227],[144.74755,-37.9123],[144.74747,-37.91233],[144.7474,-37.91235],[144.74732,-37.91239],[144.7472,-37.91245],[144.74703,-37.91253],[144.74693,-37.91257]],"asphalt"],[787113832,"footway","",[[144.74707,-37.90861],[144.74715,-37.90863],[144.74723,-37.90864],[144.74796,-37.90876],[144.74804,-37.90877],[144.74812,-37.90879],[144.74895,-37.90892],[144.74904,-37.90894],[144.74911,-37.90895],[144.75011,-37.90911]],"concrete"],[787113845,"footway","",[[144.75043,-37.90992],[144.75036,-37.90993],[144.7503,-37.90994],[144.75024,-37.90995],[144.75022,-37.90995],[144.75014,-37.9099],[144.7501,-37.9099],[144.74995,-37.90992],[144.74976,-37.90994],[144.7496,-37.90997],[144.74945,-37.91],[144.74929,-37.91004],[144.74912,-37.91009],[144.74896,-37.91013],[144.74871,-37.91022],[144.74852,-37.91029],[144.74833,-37.91037],[144.74826,-37.9104],[144.74819,-37.91043]],"concrete"],[804655212,"service","",[[144.75002,-37.92011],[144.74963,-37.92009],[144.74962,-37.92007],[144.74962,-37.92005],[144.7496,-37.92004],[144.74941,-37.92002],[144.7494,-37.92014],[144.74956,-37.92014],[144.74958,-37.92014],[144.7496,-37.92013],[144.74962,-37.92012],[144.74963,-37.92009]]],[825335971,"unclassified","Williams Road",[[144.74942,-37.92359],[144.74941,-37.92363],[144.74941,-37.92364],[144.74939,-37.92376],[144.74938,-37.92383],[144.74935,-37.92399],[144.74931,-37.92424],[144.74925,-37.92457],[144.74912,-37.92534],[144.74892,-37.92642],[144.7488,-37.92702],[144.74868,-37.9278],[144.74867,-37.92786],[144.74856,-37.92853],[144.74855,-37.92857],[144.74843,-37.92937],[144.7483,-37.93017],[144.74829,-37.93026],[144.74823,-37.93064],[144.74821,-37.93071],[144.74818,-37.93087],[144.74815,-37.93105],[144.7481,-37.9312],[144.74798,-37.93134],[144.74774,-37.9315],[144.74745,-37.93164],[144.74732,-37.93165],[144.74707,-37.93167],[144.74663,-37.93166],[144.74583,-37.93167],[144.74561,-37.9317],[144.74539,-37.93176],[144.74533,-37.93179],[144.74522,-37.93186],[144.74503,-37.93205],[144.74493,-37.93217],[144.74487,-37.93233],[144.74445,-37.93471],[144.7444,-37.93499],[144.74438,-37.93522],[144.74439,-37.93531],[144.74439,-37.93535],[144.74441,-37.93551],[144.7445,-37.93572],[144.7446,-37.93588],[144.7447,-37.93601],[144.74484,-37.93615],[144.7452,-37.9364],[144.7458,-37.93678],[144.74655,-37.93727],[144.74681,-37.93744],[144.74697,-37.93755],[144.74704,-37.9376],[144.74724,-37.93774],[144.74749,-37.93789],[144.7481,-37.93783],[144.75008,-37.93774],[144.75201,-37.93764],[144.75237,-37.9377],[144.75258,-37.93776]],