{"v":2,"features":[[4909687,"residential","Pemberley Drive",[[145.14931,-37.90657],[145.14978,-37.90689],[145.15,-37.90701],[145.15059,-37.90704],[145.15077,-37.90705],[145.1512,-37.90708]]],[4909689,"residential","Longbourne Avenue",[[145.15,-37.90407],[145.15046,-37.9041],[145.15072,-37.90409],[145.15102,-37.90406]]],[4976885,"residential","Fairview Street",[[145.14958,-37.93414],[145.14964,-37.93414],[145.15057,-37.93426],[145.15071,-37.93428],[145.15076,-37.93429],[145.15088,-37.9343],[145.15183,-37.93442],[145.1519,-37.93443],[145.15196,-37.93444],[145.153,-37.93457],[145.15306,-37.93457],[145.15313,-37.93458],[145.15523,-37.93484],[145.15534,-37.93486]],"asphalt"],[19204745,"residential","Miles Street",[[145.15381,-37.92345],[145.15358,-37.92342],[145.15288,-37.92334],[145.15273,-37.92333],[145.15269,-37.92332],[145.15228,-37.92328],[145.15189,-37.92323],[145.15186,-37.92323],[145.15174,-37.92322],[145.15165,-37.92321],[145.15151,-37.92319],[145.15126,-37.92316],[145.15085,-37.92311],[145.15074,-37.9231],[145.15065,-37.92309],[145.1495,-37.92295],[145.14943,-37.92294],[145.14917,-37.92291],[145.14865,-37.92285],[145.14846,-37.92283]]],[23891540,"residential","Roberts Avenue",[[145.14973,-37.92722],[145.15006,-37.92744],[145.15301,-37.92929]]],[23976837,"residential","Glendale Road",[[145.15094,-37.93951],[145.15095,-37.93945],[145.15111,-37.93867],[145.15111,-37.93863],[145.15111,-37.9386],[145.1511,-37.93857],[145.15105,-37.93846],[145.15104,-37.93843],[145.15102,-37.93841],[145.151,-37.93838],[145.15011,-37.93765],[145.15003,-37.93759],[145.14799,-37.93653],[145.14775,-37.93641],[145.14662,-37.93606],[145.14646,-37.93606]]],[23976885,"residential","Avondale Street",[[145.15347,-37.93987],[145.15342,-37.93983],[145.15337,-37.9398],[145.1523,-37.93968],[145.15094,-37.93951],[145.15038,-37.93944],[145.14987,-37.93938],[145.1498,-37.93937]]],[23976909,"residential","Newcomen Road",[[145.15307,-37.94713],[145.15298,-37.94712],[145.15295,-37.94712],[145.15268,-37.94708],[145.15259,-37.94707],[145.15185,-37.94698],[145.15094,-37.94689],[145.15069,-37.94687],[145.15051,-37.94684],[145.15046,-37.94683],[145.15038,-37.94682],[145.1493,-37.94601],[145.14868,-37.94552],[145.14854,-37.94542],[145.1475,-37.94463],[145.14608,-37.94357],[145.14599,-37.9435],[145.14459,-37.94246]],"asphalt"],[46505443,"residential","Princes Highway",[[145.149,-37.928],[145.14923,-37.92797],[145.1511,-37.92914],[145.15142,-37.92935],[145.15236,-37.92995],[145.15294,-37.93032],[145.1534,-37.93061],[145.15369,-37.93079]]],[46742037,"residential","Ferntree Gully Road Service Road",[[145.14997,-37.90199],[145.15009,-37.90211]]],[131379431,"residential","Grandview Avenue",[[145.14967,-37.92722],[145.14973,-37.92722],[145.15016,-37.92727],[145.15163,-37.92745],[145.15169,-37.92746],[145.15174,-37.92747],[145.15178,-37.92748],[145.15182,-37.9275],[145.15207,-37.92765],[145.15213,-37.92769]],"asphalt"],[131379434,"residential","Montana Avenue",[[145.1497,-37.92631],[145.1518,-37.92657],[145.15442,-37.9269]],"asphalt"],[131379436,"residential","Highfield Avenue",[[145.14988,-37.92543],[145.15197,-37.92569],[145.15459,-37.92601],[145.1557,-37.92615],[145.15674,-37.92628],[145.15684,-37.92629]],"asphalt"],[255742324,"service","",[[145.14909,-37.92005],[145.15004,-37.92015],[145.15006,-37.92016],[145.15026,-37.92025]]],[452230578,"residential","Balmoral Avenue",[[145.14778,-37.94909],[145.14896,-37.94925],[145.15007,-37.94937],[145.15013,-37.94937]]],[488654094,"service","",[[145.14973,-37.91061],[145.15021,-37.91066],[145.15025,-37.91045],[145.15038,-37.90976],[145.14912,-37.90961],[145.14881,-37.90957]]],[839609837,"footway","",[[145.15206,-37.91795],[145.15196,-37.91793],[145.15185,-37.9179],[145.15178,-37.91788],[145.15173,-37.91788],[145.15161,-37.91791],[145.15118,-37.91785],[145.15113,-37.91785],[145.15087,-37.91782],[145.15085,-37.91781],[145.15033,-37.91774],[145.1488,-37.91756],[145.14867,-37.91756]]],[998387742,"service","",[[145.14988,-37.93897],[145.14992,-37.93897],[145.14997,-37.93898],[145.15045,-37.93905],[145.1504,-37.93936],[145.15038,-37.93944]]],[1139163548,"footway","",[[145.15168,-37.92307],[145.1516,-37.92311],[145.15153,-37.9231],[145.15127,-37.92307],[145.15076,-37.92302],[145.14968,-37.92289],[145.14962,-37.92283],[145.14979,-37.92193],[145.14989,-37.92181],[145.14992,-37.92177],[145.14995,-37.92166],[145.1502,-37.92046],[145.15022,-37.92044],[145.15025,-37.92041],[145.15029,-37.9204],[145.15034,-37.92038],[145.15038,-37.92035],[145.15041,-37.92032],[145.15042,-37.92029],[145.15043,-37.92024],[145.15041,-37.9202],[145.15038,-37.92016],[145.15034,-37.92014],[145.15031,-37.92012],[145.15025,-37.92011],[145.15007,-37.92009]]],[1183683878,"primary","Centre Road",[[145.15339,-37.93283],[145.15222,-37.93268],[145.15202,-37.93266],[145.15108,-37.93254],[145.1499,-37.93239],[145.14918,-37.9323]],"asphalt"],[1271367559,"footway","",[[145.14995,-37.93248],[145.14997,-37.93249],[145.14998,-37.93249],[145.15098,-37.93261],[145.15088,-37.93309],[145.15082,-37.93342],[145.15076,-37.9337],[145.15067,-37.93419]],"concrete"],[1271367590,"footway","",[[145.14967,-37.93421],[145.15056,-37.93432],[145.15063,-37.93433],[145.15065,-37.93435],[145.15064,-37.93438],[145.15058,-37.9347],[145.1505,-37.93515],[145.15043,-37.93549],[145.15033,-37.93606],[145.15032,-37.93609],[145.15028,-37.93608],[145.15033,-37.93606]],"concrete"],[1271367592,"footway","",[[145.14906,-37.93605],[145.14931,-37.93608],[145.14952,-37.93611],[145.14979,-37.93614],[145.14993,-37.93616],[145.15022,-37.93619],[145.15026,-37.9362],[145.15029,-37.9362],[145.15029,-37.93621],[145.1504,-37.93631],[145.15051,-37.93639],[145.15081,-37.93665],[145.15122,-37.93699],[145.15169,-37.93739],[145.15203,-37.93767],[145.15236,-37.93794],[145.15271,-37.93824],[145.15274,-37.93826],[145.15283,-37.93834]],"concrete"],[1271369652,"unclassified","Kelly Court",[[145.14984,-37.94263],[145.14997,-37.94201],[145.14998,-37.94196],[145.15,-37.94194],[145.15003,-37.94193],[145.15006,-37.94193],[145.15011,-37.94193],[145.15076,-37.94202],[145.15098,-37.94204],[145.15103,-37.94206],[145.15131,-37.94217],[145.15134,-37.94218],[145.15181,-37.94224]]],[1304098303,"footway","",[[145.15675,-37.92622],[145.15608,-37.92613],[145.15523,-37.92603],[145.15426,-37.92591],[145.15325,-37.92578],[145.15202,-37.92564],[145.15097,-37.9255],[145.14986,-37.92536],[145.14982,-37.92536],[145.14982,-37.92533],[145.14986,-37.92536]],"concrete"],[1304098309,"footway","",[[145.1499,-37.9273],[145.1501,-37.92732]],"concrete"],[1318769866,"footway","",[[145.15233,-37.92985],[145.15158,-37.92938],[145.15146,-37.9293],[145.15125,-37.92917],[145.15114,-37.9291],[145.15078,-37.92888],[145.15041,-37.92865],[145.15002,-37.9284],[145.14945,-37.92803],[145.1491,-37.92781]],"concrete"],[1340672458,"footway","",[[145.14994,-37.93928],[145.15036,-37.93932],[145.1504,-37.93936],[145.15043,-37.93939],[145.15088,-37.93944],[145.1509,-37.93944]],"concrete"],[1340672460,"footway","",[[145.15223,-37.93972],[145.15222,-37.93972],[145.15215,-37.93971],[145.15101,-37.93957],[145.14986,-37.93944]],