{"v":2,"features":[[4343227,"residential","Greenways Road",[[145.14916,-37.88319],[145.14919,-37.88317],[145.14948,-37.88297],[145.14968,-37.88295],[145.15056,-37.88306],[145.1511,-37.88317],[145.15175,-37.88324],[145.15237,-37.88331],[145.15303,-37.88335],[145.15501,-37.88358],[145.15507,-37.88362]],"asphalt"],[4343263,"residential","Bunker Crescent",[[145.14987,-37.88383],[145.14991,-37.88383],[145.15016,-37.88386],[145.151,-37.88402],[145.15189,-37.88412],[145.15194,-37.88414],[145.15197,-37.88418],[145.15181,-37.88517],[145.15173,-37.88524],[145.15161,-37.88524],[145.15056,-37.88457],[145.1504,-37.88452],[145.15027,-37.88449],[145.15016,-37.8845],[145.15007,-37.8845]]],[4343774,"residential","Lilian Street",[[145.14925,-37.88575],[145.14936,-37.88576],[145.14973,-37.88582],[145.14984,-37.88584],[145.14993,-37.8859],[145.15037,-37.8862],[145.15147,-37.88698],[145.15153,-37.88705],[145.15154,-37.88716],[145.15151,-37.88739],[145.15151,-37.88741],[145.15149,-37.88747]]],[4345159,"residential","Cotswold Court",[[145.14998,-37.88655],[145.15037,-37.8862]]],[4345322,"residential","Marbray Drive",[[145.14895,-37.88197],[145.14957,-37.88182],[145.15053,-37.88214],[145.15063,-37.8822],[145.15071,-37.88225],[145.15076,-37.88228],[145.15079,-37.8823],[145.15191,-37.88269],[145.15204,-37.88276],[145.15208,-37.88279],[145.15238,-37.88316],[145.15237,-37.88331]],"asphalt"],[4345435,"residential","Crosby Drive",[[145.14944,-37.88527],[145.14956,-37.88517],[145.1497,-37.88501],[145.1499,-37.88477],[145.14995,-37.88471],[145.15005,-37.88458],[145.15007,-37.8845],[145.1501,-37.8842],[145.15007,-37.88406],[145.15001,-37.88399],[145.14987,-37.88383],[145.14916,-37.88319],[145.14883,-37.8829],[145.14864,-37.88283]]],[4380210,"residential","Peveril Street",[[145.15052,-37.88922],[145.15051,-37.88928],[145.15011,-37.89142],[145.15009,-37.89148],[145.15005,-37.89154],[145.15002,-37.89159],[145.14998,-37.89164]]],[4394430,"tertiary","Coleman Parade",[[145.15788,-37.87854],[145.15683,-37.87825],[145.15574,-37.87798],[145.15455,-37.87767],[145.15337,-37.87734],[145.15324,-37.8773],[145.15251,-37.87709],[145.15208,-37.87702],[145.15173,-37.87697],[145.1506,-37.87681],[145.15046,-37.8768],[145.14974,-37.87671],[145.14948,-37.87668],[145.14917,-37.87665],[145.149,-37.87663],[145.1488,-37.87661]],"asphalt"],[4402787,"residential","Chivers Avenue",[[145.14906,-37.8941],[145.14916,-37.89411],[145.14948,-37.89415],[145.14962,-37.89416],[145.14975,-37.89415],[145.14992,-37.89412],[145.15008,-37.89412],[145.15025,-37.89414],[145.1504,-37.89417],[145.15165,-37.89448],[145.15291,-37.89464],[145.15299,-37.89465]]],[4716223,"residential","Tulloch Grove",[[145.14966,-37.89678],[145.14963,-37.89691],[145.14964,-37.89707],[145.14967,-37.89723],[145.14976,-37.89739],[145.15009,-37.89789],[145.15026,-37.89811],[145.15039,-37.89823],[145.15081,-37.89861],[145.151,-37.89878],[145.15122,-37.89898],[145.15144,-37.89919],[145.15155,-37.89928],[145.15165,-37.8993]]],[4716726,"residential","Delmore Crescent",[[145.14989,-37.8644],[145.14999,-37.86442],[145.15054,-37.86448],[145.15199,-37.86474],[145.1527,-37.86487],[145.15277,-37.86484],[145.15281,-37.86475],[145.15319,-37.86397],[145.15318,-37.86389],[145.15312,-37.86382],[145.15018,-37.86348],[145.15007,-37.86346]]],[4716728,"residential","Cherry Street",[[145.14971,-37.86535],[145.14981,-37.86536],[145.15078,-37.86547],[145.15309,-37.86572],[145.1539,-37.86582],[145.15396,-37.86583]]],[5097679,"residential","Herriotts Boulevard",[[145.14992,-37.89638],[145.15,-37.8964],[145.15005,-37.89641],[145.15015,-37.89643],[145.15079,-37.89652],[145.15154,-37.89662],[145.15158,-37.89663]]],[8656020,"footway","",[[145.1494,-37.87882],[145.15014,-37.87891],[145.15021,-37.87892]],"concrete:plates"],[10898746,"path","",[[145.14823,-37.88295],[145.14817,-37.88306],[145.14818,-37.88312],[145.14868,-37.88347],[145.14886,-37.88361],[145.14978,-37.8845],[145.1499,-37.88464],[145.14995,-37.88471],[145.15001,-37.88476],[145.15006,-37.88479],[145.15129,-37.88562],[145.15204,-37.88613],[145.15239,-37.88639],[145.15279,-37.88675],[145.153,-37.88695],[145.15306,-37.88703],[145.15313,-37.88719],[145.15314,-37.88726],[145.15313,-37.88732],[145.15307,-37.88737]],"gravel"],[28595305,"service","",[[145.15135,-37.85442],[145.15129,-37.85447],[145.15127,-37.85448],[145.15125,-37.85448],[145.15122,-37.85448],[145.15085,-37.85443],[145.15077,-37.85441],[145.15057,-37.85437],[145.1491,-37.85418]]],[29416882,"residential","Baker Avenue",[[145.15277,-37.89543],[145.15246,-37.89538],[145.15195,-37.89531],[145.15098,-37.89518],[145.15024,-37.89509],[145.15016,-37.8951],[145.15014,-37.89512],[145.15011,-37.89516],[145.15004,-37.89544],[145.14993,-37.89597],[145.1499,-37.89612],[145.14988,-37.89622],[145.14985,-37.89631]]],[48343767,"service","",[[145.15074,-37.87676],[145.15075,-37.87671],[145.15076,-37.87669],[145.15077,-37.87662],[145.1505,-37.8766],[145.14977,-37.87649]],"paved"],[49551451,"service","",[[145.14997,-37.85268],[145.15015,-37.85271],[145.1501,-37.85298],[145.15003,-37.85332]]],[54664182,"path","",[[145.14978,-37.88504],[145.14979,-37.88506],[145.14998,-37.88525],[145.15019,-37.88548],[145.15048,-37.88567],[145.15078,-37.88582],[145.15091,-37.88592],[145.15117,-37.88612],[145.15143,-37.88633],[145.15176,-37.88653],[145.15195,-37.88667],[145.15226,-37.88691],[145.15239,-37.88707],[145.15279,-37.88739],[145.15287,-37.88746],[145.15296,-37.88747],[145.15305,-37.88747],[145.15315,-37.88748]]],[54664190,"cycleway","",[[145.15,-37.88494],[145.15006,-37.88479]]],[128574745,"service","",[[145.14964,-37.85323],[145.14968,-37.85326],[145.1497,-37.85327],[145.14971,-37.85327],[145.14985,-37.85329],[145.14992,-37.8533],[145.15003,-37.85332],[145.15021,-37.85334],[145.15039,-37.85336],[145.15046,-37.85337],[145.15057,-37.85338],[145.15064,-37.85338],[145.15066,-37.85337],[145.15069,-37.85336],[145.15083,-37.85328],[145.15091,-37.85323],[145.15095,-37.85321],[145.15098,-37.85319],[145.15099,-37.85317],[145.151,-37.85315],[145.15101,-37.8531],[145.15106,-37.85285]]],[139339669,"cycleway","Scotchmans Creek Trail",[[145.14799,-37.8946],[145.14803,-37.89461],[145.14812,-37.89458],[145.14822,-37.89454],[145.14827,-37.89453],[145.14832,-37.89452],[145.14836,-37.89452],[145.14849,-37.89453],[145.14867,-37.89454],[145.1488,-37.89454],[145.14886,-37.89454],[145.14901,-37.89456],[145.14908,-37.89456],[145.14945,-37.89461],[145.1499,-37.89467],[145.15,-37.89471],[145.15007,-37.89478],[145.15011,-37.89483],[145.15012,-37.89486],[145.15009,-37.89493],[145.15006,-37.89502],[145.15009,-37.89507],[145.1502,-37.89503],[145.1528,-37.89537],[145.15285,-37.89533],[145.15291,-37.89537],[145.15299,-37.89544],[145.15302,-37.89547],[145.15316,-37.89549],[145.15335,-37.89543],[145.15352,-37.89545],[145.15362,-37.89549],[145.15368,-37.89556],[145.15377,-37.89556],[145.15385,-37.89557]],"concrete"],[199427077,"residential","Matthew Street",[[145.14946,-37.87407],[145.15049,-37.87419]]],[358309974,"footway","",[[145.14933,-37.86784],[145.1503,-37.86795]]],[791377615,"trunk","Burwood Highway",[[145.14934,-37.85216],[145.15098,-37.85236]]],[863507448,"primary","Waverley Road",[[145.15349,-37.88769],[145.15175,-37.8875],[145.15149,-37.88747],[145.14895,-37.88716],[145.14662,-37.88684]]],[1409339001,"footway","",[[145.14988,-37.8639],[145.15015,-37.86255]],"concrete"],[1415007239,"footway","",[[145.14967,-37.87243],[145.15079,-37.87256]],"concrete"],[1415007240,"footway","",[[145.14988,-37.87229],[145.15083,-37.8724],[145.15088,-37.87241]],"concrete"],[1416196866,"footway","",[[145.14907,-37.88709],[145.15143,-37.88739]],"concrete"],[1418218661,"footway","",[[145.14986,-37.88495],[145.15001,-37.88476],[145.1502,-37.88456],[145.15033,-37.88457],[145.1505,-37.88461],[145.15063,-37.88469],[145.15174,-37.88539]],