{"v":2,"features":[[25848121,"primary","Dohertys Road",[[144.74891,-37.82481],[144.74906,-37.82482],[144.74927,-37.82483],[144.74966,-37.82486],[144.75,-37.82489],[144.75018,-37.8249],[144.75026,-37.82491]],"paved"],[25848127,"primary","Dohertys Road",[[144.75056,-37.82509],[144.74972,-37.82502],[144.74946,-37.825],[144.74908,-37.82496],[144.74905,-37.82496],[144.74889,-37.82495]],"asphalt"],[162546002,"trunk","Leakes Road",[[144.75059,-37.83972],[144.74942,-37.83964],[144.74817,-37.83951],[144.74785,-37.83948],[144.74719,-37.83943],[144.74714,-37.83943],[144.74696,-37.83941]],"asphalt"],[540700876,"path","",[[144.73972,-37.80933],[144.73995,-37.80927],[144.74128,-37.80939],[144.74159,-37.80939],[144.74198,-37.80942],[144.74288,-37.80949],[144.74307,-37.80954],[144.74318,-37.80957],[144.74408,-37.80964],[144.74447,-37.80969],[144.74664,-37.80986],[144.7467,-37.80989],[144.74677,-37.8099],[144.74683,-37.80985],[144.7469,-37.80985],[144.74703,-37.80986],[144.74709,-37.80986],[144.74715,-37.80984],[144.74721,-37.8099],[144.74853,-37.81001],[144.74877,-37.80998],[144.75018,-37.81011]],"concrete"],[540700879,"cycleway","",[[144.75037,-37.81057],[144.75031,-37.81051],[144.75001,-37.81048],[144.74993,-37.81047],[144.74976,-37.81045],[144.74966,-37.81045],[144.74666,-37.81019],[144.74106,-37.80973],[144.74066,-37.80973],[144.73996,-37.80967],[144.73967,-37.80969]],"concrete"],[575424554,"trunk","Palmers Road",[[144.74998,-37.81603],[144.75,-37.81593],[144.7502,-37.81434]],"asphalt"],[575424564,"trunk","Palmers Road",[[144.75007,-37.81685],[144.74996,-37.8175]],"asphalt"],[938079445,"footway","",[[144.75031,-37.81612],[144.75023,-37.81611],[144.74998,-37.81609],[144.74986,-37.81608]],"paved"],[1001610021,"cycleway","",[[144.75037,-37.81057],[144.75041,-37.81063],[144.75045,-37.81087],[144.75042,-37.81119],[144.75044,-37.8114],[144.75035,-37.81227],[144.75024,-37.81297],[144.75018,-37.81334],[144.75017,-37.81348],[144.75006,-37.81443],[144.75008,-37.81462],[144.74999,-37.81537],[144.74991,-37.81591],[144.74986,-37.81608],[144.74986,-37.81621],[144.74981,-37.81649],[144.74974,-37.81661],[144.7497,-37.81681],[144.74973,-37.81699],[144.7495,-37.81839],[144.74944,-37.81844],[144.74937,-37.81847],[144.74933,-37.81851],[144.74931,-37.81861],[144.74931,-37.81869],[144.74939,-37.81882],[144.74931,-37.81932],[144.7493,-37.81956],[144.74909,-37.82095],[144.74862,-37.82446],[144.74847,-37.82456]]],[1101408144,"service","",[[144.75058,-37.82177],[144.75059,-37.82167],[144.75061,-37.82158],[144.74974,-37.82149],[144.74976,-37.82136],[144.74972,-37.82125],[144.74976,-37.82102],[144.74983,-37.82052]]],[1273205349,"trunk","Leakes Road",[[144.74699,-37.83922],[144.74716,-37.83924],[144.74737,-37.83925],[144.74833,-37.83932],[144.7494,-37.8394],[144.75092,-37.83953],[144.75184,-37.83962]],"asphalt"],[1299827941,"service","",[[144.75069,-37.8471],[144.75046,-37.84849],[144.75043,-37.84858],[144.75036,-37.84864],[144.75021,-37.84866],[144.74631,-37.84828],[144.7462,-37.84824],[144.74618,-37.84816],[144.74641,-37.84668],[144.74645,-37.84661],[144.74656,-37.84657],[144.74999,-37.84691],[144.75025,-37.84694],[144.75041,-37.84696],[144.75057,-37.847],[144.75065,-37.84705],[144.75069,-37.8471]]],[1425761439,"service","",[[144.7473,-37.80758],[144.7474,-37.80759],[144.7476,-37.80761],[144.74764,-37.80761],[144.74769,-37.80761],[144.74785,-37.8076],[144.74789,-37.8076],[144.74792,-37.8076],[144.74878,-37.80766],[144.74881,-37.80767],[144.74884,-37.80768],[144.74888,-37.80772],[144.74891,-37.80773],[144.74895,-37.80774],[144.75041,-37.80786]],"paved"],[1474125148,"service","",[[144.7503,-37.81349],[144.75017,-37.81348],[144.74843,-37.81334],[144.74823,-37.81325]]]],"nodeAttrs":{"-37.839430,144.747190":{"trafficSignal":true},"-37.839710,144.749300":{"crossingUnmarked":true},"-37.839430,144.747140":{"crossingMarked":true},"-37.839240,144.747160":{"crossingMarked":true},"-37.839630,144.748240":{"crossingUnmarked":true},"-37.824960,144.749050":{"crossingMarked":true},"-37.824960,144.749080":{"trafficSignal":true},"-37.824820,144.749060":{"crossingMarked":true},"-37.818610,144.749310":{"crossingUnmarked":true},"-37.821020,144.749760":{"crossingMarked":true},"-37.816090,144.749980":{"crossingMarked":true},"-37.809860,144.747030":{"crossingUnmarked":true},"-37.809850,144.746900":{"crossingUnmarked":true},"-37.806220,144.748140":{"crossingUnmarked":true},"-37.806320,144.749300":{"crossingUnmarked":true}}}