{"v":2,"features":[[23228970,"residential","York Street",[[145.14645,-37.71815],[145.14649,-37.71815],[145.14652,-37.71816],[145.14723,-37.71823],[145.14736,-37.71825],[145.14747,-37.71826],[145.14754,-37.71827],[145.14767,-37.71828],[145.14801,-37.71831],[145.14808,-37.71832],[145.14824,-37.71835],[145.14829,-37.71836],[145.14837,-37.71836],[145.14844,-37.71837],[145.14852,-37.71837],[145.14879,-37.7184],[145.1491,-37.71843],[145.15106,-37.71866],[145.15111,-37.71867],[145.15117,-37.71868],[145.15167,-37.71874],[145.1517,-37.71874],[145.15181,-37.71877],[145.15186,-37.71878],[145.15192,-37.71878],[145.15201,-37.71878],[145.15207,-37.71879],[145.15213,-37.71879],[145.15224,-37.71881],[145.15236,-37.71883],[145.15244,-37.71884],[145.15253,-37.71886],[145.15262,-37.71887],[145.15268,-37.71887],[145.15275,-37.71888],[145.15294,-37.7189],[145.15307,-37.71892],[145.15319,-37.71893],[145.15331,-37.71894],[145.15339,-37.71895],[145.15346,-37.71896],[145.15352,-37.71897],[145.15358,-37.71899],[145.15361,-37.719]],"asphalt"],[23229221,"residential","Bellevue Road",[[145.14984,-37.70763],[145.14989,-37.70765],[145.14992,-37.70766],[145.14995,-37.70768],[145.15,-37.7077],[145.15002,-37.70772],[145.15015,-37.70779],[145.15038,-37.70792],[145.15117,-37.70839],[145.1512,-37.70841]]],[23251110,"residential","John Street",[[145.1548,-37.72096],[145.15398,-37.72088],[145.15362,-37.72084],[145.15322,-37.72079],[145.152,-37.72064],[145.15085,-37.72051],[145.15079,-37.7205],[145.15074,-37.72049],[145.15052,-37.72046],[145.14931,-37.72031],[145.148,-37.72015],[145.14678,-37.72001],[145.14612,-37.71993],[145.14606,-37.71992]],"asphalt"],[23251128,"residential","Napoleon Street",[[145.15446,-37.72461],[145.15376,-37.72452],[145.15343,-37.72449],[145.15316,-37.72445],[145.15294,-37.72441],[145.15261,-37.72439],[145.15169,-37.72427],[145.15132,-37.72422],[145.15063,-37.72416],[145.15037,-37.72411],[145.1502,-37.72408],[145.15014,-37.72408],[145.15009,-37.72409],[145.15005,-37.72409],[145.14955,-37.72403],[145.14895,-37.72395],[145.14828,-37.72386],[145.14743,-37.72377],[145.14715,-37.72373],[145.14594,-37.7236],[145.1459,-37.7236],[145.14584,-37.72361]]],[32896594,"residential","Metery Road",[[145.14914,-37.72698],[145.14917,-37.72701],[145.14976,-37.72799],[145.14984,-37.7281],[145.1506,-37.72925],[145.15076,-37.7296],[145.15076,-37.72964],[145.15076,-37.72967],[145.15131,-37.73138]]],[33542293,"residential","Bible Street",[[145.15062,-37.72145],[145.15047,-37.7223],[145.15041,-37.72263],[145.15031,-37.7232],[145.15017,-37.72392],[145.15014,-37.72408],[145.15001,-37.72488],[145.14998,-37.72494]]],[47353829,"residential","Obriens Lane",[[145.15006,-37.75379],[145.15001,-37.75375],[145.15,-37.75373],[145.14998,-37.75371],[145.14993,-37.75367],[145.14966,-37.75362],[145.1496,-37.75359],[145.14956,-37.75355],[145.14956,-37.75351],[145.14957,-37.75347],[145.14958,-37.7534],[145.14962,-37.75327],[145.14978,-37.75245],[145.14985,-37.75206],[145.14999,-37.75128],[145.15002,-37.75106],[145.15017,-37.75008],[145.15023,-37.74973],[145.15029,-37.74938],[145.15037,-37.74892],[145.15035,-37.74882],[145.1503,-37.74875],[145.15021,-37.74868],[145.14983,-37.7484],[145.14884,-37.74768],[145.14868,-37.74757],[145.1485,-37.74746],[145.14835,-37.74738],[145.14753,-37.74696],[145.14705,-37.74671],[145.14699,-37.74667],[145.14695,-37.74663],[145.14691,-37.74659],[145.14685,-37.74649],[145.14684,-37.74643],[145.14683,-37.74636],[145.14685,-37.74621],[145.14694,-37.74558],[145.14711,-37.74467],[145.14732,-37.74358],[145.14752,-37.74256]],"asphalt"],[53204632,"residential","Haldane Road",[[145.15323,-37.73143],[145.15294,-37.73134],[145.1529,-37.73133],[145.15278,-37.73133],[145.15274,-37.73134],[145.1527,-37.73135],[145.15253,-37.7314],[145.1525,-37.7314],[145.15247,-37.7314],[145.15166,-37.73135],[145.15131,-37.73138],[145.15031,-37.73192],[145.14944,-37.73254],[145.14899,-37.73274],[145.14863,-37.73288],[145.14832,-37.73306],[145.14804,-37.7333],[145.14796,-37.73336],[145.14776,-37.7336],[145.14763,-37.73389],[145.14757,-37.73422],[145.14758,-37.73446],[145.14779,-37.73525]],"unpaved"],[62067544,"residential","Dalton Street",[[145.14998,-37.72494],[145.15003,-37.72497],[145.15011,-37.72501],[145.1505,-37.72509],[145.15096,-37.72513],[145.15154,-37.72521],[145.1524,-37.72533],[145.15345,-37.72546]]],[98414034,"cycleway","",[[145.14924,-37.71095],[145.14986,-37.71084],[145.14993,-37.71083],[145.15,-37.71083],[145.15055,-37.71089],[145.15099,-37.71089],[145.15152,-37.71098],[145.15171,-37.71101],[145.15231,-37.7111]],"asphalt"],[98436748,"residential","Pryor Street",[[145.15196,-37.71373],[145.1519,-37.71372],[145.15189,-37.71372],[145.15106,-37.71363],[145.15081,-37.7136],[145.15055,-37.71357],[145.15024,-37.71353],[145.15013,-37.71352],[145.14965,-37.71346],[145.14949,-37.71344],[145.1494,-37.71343],[145.14932,-37.71342],[145.14883,-37.71336],[145.14878,-37.71336],[145.14874,-37.71335]]],[144384517,"tertiary","Mount Pleasant Road",[[145.16271,-37.72393],[145.1625,-37.72392],[145.16233,-37.72394],[145.16213,-37.72399],[145.16195,-37.72404],[145.16168,-37.72417],[145.16025,-37.72498],[145.16012,-37.72505],[145.16001,-37.72513],[145.15965,-37.72542],[145.15943,-37.7256],[145.1593,-37.72569],[145.15915,-37.72578],[145.159,-37.72585],[145.15885,-37.7259],[145.15869,-37.72593],[145.15851,-37.72596],[145.15824,-37.72596],[145.15797,-37.72595],[145.15647,-37.72574],[145.15523,-37.72557],[145.15492,-37.72554],[145.15464,-37.72554],[145.15427,-37.72557],[145.15353,-37.72567],[145.15271,-37.72579],[145.1525,-37.72583],[145.15229,-37.72587],[145.15213,-37.72591],[145.15197,-37.72596],[145.15033,-37.72655],[145.14914,-37.72698],[145.14883,-37.72709],[145.14733,-37.72764],[145.14728,-37.72766]]],[634597955,"service","",[[145.14989,-37.72687],[145.15013,-37.72679],[145.15041,-37.72669],[145.15103,-37.72647],[145.15107,-37.72646],[145.15112,-37.72647],[145.15116,-37.7265],[145.15134,-37.72686],[145.15134,-37.72688],[145.15132,-37.7269],[145.15079,-37.7271]]],[634597956,"service","",[[145.14989,-37.72687],[145.14987,-37.72689],[145.14986,-37.72692],[145.14987,-37.72696],[145.14988,-37.72698],[145.15009,-37.72733],[145.15011,-37.72737],[145.15014,-37.72741],[145.15034,-37.72776],[145.15036,-37.72779],[145.15038,-37.72785],[145.1504,-37.72789],[145.15041,-37.72795],[145.15042,-37.72798],[145.15042,-37.72801],[145.15041,-37.72803],[145.15041,-37.72806],[145.1504,-37.72811],[145.15039,-37.72814],[145.15039,-37.72817],[145.15039,-37.72821],[145.1504,-37.72826],[145.15041,-37.72831],[145.15042,-37.72835],[145.15042,-37.7284],[145.15042,-37.72847],[145.15043,-37.72853],[145.15044,-37.72859],[145.15046,-37.72863],[145.15047,-37.72866],[145.15049,-37.72869],[145.15052,-37.72874],[145.15065,-37.72894],[145.15073,-37.72906],[145.15076,-37.7291],[145.15078,-37.72915],[145.15079,-37.72917],[145.15076,-37.72918],[145.1506,-37.72925]]],[692794636,"service","",[[145.14984,-37.7281],[145.15019,-37.72796],[145.1502,-37.72795],[145.15021,-37.72793],[145.15021,-37.7279],[145.15022,-37.72787],[145.15023,-37.72785],[145.15025,-37.72784],[145.15036,-37.72779]]],[799087635,"residential","Elsa Court",[[145.14921,-37.71019],[145.14926,-37.71019],[145.1493,-37.71019],[145.15032,-37.71029],[145.15049,-37.71031],[145.15066,-37.71033],[145.1511,-37.71039],[145.15178,-37.71048]]],[960700252,"service","",[[145.14975,-37.71303],[145.15,-37.71306],[145.15003,-37.71306],[145.15031,-37.71309],[145.15042,-37.71311],[145.15048,-37.71311]],"paved"],[1112429799,"footway","",[[145.15067,-37.70218],[145.15063,-37.70222],[145.1506,-37.70225],[145.15058,-37.70227],[145.15057,-37.70228],[145.15055,-37.70228],[145.15054,-37.70229],[145.1505,-37.70229],[145.1504,-37.70231],[145.1503,-37.70233],[145.15016,-37.70234],[145.15011,-37.70235],[145.15006,-37.70235],[145.15002,-37.70235],[145.14995,-37.70234],[145.14989,-37.70234],[145.14967,-37.70232],[145.14919,-37.70226],[145.14872,-37.70221]],