{"v":2,"features":[[319656523,"track","",[[144.83407,-37.6501],[144.83651,-37.64983],[144.83849,-37.64959],[144.83893,-37.64958]],"unpaved"],[720884082,"track","",[[144.8315,-37.64751],[144.83183,-37.64773],[144.83315,-37.64861],[144.8334,-37.64891],[144.83402,-37.64993],[144.83407,-37.6501]],"unpaved"],[860563889,"track","Old Perimeter Road",[[144.84165,-37.6537],[144.84132,-37.65362],[144.84136,-37.65351],[144.84153,-37.65309],[144.84131,-37.6519],[144.84113,-37.65101],[144.84111,-37.65089],[144.841,-37.65032],[144.8408,-37.64969],[144.84062,-37.64933],[144.8401,-37.64851],[144.83982,-37.6481],[144.83964,-37.64788],[144.83941,-37.64766],[144.83911,-37.64746],[144.83869,-37.64729],[144.83853,-37.64723]],"unpaved"],[971488711,"service","",[[144.84177,-37.65417],[144.8417,-37.65402],[144.84166,-37.65393],[144.84163,-37.65384],[144.84163,-37.65377],[144.84165,-37.6537],[144.84168,-37.65362],[144.84183,-37.65322],[144.84193,-37.65295],[144.84195,-37.65284],[144.84196,-37.65277],[144.84195,-37.65267],[144.84188,-37.6523],[144.8417,-37.6517],[144.84147,-37.65101],[144.84116,-37.65018],[144.84101,-37.64979],[144.84083,-37.64942],[144.84052,-37.64887],[144.8398,-37.64784],[144.83953,-37.64747],[144.83919,-37.64708],[144.83896,-37.64685],[144.83868,-37.64663],[144.83817,-37.64627],[144.83781,-37.64607],[144.83739,-37.64588],[144.83675,-37.64565],[144.83637,-37.64554],[144.8359,-37.64545],[144.83518,-37.64535],[144.83508,-37.64533],[144.83433,-37.64524],[144.83423,-37.64522],[144.83414,-37.64518],[144.83404,-37.64511],[144.83396,-37.64503],[144.83392,-37.64494],[144.83391,-37.64488],[144.83393,-37.64472],[144.83393,-37.64467]]],[971488716,"track","",[[144.83015,-37.65054],[144.83004,-37.65055],[144.82975,-37.64969],[144.82945,-37.64867],[144.82928,-37.64809],[144.82929,-37.648],[144.82935,-37.6479],[144.82951,-37.6478],[144.82969,-37.64774],[144.83006,-37.64769],[144.8315,-37.64751],[144.833,-37.64734],[144.83322,-37.64731],[144.83343,-37.64729],[144.83362,-37.64728],[144.83376,-37.64728],[144.83402,-37.64722],[144.8342,-37.6472]],"unpaved"],[1352056871,"service","Perimeter Road",[[144.83666,-37.64715],[144.83603,-37.64723],[144.8336,-37.64752],[144.83213,-37.64768],[144.83183,-37.64773],[144.83154,-37.64782],[144.83114,-37.64799],[144.83078,-37.6482],[144.83051,-37.64844],[144.83035,-37.64863],[144.83021,-37.64883],[144.83012,-37.64901],[144.83006,-37.64924],[144.83,-37.6495],[144.82998,-37.64977],[144.83003,-37.65008],[144.83015,-37.65054],[144.83025,-37.65086],[144.8304,-37.65141],[144.83052,-37.65181]],"gravel"]]}