{"v":2,"features":[[45412378,"tertiary","Greenvale Drive",[[144.89637,-37.65057],[144.89638,-37.6505],[144.89639,-37.65038],[144.89644,-37.65017],[144.89654,-37.64984],[144.89669,-37.64958],[144.8968,-37.64943],[144.89695,-37.64923],[144.89702,-37.64913],[144.89732,-37.64867],[144.89735,-37.64863],[144.89757,-37.64831],[144.89763,-37.64819],[144.89769,-37.64803],[144.89781,-37.64759],[144.89784,-37.64747],[144.89799,-37.64689],[144.89804,-37.64666],[144.89814,-37.64634]]],[49965235,"residential","Queensferry Place",[[144.88349,-37.64747],[144.88335,-37.64781],[144.88327,-37.648],[144.88319,-37.64823],[144.88318,-37.64842],[144.88328,-37.64861],[144.88344,-37.64884],[144.88459,-37.64995],[144.88473,-37.65016],[144.885,-37.65107]]],[49965397,"residential","Dumfries Terrace",[[144.88318,-37.64842],[144.88303,-37.64848],[144.88183,-37.64874],[144.88159,-37.64879],[144.88141,-37.64887],[144.88126,-37.64898],[144.88115,-37.64912],[144.8811,-37.64929],[144.88109,-37.64948],[144.88136,-37.65081]]],[59339608,"residential","Buchanan Place",[[144.8873,-37.64871],[144.88719,-37.64907],[144.88716,-37.64923],[144.8872,-37.64938],[144.88727,-37.64953],[144.88753,-37.64982],[144.88793,-37.65026],[144.888,-37.65039],[144.88823,-37.65148]]],[166956741,"path","",[[144.84913,-37.65502],[144.84914,-37.655],[144.85084,-37.64834],[144.85071,-37.64826],[144.85061,-37.64807],[144.85063,-37.64765]],"unpaved"],[239758230,"path","",[[144.89326,-37.65003],[144.89338,-37.65],[144.89375,-37.64992],[144.89392,-37.64988],[144.8939,-37.64981],[144.8941,-37.64977],[144.8942,-37.64977],[144.89421,-37.64977],[144.89428,-37.64978],[144.8944,-37.64978],[144.89451,-37.64978],[144.8946,-37.64971],[144.89468,-37.6497],[144.89491,-37.64971],[144.89497,-37.64969],[144.895,-37.6496],[144.89505,-37.64932],[144.89511,-37.64908],[144.8951,-37.64902],[144.89511,-37.64897],[144.89512,-37.6489],[144.89514,-37.64881],[144.89515,-37.64872],[144.89514,-37.64863],[144.89504,-37.64856],[144.89498,-37.64847],[144.89492,-37.6484],[144.89474,-37.64832],[144.89457,-37.64826],[144.89443,-37.64823],[144.89429,-37.64822],[144.89415,-37.64822],[144.89401,-37.64822],[144.89392,-37.64821],[144.89376,-37.64813]]],[334670603,"tertiary","Glencairn Drive",[[144.8898,-37.65144],[144.88976,-37.65135],[144.88964,-37.65115],[144.88949,-37.65081],[144.88937,-37.65035],[144.88934,-37.64997],[144.88935,-37.64957],[144.88936,-37.64948],[144.88938,-37.64939],[144.88938,-37.64936],[144.88939,-37.64929]],"asphalt"],[573824838,"tertiary_link","",[[144.87937,-37.65018],[144.87935,-37.65003],[144.87935,-37.64991],[144.87935,-37.64983],[144.87938,-37.64957],[144.87942,-37.6492],[144.87942,-37.64917],[144.87941,-37.64914],[144.8794,-37.64913],[144.87937,-37.64911]]],[762990117,"cycleway","",[[144.89415,-37.65007],[144.8942,-37.64977]]],[784215919,"primary","Mickleham Road",[[144.87937,-37.65018],[144.87943,-37.64963],[144.87949,-37.6492],[144.87949,-37.64915],[144.87951,-37.64897],[144.87957,-37.64857],[144.87964,-37.64802],[144.87973,-37.64731],[144.8798,-37.64679],[144.87986,-37.64635],[144.87991,-37.64597],[144.88007,-37.64472],[144.88023,-37.64349],[144.88035,-37.64261],[144.88036,-37.64256],[144.88036,-37.64251],[144.88038,-37.64239]],"asphalt"],[1253607761,"footway","",[[144.89526,-37.65054],[144.89525,-37.65053],[144.89525,-37.6505],[144.89533,-37.65011],[144.89536,-37.64997],[144.89546,-37.64997],[144.89555,-37.65],[144.89634,-37.65009],[144.89634,-37.65012]],"concrete"],[1253607783,"footway","",[[144.89634,-37.65009],[144.89638,-37.64997],[144.89646,-37.64979],[144.89655,-37.64961],[144.8966,-37.64953],[144.89686,-37.64914]],"concrete"],[1262054236,"cycleway","",[[144.88053,-37.6513],[144.88048,-37.6512],[144.88047,-37.65114],[144.88022,-37.65005],[144.88013,-37.64846],[144.88013,-37.64808],[144.88018,-37.64776],[144.88031,-37.64727],[144.88031,-37.64706],[144.88031,-37.64665],[144.88033,-37.64658],[144.88039,-37.64649],[144.8804,-37.64643],[144.88041,-37.64638]]]]}