{"v":2,"features":[[26599102,"cycleway","",[[145.04172,-37.65235],[145.04187,-37.65219],[145.04192,-37.65212],[145.04197,-37.65207],[145.04202,-37.65203],[145.04205,-37.652],[145.04206,-37.65197],[145.04208,-37.65194],[145.04211,-37.65179],[145.04212,-37.65173],[145.04213,-37.65166],[145.04213,-37.65161],[145.04214,-37.65156],[145.04215,-37.65151],[145.04217,-37.65146],[145.0422,-37.65137],[145.04223,-37.65129],[145.04226,-37.65123],[145.04229,-37.65118],[145.04232,-37.65113],[145.04235,-37.65109],[145.04238,-37.65106],[145.04242,-37.65101],[145.04247,-37.65096],[145.04249,-37.65094],[145.04251,-37.65094],[145.04255,-37.65092],[145.04263,-37.65089],[145.04268,-37.65086],[145.04272,-37.65082],[145.04276,-37.65076],[145.04281,-37.65065],[145.04285,-37.6505],[145.0429,-37.65032],[145.04295,-37.65013],[145.04298,-37.65001],[145.04302,-37.64989],[145.04305,-37.64977],[145.04307,-37.64965],[145.0431,-37.64955],[145.04314,-37.64942],[145.04318,-37.6493],[145.04321,-37.64922],[145.04325,-37.64913],[145.04332,-37.64896],[145.04338,-37.64883],[145.04342,-37.64875],[145.04348,-37.64865],[145.04354,-37.64856],[145.0436,-37.64848],[145.04369,-37.64838],[145.04376,-37.64829],[145.04382,-37.6482],[145.0439,-37.64807],[145.04399,-37.6479],[145.04404,-37.64783],[145.04408,-37.6478],[145.04416,-37.64773],[145.04424,-37.64769],[145.04432,-37.64764],[145.0444,-37.64761],[145.04449,-37.64755],[145.04451,-37.64753],[145.04454,-37.64746],[145.04461,-37.64731],[145.04465,-37.64725],[145.04469,-37.64721],[145.04472,-37.64719],[145.04474,-37.64717],[145.04479,-37.64715],[145.04483,-37.64712],[145.04487,-37.64712],[145.04499,-37.64714],[145.04512,-37.64716],[145.0453,-37.64716],[145.04547,-37.64717],[145.04567,-37.64717],[145.04579,-37.64717],[145.04609,-37.64713],[145.04625,-37.64712],[145.04632,-37.64713],[145.04643,-37.64714],[145.04661,-37.64715],[145.04672,-37.64715],[145.04697,-37.64713],[145.0472,-37.64711],[145.04733,-37.64707],[145.04742,-37.64704],[145.04746,-37.64701],[145.04748,-37.64699],[145.04749,-37.64697],[145.04752,-37.64681],[145.04753,-37.64675]],"compacted"],[46338645,"unclassified","Willandra Drive",[[145.00845,-37.65001],[145.00851,-37.6498],[145.00855,-37.64957],[145.00857,-37.64946],[145.00861,-37.64927],[145.00862,-37.64917],[145.00871,-37.64857],[145.00871,-37.64855],[145.00871,-37.64849]]],[62216843,"service","",[[145.02561,-37.65032],[145.0257,-37.64981],[145.02572,-37.64968]]],[62255541,"residential","Howard Street",[[145.02723,-37.6499],[145.02721,-37.64993],[145.02719,-37.64997],[145.02717,-37.65],[145.02712,-37.65015]]],[62255542,"residential","Howard Street",[[145.02712,-37.65015],[145.02713,-37.65],[145.02712,-37.64996],[145.02711,-37.64992],[145.02709,-37.64989]]],[173112986,"residential","Banker Court",[[145.04846,-37.6498],[145.04845,-37.64986],[145.04837,-37.65032]]],[173114453,"residential","Savannah Crescent",[[145.03644,-37.64679],[145.03652,-37.64684],[145.03707,-37.64721],[145.03715,-37.64727],[145.03732,-37.64738],[145.03744,-37.64747],[145.03753,-37.64754],[145.03761,-37.64761],[145.03766,-37.64767],[145.0377,-37.64772],[145.03774,-37.64779],[145.03778,-37.64788],[145.03781,-37.64796],[145.03783,-37.64805],[145.03784,-37.64813],[145.03784,-37.64822],[145.03783,-37.64831],[145.03781,-37.6484],[145.03778,-37.64849],[145.03751,-37.64906],[145.03748,-37.64911],[145.03747,-37.64918],[145.03746,-37.64925],[145.03747,-37.64933],[145.03748,-37.6494],[145.03751,-37.64948],[145.03753,-37.64952],[145.03757,-37.64957],[145.03775,-37.64979],[145.0379,-37.64997],[145.03819,-37.65032],[145.03823,-37.65037],[145.03826,-37.65042],[145.03829,-37.65048],[145.03831,-37.65055],[145.03832,-37.65062],[145.03833,-37.65075],[145.03838,-37.65139],[145.03838,-37.65147]]],[173114457,"residential","Lowalde Drive",[[145.03983,-37.64663],[145.03982,-37.64669],[145.03974,-37.64721],[145.03969,-37.64752],[145.03968,-37.64759],[145.03968,-37.64768],[145.03968,-37.64778],[145.0397,-37.64786],[145.03973,-37.64795],[145.03978,-37.64804],[145.03985,-37.64814],[145.03992,-37.64823],[145.04024,-37.64861],[145.04059,-37.64903],[145.04063,-37.64907],[145.04066,-37.64911],[145.0407,-37.64917],[145.04072,-37.64923],[145.04074,-37.6493],[145.04074,-37.64936],[145.04069,-37.64965],[145.04065,-37.64986],[145.04063,-37.64996],[145.04063,-37.65002],[145.04056,-37.65035],[145.04055,-37.65039],[145.04053,-37.65047],[145.04051,-37.65053],[145.04046,-37.65059],[145.04039,-37.65067],[145.04032,-37.65075],[145.04027,-37.65082],[145.04024,-37.65089],[145.04022,-37.65096],[145.04021,-37.65104],[145.04021,-37.65115],[145.04022,-37.65131],[145.04023,-37.65138]],"asphalt"],[202869327,"primary","Cooper Street",[[145.00633,-37.65008],[145.00582,-37.64999],[145.00576,-37.64998],[145.00567,-37.64997]]],[205290627,"unclassified","Willandra Drive",[[145.00888,-37.6485],[145.00883,-37.64854],[145.00881,-37.64857],[145.0088,-37.64859],[145.0087,-37.64918],[145.00865,-37.64947],[145.00863,-37.64959],[145.00858,-37.6498],[145.00853,-37.65012],[145.00852,-37.65016],[145.00851,-37.65023]]],[205290660,"unclassified","Fullarton Drive",[[145.01357,-37.65053],[145.01384,-37.64885],[145.01386,-37.64874],[145.01388,-37.64859],[145.01408,-37.64735],[145.01429,-37.64608],[145.0144,-37.64545]]],[277485298,"service","",[[145.02947,-37.64958],[145.02941,-37.64995],[145.02939,-37.65007]]],[277485341,"service","",[[145.02902,-37.64955],[145.02898,-37.64974],[145.02896,-37.64987],[145.02896,-37.6499],[145.02895,-37.65002]]],[312533586,"unclassified","Yale Drive",[[145.01157,-37.65062],[145.01162,-37.65039],[145.01165,-37.6502],[145.01171,-37.64984],[145.01185,-37.649],[145.01206,-37.64771],[145.01215,-37.64715],[145.01227,-37.6464],[145.01248,-37.64519],[145.01275,-37.64351]],