{"v":2,"features":[[4354284,"primary","Cricket Green",[[-0.16849,51.40105],[-0.16839,51.40099],[-0.16834,51.40096],[-0.16797,51.40081],[-0.16758,51.40064],[-0.16721,51.40044],[-0.16657,51.40005],[-0.16646,51.39998],[-0.16632,51.39989],[-0.16625,51.39984],[-0.16595,51.39967],[-0.1655,51.39947],[-0.16515,51.39933],[-0.1649,51.39924],[-0.16477,51.39919],[-0.16462,51.39914],[-0.16459,51.39913],[-0.16456,51.39911],[-0.16435,51.39905]],"asphalt"],[4356575,"service","",[[-0.16969,51.40019],[-0.16931,51.39999]]],[5037988,"footway","",[[-0.15152,51.39864],[-0.1516,51.39879],[-0.15169,51.39911],[-0.15152,51.39937],[-0.15138,51.39947],[-0.15124,51.39958],[-0.15102,51.39983],[-0.15084,51.40007],[-0.15055,51.40031],[-0.15032,51.40051],[-0.15029,51.40053],[-0.15025,51.40058]]],[6059597,"residential","Beeleigh Road",[[-0.19194,51.40057],[-0.1917,51.40036],[-0.19105,51.3997],[-0.19095,51.39959],[-0.19087,51.39952],[-0.1908,51.39945],[-0.19069,51.39934],[-0.19068,51.39933],[-0.18992,51.39879],[-0.18972,51.39865],[-0.18953,51.39875],[-0.18908,51.399],[-0.18887,51.39911]],"asphalt"],[6059655,"residential","Bordesley Road",[[-0.19396,51.4004],[-0.19415,51.39876],[-0.19417,51.39858],[-0.1942,51.3983],[-0.19424,51.39821],[-0.1943,51.39812],[-0.19448,51.39795],[-0.19493,51.3975],[-0.19508,51.39736],[-0.19521,51.39723],[-0.19522,51.39722],[-0.19521,51.39719]],"asphalt"],[18924558,"primary","Morden Road",[[-0.18404,51.39888],[-0.18392,51.39906],[-0.18377,51.39934],[-0.18374,51.39939],[-0.18372,51.39943],[-0.1837,51.39948],[-0.1835,51.39991],[-0.18347,51.39997],[-0.18344,51.40003],[-0.18339,51.4001],[-0.18332,51.40016]],"asphalt"],[18924561,"primary","Morden Road",[[-0.18332,51.40016],[-0.18328,51.40018],[-0.18323,51.40021],[-0.18312,51.40025],[-0.18299,51.40029],[-0.18286,51.40031],[-0.18271,51.40031],[-0.18259,51.40031],[-0.18245,51.40029],[-0.18154,51.40005],[-0.18118,51.39996],[-0.18104,51.39993],[-0.18073,51.39984],[-0.18058,51.39979],[-0.18044,51.39975],[-0.18032,51.3997],[-0.1802,51.39965],[-0.18007,51.39958],[-0.17998,51.39953],[-0.17983,51.39945],[-0.17969,51.39939],[-0.17928,51.39924],[-0.17921,51.39921],[-0.17911,51.39918],[-0.17882,51.39908],[-0.17852,51.39899],[-0.17826,51.39893],[-0.1782,51.39891],[-0.17783,51.39883],[-0.17759,51.39879],[-0.17716,51.39873],[-0.17689,51.39869],[-0.17619,51.39863],[-0.17597,51.39861],[-0.17521,51.39851],[-0.17514,51.3985],[-0.17483,51.39844],[-0.17454,51.39836],[-0.17367,51.39799]],"asphalt"],[23884495,"residential","Camrose Close",[[-0.19833,51.40051],[-0.19824,51.40033],[-0.19808,51.4],[-0.1979,51.39969],[-0.19784,51.39958]]],[24549342,"service","",[[-0.17813,51.40063],[-0.17719,51.40005],[-0.17709,51.39993],[-0.17707,51.39981],[-0.17711,51.3995],[-0.17714,51.39931],[-0.17716,51.39915],[-0.17716,51.39911],[-0.17716,51.39873]],"asphalt"],[24549470,"residential","Deer Park Gardens",[[-0.18058,51.39979],[-0.18051,51.39986],[-0.18042,51.39995],[-0.18034,51.40005]],"asphalt"],[140673227,"service","",[[-0.18721,51.39911],[-0.18718,51.39916],[-0.18712,51.39922],[-0.18705,51.39931],[-0.18698,51.39941],[-0.18693,51.3995],[-0.1869,51.39961],[-0.18691,51.39972],[-0.18699,51.39986],[-0.18709,51.39997],[-0.18719,51.40004],[-0.1874,51.40014],[-0.18768,51.40025]]],[161734841,"footway","",[[-0.16536,51.40036],[-0.16492,51.39975],[-0.16477,51.39954],[-0.16467,51.3994],[-0.16462,51.39938],[-0.16436,51.39931],[-0.16416,51.39928],[-0.16367,51.3994],[-0.16338,51.39942]],"paved"],[169781024,"cycleway","",[[-0.18343,51.40022],[-0.18349,51.40015],[-0.18353,51.40008],[-0.18358,51.39997],[-0.18363,51.39981],[-0.18368,51.39965],[-0.18378,51.39945],[-0.18377,51.39944]],"asphalt"],[184765187,"trunk","London Road",[[-0.19633,51.40036],[-0.19641,51.40028],[-0.19682,51.39979],[-0.19725,51.39934],[-0.19727,51.39932],[-0.19732,51.39928]],"asphalt"],[185789388,"footway","",[[-0.15518,51.39757],[-0.15474,51.39804],[-0.15454,51.39828],[-0.15432,51.39853],[-0.15457,51.39901],[-0.15461,51.39923],[-0.15454,51.39941],[-0.15384,51.39994],[-0.15323,51.40029],[-0.15307,51.40042],[-0.15288,51.40066],[-0.15335,51.4009],[-0.1536,51.40113],[-0.1536,51.40121],[-0.15314,51.40158]]],[185789392,"footway","",[[-0.15459,51.40156],[-0.15453,51.40152],[-0.15447,51.40145],[-0.15446,51.40141],[-0.15444,51.40129],[-0.15448,51.40109],[-0.15443,51.40092],[-0.15432,51.40066],[-0.15422,51.40045],[-0.15412,51.40009],[-0.15384,51.39994],[-0.15351,51.39966],[-0.15315,51.39939],[-0.15273,51.39917],[-0.15198,51.39872],[-0.1514,51.39836],[-0.15115,51.39821],[-0.15104,51.39815],[-0.15069,51.39804],[-0.15027,51.39789],[-0.15004,51.39775],[-0.14991,51.39767],[-0.14933,51.39728],[-0.1479,51.39632],[-0.14693,51.39583],[-0.14631,51.39541],[-0.14618,51.39536],[-0.14606,51.39533],[-0.14597,51.39531],[-0.14572,51.39531]]],[185789404,"footway","",[[-0.15567,51.39917],[-0.15534,51.39923],[-0.15524,51.39938],[-0.15499,51.39951],[-0.15489,51.39971],[-0.1547,51.39977],[-0.15468,51.39984],[-0.15498,51.40043]]],[186459407,"service","",[[-0.17045,51.39965],[-0.17064,51.39973],[-0.17094,51.39989],[-0.17059,51.40016]]],[458056332,"residential","Bayham Road",[[-0.18803,51.39903],[-0.18862,51.39909],[-0.18887,51.39911],[-0.18904,51.39923],[-0.18974,51.39975],[-0.18989,51.39988],[-0.18991,51.3999],[-0.19007,51.40006],[-0.19055,51.40056],[-0.19089,51.40086],[-0.19105,51.40099]],"asphalt"],[524202676,"tertiary","Abbotsbury Road",[[-0.19307,51.40037],[-0.19312,51.39998],[-0.19318,51.39945],[-0.1932,51.39924]]],[524754350,"service","",[[-0.19607,51.40003],[-0.19599,51.4],[-0.19572,51.39991],[-0.19564,51.39988],[-0.1957,51.39978],[-0.19576,51.39971],[-0.19586,51.39959],[-0.19595,51.3995],[-0.19607,51.39936],[-0.19654,51.39884],[-0.19643,51.39876],[-0.19631,51.39883],[-0.19576,51.39945]]],[524754353,"service","",[[-0.19564,51.39988],[-0.19548,51.39984],[-0.19537,51.40017]]],[550672501,"footway","",[[-0.17488,51.39876],[-0.17496,51.39883],[-0.17485,51.3991],[-0.17467,51.39938],[-0.17409,51.40032],[-0.17463,51.4017],[-0.1747,51.40185]]],[550672922,"footway","",[[-0.17183,51.39961],[-0.1722,51.39956],[-0.17244,51.39948],[-0.17253,51.39939],[-0.17279,51.39904],[-0.17306,51.39893],[-0.17349,51.39917],[-0.17353,51.39926],[-0.17351,51.39942],[-0.17332,51.39961],[-0.17264,51.40013]]],[550672927,"footway","",[[-0.174,51.40066],[-0.17388,51.40025],[-0.17443,51.39942],[-0.17444,51.39932],[-0.174,51.39924],[-0.17353,51.39926]]],[611161888,"service","",[[-0.19989,51.4003],[-0.19945,51.39966]],"unpaved"],[632324036,"footway","",[[-0.16325,51.39991],[-0.16326,51.39993],[-0.16305,51.39996],[-0.16285,51.4],[-0.16271,51.40004]]],[632324129,"footway","",[[-0.1631,51.40015],[-0.16309,51.40008],[-0.16306,51.39999],[-0.16297,51.4],[-0.16286,51.40002]]],[777582821,"service","",[[-0.18022,51.40008],[-0.17992,51.39989]],"concrete"],[976309266,"trunk","Morden Hall Road",[[-0.18884,51.40057],[-0.18854,51.40034],[-0.18834,51.40019],[-0.18822,51.40009],[-0.18814,51.40003],[-0.18807,51.39997],[-0.18799,51.3999],[-0.1879,51.3998],[-0.18777,51.39964],[-0.18771,51.39955]],"asphalt"],[1212177805,"footway","",[[-0.16286,51.40002],[-0.16285,51.4]],"paved"],[1342046396,"primary","Commonside West",[[-0.15994,51.40011],[-0.15985,51.39994],[-0.15982,51.39988],[-0.15981,51.39986],[-0.15973,51.39972]]],[1372455852,"service","",[[-0.17826,51.39893],[-0.1781,51.3992],[-0.17794,51.39939],[-0.17789,51.39958],[-0.17784,51.40007]],"asphalt"]],"nodeAttrs":{"51.399370,-0.197360":{"crossingMarked":true},"51.399280,-0.197320":{"crossingMarked":true},"51.399320,-0.197270":{"trafficSignal":true},"51.399430,-0.183720":{"crossingMarked":true},"51.399160,-0.187180":{"barrier":true},"51.399390,-0.183740":{"trafficSignal":true},"51.399480,-0.183700":{"trafficSignal":true},"51.399840,-0.180730":{"crossingMarked":true},"51.399860,-0.180510":{"crossingUnmarked":true},"51.399970,-0.183470":{"crossingUnmarked":true},"51.399130,-0.164590":{"crossingMarked":true},"51.399730,-0.170330":{"crossingUnmarked":true},"51.399930,-0.163570":{"barrier":true},