{"v":2,"features":[[4040694,"residential","Oliver Avenue",[[-0.08122,51.39976],[-0.07992,51.40032],[-0.07961,51.39989],[-0.07931,51.39949]]],[4040695,"residential","Whitworth Road",[[-0.08373,51.40194],[-0.0837,51.40192],[-0.08356,51.4018],[-0.08305,51.40135],[-0.08245,51.40083],[-0.08211,51.40054],[-0.08196,51.4004],[-0.08186,51.40032],[-0.08175,51.40022],[-0.08125,51.39979],[-0.08122,51.39976],[-0.08104,51.39962],[-0.08061,51.39926],[-0.08041,51.39909],[-0.08028,51.39897],[-0.07982,51.39854],[-0.07963,51.39836],[-0.07945,51.39822],[-0.07879,51.3977],[-0.07868,51.39761],[-0.07866,51.39757]],"asphalt"],[13854080,"residential","Norwich Road",[[-0.09887,51.40112],[-0.09887,51.40109],[-0.0987,51.40088],[-0.09858,51.40073],[-0.0984,51.40053],[-0.09777,51.39982],[-0.09772,51.39976],[-0.09767,51.39968],[-0.09765,51.39965],[-0.09763,51.39959],[-0.09761,51.39958],[-0.09759,51.39957],[-0.09753,51.39953]],"asphalt"],[14766516,"residential","Cumberlow Avenue",[[-0.07472,51.40025],[-0.0753,51.39988]],"paved"],[14967693,"residential","Sunny Bank",[[-0.06972,51.39978],[-0.06972,51.39979],[-0.06973,51.3998],[-0.06976,51.39985],[-0.06985,51.40003],[-0.06994,51.40021]],"asphalt"],[15110671,"residential","Ladbrook Road",[[-0.09033,51.39838],[-0.09035,51.39842],[-0.09044,51.39865],[-0.09071,51.39941],[-0.09107,51.4003],[-0.0911,51.40033],[-0.09113,51.40036]],"asphalt"],[15111401,"residential","Reservoir Close",[[-0.09391,51.40021],[-0.09352,51.40003],[-0.09322,51.39989],[-0.09326,51.39977],[-0.09336,51.39968]]],[15111977,"residential","Huntly Road",[[-0.08186,51.40032],[-0.0835,51.3996],[-0.08288,51.39904]]],[15256731,"residential","Love Lane",[[-0.06095,51.39898],[-0.061,51.39901],[-0.06103,51.39904],[-0.06107,51.39907],[-0.06114,51.39914],[-0.06128,51.39928],[-0.06152,51.39953],[-0.06172,51.39973],[-0.06184,51.39985],[-0.0619,51.3999],[-0.06195,51.39994],[-0.06203,51.40001],[-0.06243,51.4003]],"asphalt"],[15256771,"residential","Malden Avenue",[[-0.06592,51.39934],[-0.06497,51.39975],[-0.06479,51.39982],[-0.06463,51.39989],[-0.06434,51.40003],[-0.06404,51.40017],[-0.06287,51.40071]],"asphalt"],[15256786,"residential","Sunny Bank",[[-0.06994,51.40021],[-0.06987,51.40021],[-0.0697,51.40023],[-0.0695,51.40024],[-0.06927,51.40026],[-0.06871,51.40027],[-0.06867,51.40027],[-0.06865,51.40027],[-0.06863,51.40026],[-0.06862,51.40025],[-0.06861,51.40024],[-0.06858,51.40019],[-0.06854,51.4001],[-0.06852,51.40006],[-0.0685,51.40002],[-0.0685,51.39999],[-0.06849,51.39996],[-0.06849,51.39994],[-0.0685,51.39991],[-0.06851,51.39986],[-0.06852,51.39983],[-0.06854,51.39981],[-0.06856,51.39979],[-0.06858,51.39977],[-0.06861,51.39976],[-0.06866,51.39975],[-0.06872,51.39975],[-0.06884,51.39974],[-0.06912,51.39973],[-0.06946,51.39973],[-0.0696,51.39973],[-0.06963,51.39973],[-0.06965,51.39974],[-0.06967,51.39974],[-0.06969,51.39975],[-0.0697,51.39976],[-0.06971,51.39977],[-0.06972,51.39978]],"asphalt"],[15256791,"residential","Tinsley Close",[[-0.06725,51.40041],[-0.06725,51.40021],[-0.06733,51.39999],[-0.06734,51.39991],[-0.06734,51.39988],[-0.06732,51.39985],[-0.0673,51.39983],[-0.06727,51.39981],[-0.06724,51.3998],[-0.06696,51.3997]],"paving_stones"],[25758877,"residential","Leybourne Court",[[-0.0725,51.39971],[-0.07255,51.39974],[-0.07267,51.39982],[-0.07276,51.3999],[-0.07273,51.39996],[-0.07266,51.40009]],"asphalt"],[32326442,"residential","Waverley Road",[[-0.06243,51.4003],[-0.06341,51.3998],[-0.06366,51.39968],[-0.06385,51.39959],[-0.06426,51.39941],[-0.06483,51.39916],[-0.06521,51.399],[-0.06532,51.39895],[-0.06536,51.39893],[-0.06541,51.3989]],"asphalt"],[33053201,"cycleway","",[[-0.05115,51.3993],[-0.05125,51.39938],[-0.05189,51.39988],[-0.05221,51.40024]],"compacted"],[33053204,"footway","",[[-0.0544,51.40014],[-0.05435,51.40009],[-0.05412,51.39985],[-0.05408,51.39977],[-0.05407,51.39972],[-0.05408,51.39967],[-0.05406,51.39963]],"compacted"],[189224935,"residential","Lestock Close",[[-0.07112,51.39996],[-0.07129,51.39998],[-0.07136,51.39997],[-0.07141,51.39997],[-0.07147,51.39999],[-0.07172,51.40009],[-0.07178,51.40011]],"asphalt"],[191154273,"primary","South Norwood Hill",[[-0.07684,51.40082],[-0.07637,51.40056],[-0.0762,51.40045],[-0.07535,51.39992],[-0.0753,51.39988],[-0.0748,51.3996],[-0.07474,51.39956],[-0.07462,51.39949]],"asphalt"],[380357720,"secondary","Whitehorse Lane",[[-0.08573,51.39983],[-0.08568,51.39987],[-0.08565,51.3999],[-0.08553,51.40001]],"asphalt"],[799162897,"footway","",[[-0.08897,51.40047],[-0.08883,51.40036],[-0.08871,51.4003],[-0.08847,51.4002],[-0.08818,51.40011],[-0.0878,51.39984],[-0.0877,51.3998],[-0.08755,51.39986],[-0.08739,51.39995],[-0.08736,51.40005],[-0.08761,51.40024],[-0.08797,51.4005]],"grass"],[799162901,"footway","",[[-0.08739,51.39995],[-0.08733,51.39995],[-0.08729,51.39998],[-0.08736,51.40005]],"grass"],[896595053,"footway","",[[-0.08802,51.40282],[-0.08817,51.40271],[-0.08836,51.40254],[-0.08846,51.40243],[-0.08869,51.40218],[-0.08883,51.402],[-0.08899,51.4018],[-0.08915,51.40164],[-0.08925,51.40153],[-0.08932,51.40147],[-0.08949,51.40133],[-0.08973,51.40114],[-0.08997,51.40097],[-0.09018,51.40084],[-0.09043,51.4007],[-0.09075,51.40052],[-0.091,51.40039],[-0.09102,51.40037],[-0.09101,51.40035],[-0.09092,51.40014],[-0.09078,51.39977],[-0.09073,51.39965],[-0.09064,51.39942],[-0.09062,51.39935],[-0.0906,51.3993],[-0.09049,51.39903],[-0.09029,51.39846],[-0.09027,51.39845],[-0.09012,51.39848],[-0.08978,51.39857],[-0.08904,51.39874],[-0.08871,51.39883],[-0.08817,51.39895],[-0.0879,51.39901],[-0.08759,51.39906],[-0.0873,51.39908],[-0.08703,51.39913],[-0.08689,51.39917],[-0.08678,51.3992],[-0.08657,51.39928]],"paved"],[912509136,"footway","",[[-0.05978,51.40027],[-0.06049,51.39993]],"grass"],[912509137,"footway","",[[-0.05971,51.39939],[-0.05994,51.3996],[-0.06044,51.39988],[-0.06049,51.39993],[-0.06087,51.40028],[-0.06095,51.40037],[-0.06092,51.40038]],"woodchips"],[1064048213,"primary","Grange Road",[[-0.09269,51.40005],[-0.09271,51.39997]],"asphalt"],[1065911092,"primary","High Street",[[-0.07462,51.39949],[-0.07453,51.39956],[-0.07444,51.39962],[-0.07356,51.40025],[-0.0733,51.40042]],"asphalt"],[1295839437,"path","",[[-0.05898,51.40015],[-0.05865,51.39996]]],[1304540390,"footway","",[[-0.05944,51.40014],[-0.05871,51.39973]]],[1413284096,"residential","Reservoir Close",[[-0.09322,51.39989],[-0.0932,51.39994],[-0.09315,51.40007]]],[1458130714,"footway","",[[-0.07198,51.39989],[-0.07195,51.39992],[-0.07173,51.40008]]]],"nodeAttrs":{"51.399580,-0.097610":{"crossingUnmarked":true},"51.399830,-0.085730":{"trafficSignal":true},"51.399900,-0.085650":{"trafficSignal":true},"51.399560,-0.074530":{"crossingMarked":true},"51.399560,-0.074740":{"crossingMarked":true},"51.399600,-0.074800":{"trafficSignal":true},"51.399620,-0.074440":{"trafficSignal":true},"51.399740,-0.072550":{"crossingUnmarked":true},"51.399540,-0.060040":{"barrier":true}}}