{"v":2,"features":[[3238172,"residential","Cherry Tree Walk",[[-0.03494,51.3971],[-0.03469,51.39747],[-0.03441,51.39791],[-0.0344,51.39793],[-0.03358,51.39918],[-0.03347,51.39935],[-0.03326,51.39966],[-0.03316,51.39983],[-0.03292,51.4002],[-0.03289,51.40024],[-0.03263,51.40063]]],[4257991,"residential","Kingswood Road",[[-0.00495,51.3974],[-0.00416,51.39815],[-0.00389,51.39842],[-0.00331,51.39897],[-0.00291,51.39939],[-0.00286,51.39944],[-0.0026,51.39963],[-0.00234,51.39977],[-0.00208,51.39991],[-0.00193,51.39997],[-0.0014,51.40018],[-0.00111,51.40033],[-0.00091,51.40044],[-0.00077,51.40052],[-0.00065,51.4006],[-0.00053,51.40069],[-0.0004,51.4008],[-0.00027,51.40093],[-0.00021,51.40105]],"asphalt"],[14388178,"residential","Quinton Close",[[-0.01081,51.40041],[-0.01068,51.39975],[-0.0107,51.39911]],"asphalt"],[14757217,"residential","Birchwood Avenue",[[-0.03439,51.40015],[-0.03498,51.39923],[-0.03505,51.39912],[-0.03534,51.39869],[-0.03548,51.39845],[-0.03568,51.39816],[-0.03587,51.39784],[-0.03609,51.3975]]],[14757271,"residential","Broomfield Road",[[-0.03977,51.39878],[-0.0394,51.39913],[-0.03908,51.39944],[-0.03889,51.39961],[-0.0382,51.40025],[-0.03814,51.40031],[-0.03732,51.4011]],"asphalt"],[14757315,"residential","St James's Avenue",[[-0.04052,51.40345],[-0.04119,51.40277],[-0.04185,51.40208],[-0.04217,51.4017],[-0.04374,51.40014],[-0.04376,51.4001],[-0.04374,51.40006],[-0.04357,51.39989],[-0.04353,51.39985],[-0.04352,51.39981],[-0.04353,51.39977],[-0.04355,51.39973],[-0.04359,51.3997],[-0.04375,51.39964],[-0.04377,51.39962],[-0.04378,51.39959],[-0.04371,51.39951],[-0.04365,51.39944],[-0.0435,51.39927],[-0.04333,51.39912]],"asphalt"],[14757377,"service","",[[-0.04357,51.39989],[-0.04305,51.40002],[-0.04289,51.39985],[-0.04288,51.39967]]],[14758085,"service","",[[-0.03918,51.40004],[-0.03959,51.39966],[-0.03977,51.39949]],"unpaved"],[23205377,"residential","Waldron Gardens",[[-0.00613,51.3998],[-0.00626,51.39986],[-0.00679,51.4001]]],[27382551,"footway","Kelsey Lane",[[-0.03024,51.40135],[-0.03003,51.401],[-0.02988,51.40074],[-0.02978,51.40053],[-0.0297,51.40029],[-0.02961,51.40008],[-0.02953,51.39982],[-0.02934,51.39921],[-0.02929,51.39906],[-0.02922,51.39889],[-0.02917,51.39875],[-0.02913,51.39865],[-0.02908,51.39856],[-0.02903,51.39848],[-0.02885,51.39819]],"dirt"],[28338234,"residential","Gordon Road",[[-0.03498,51.39923],[-0.03558,51.3994],[-0.03608,51.39956],[-0.03613,51.39958],[-0.03708,51.39991],[-0.0371,51.39992],[-0.03738,51.40001],[-0.0376,51.40009],[-0.03814,51.40031]]],[30324933,"residential","Gwydor Road",[[-0.04771,51.40043],[-0.04798,51.40014],[-0.04827,51.39987],[-0.0484,51.39966],[-0.04875,51.39923],[-0.04901,51.39891]],"asphalt"],[625498442,"service","",[[-0.02537,51.40014],[-0.02543,51.40011],[-0.02547,51.40009],[-0.0255,51.40006],[-0.02549,51.4],[-0.02549,51.39999],[-0.02548,51.39997],[-0.02546,51.39992],[-0.02531,51.39953],[-0.02523,51.39933],[-0.02515,51.39914],[-0.02513,51.39912],[-0.0251,51.3991],[-0.02502,51.39908],[-0.0249,51.39905],[-0.02485,51.39903],[-0.0248,51.39899],[-0.02476,51.39895],[-0.02473,51.3989],[-0.02473,51.39887],[-0.02473,51.39884],[-0.02475,51.39882],[-0.02478,51.39879],[-0.02485,51.39876],[-0.0249,51.39874],[-0.02497,51.39873],[-0.02504,51.39872],[-0.02513,51.39872],[-0.02515,51.39872],[-0.02553,51.39872],[-0.0256,51.39871],[-0.02568,51.3987],[-0.02601,51.39867]]],[909976204,"service","",[[-0.035,51.4003],[-0.03525,51.39994]],"unpaved"],[909982472,"service","",[[-0.0376,51.40009],[-0.03787,51.39983]],"unpaved"],[1134653860,"path","",[[-0.048,51.39904],[-0.04788,51.39925],[-0.04778,51.39933],[-0.04755,51.39947],[-0.04725,51.39978],[-0.04673,51.40028],[-0.04618,51.40009],[-0.04613,51.40006]]],[1303943831,"footway","",[[-0.02666,51.40004],[-0.02726,51.39994],[-0.02699,51.39922]]],[1303943833,"footway","",[[-0.02618,51.40008],[-0.02629,51.39974],[-0.02549,51.39999]]]],"nodeAttrs":{"51.399530,-0.018240":{"crossingMarked":true},"51.399500,-0.018240":{"crossingMarked":true},"51.399930,-0.002610":{"barrier":true},"51.399860,-0.006260":{"barrier":true}}}