{"v":2,"features":[[2984456,"residential","Dollis Avenue",[[-0.19984,51.59817],[-0.2002,51.59852],[-0.20024,51.59868],[-0.20026,51.5988],[-0.20026,51.59891],[-0.20031,51.59926],[-0.20052,51.59957],[-0.20071,51.59985],[-0.20081,51.59995],[-0.20146,51.60063],[-0.20153,51.60071],[-0.20164,51.60083],[-0.20167,51.60098],[-0.20165,51.60114],[-0.2016,51.60132],[-0.2015,51.60151],[-0.20137,51.60169],[-0.20123,51.60185],[-0.20118,51.6019],[-0.20094,51.60212],[-0.20051,51.60244],[-0.19973,51.60294],[-0.1996,51.60302],[-0.19951,51.60306],[-0.19945,51.60306]],"asphalt"],[3126733,"unclassified","Avion Crescent",[[-0.23938,51.60149],[-0.23925,51.6015],[-0.23916,51.60147],[-0.23912,51.60142],[-0.23906,51.60097],[-0.23905,51.60078],[-0.23905,51.60065],[-0.23909,51.60037],[-0.23915,51.6001],[-0.23921,51.59988],[-0.23924,51.59985],[-0.23934,51.59983],[-0.23948,51.59983]]],[4477748,"residential","Broadhead Strand",[[-0.24162,51.60023],[-0.24262,51.60025],[-0.24314,51.60027],[-0.24312,51.60019],[-0.24311,51.59999],[-0.24364,51.6]]],[23149831,"footway","",[[-0.23094,51.6002],[-0.23081,51.60017],[-0.23041,51.60006],[-0.23042,51.60004],[-0.23043,51.60003],[-0.23009,51.59994],[-0.23002,51.59993]],"asphalt"],[24573928,"secondary","Holders Hill Road",[[-0.21202,51.59781],[-0.21142,51.59809],[-0.21093,51.59843],[-0.21087,51.59849],[-0.21049,51.59885],[-0.21029,51.5991],[-0.21022,51.5992],[-0.20996,51.59983],[-0.20978,51.60018],[-0.20972,51.6003],[-0.20971,51.60033],[-0.20946,51.60075],[-0.2093,51.60103],[-0.20919,51.60125],[-0.20899,51.60163],[-0.20893,51.60176],[-0.20821,51.6024],[-0.20805,51.60261],[-0.20784,51.60316],[-0.20778,51.60331]],"asphalt"],[52048548,"tertiary","Lanacre Avenue",[[-0.24662,51.60106],[-0.24618,51.60102],[-0.24592,51.60089],[-0.24576,51.60074],[-0.24579,51.60035],[-0.2458,51.60021],[-0.24581,51.59943],[-0.24579,51.59933],[-0.24571,51.59926]]],[130882253,"trunk","Great North Way",[[-0.2312,51.6006],[-0.23052,51.60042],[-0.23002,51.60029],[-0.22928,51.60009],[-0.22787,51.59965],[-0.2272,51.59943]],"asphalt"],[130882914,"trunk","Great North Way",[[-0.22821,51.59955],[-0.22897,51.59974],[-0.22951,51.59988],[-0.23089,51.60024],[-0.23279,51.60076],[-0.2334,51.60092],[-0.23355,51.60095]],"asphalt"],[200357580,"footway","",[[-0.24369,51.59951],[-0.24364,51.6],[-0.2438,51.6006]]],[603916236,"cycleway","",[[-0.23324,51.60123],[-0.23284,51.60111],[-0.23265,51.60106],[-0.23247,51.60101],[-0.23228,51.60095],[-0.2321,51.6009],[-0.23192,51.60085],[-0.23173,51.6008],[-0.23155,51.60074],[-0.23023,51.60037],[-0.2302,51.60038],[-0.23018,51.6004],[-0.23016,51.60042],[-0.22985,51.60034],[-0.22983,51.60031],[-0.22979,51.6003],[-0.22978,51.60027],[-0.22977,51.60025],[-0.22939,51.60016],[-0.22762,51.59963],[-0.22707,51.59947],[-0.22657,51.59932],[-0.22616,51.5992],[-0.22596,51.59914],[-0.22591,51.59919],[-0.22581,51.59917]],"paved"],[757273700,"service","",[[-0.20454,51.59982],[-0.20419,51.60028],[-0.20417,51.60031]]],[759913599,"tertiary","Grahame Park Way",[[-0.24015,51.59867],[-0.24006,51.59877],[-0.23996,51.59889],[-0.23983,51.59913],[-0.23962,51.59952],[-0.23948,51.59983],[-0.23945,51.59993],[-0.23939,51.6001],[-0.23936,51.60024],[-0.23936,51.60032],[-0.23933,51.60054],[-0.2393,51.60088],[-0.2393,51.6009],[-0.23932,51.60115],[-0.23936,51.6014],[-0.23938,51.60149]]],[765902502,"service","",[[-0.20081,51.59995],[-0.20067,51.59999],[-0.20039,51.60008],[-0.20008,51.60015]]],[1025564249,"footway","",[[-0.24028,51.59994],[-0.24028,51.59995],[-0.2407,51.59996],[-0.2407,51.59998],[-0.24032,51.59998],[-0.24032,51.6],[-0.2407,51.6],[-0.2407,51.60002],[-0.24036,51.60002],[-0.24036,51.60004],[-0.24035,51.60011],[-0.24031,51.60012]]],[1025564250,"steps","",[[-0.24036,51.60004],[-0.24028,51.60004],[-0.24028,51.59995]]],[1189701891,"service","",[[-0.23506,51.60008],[-0.23521,51.60006],[-0.2354,51.59997]]],[1391811363,"footway","",[[-0.25243,51.60059],[-0.25181,51.60073],[-0.2517,51.60075],[-0.25158,51.60075],[-0.25145,51.60075],[-0.25129,51.60074],[-0.25108,51.60069],[-0.25084,51.60062],[-0.25054,51.60052],[-0.25034,51.60046],[-0.25013,51.60041],[-0.24993,51.60037],[-0.2496,51.60035],[-0.24921,51.60035],[-0.24887,51.60033],[-0.24865,51.60031],[-0.24828,51.60027],[-0.24814,51.60025],[-0.24815,51.60007],[-0.24818,51.59979],[-0.24822,51.59952],[-0.24825,51.59926],[-0.24827,51.59903],[-0.2483,51.59879]]]]}