{"v":2,"features":[[276846,"residential","Hervey Close",[[-0.18687,51.59922],[-0.1874,51.59944],[-0.18763,51.59955],[-0.18795,51.59969],[-0.18893,51.60012],[-0.18942,51.60034],[-0.19002,51.60075],[-0.19038,51.60097],[-0.19107,51.60131]]],[3127920,"footway","",[[-0.19874,51.60054],[-0.19825,51.60034],[-0.19791,51.60016],[-0.19788,51.60005],[-0.19783,51.59999],[-0.1973,51.59969],[-0.19724,51.59964]],"asphalt"],[4089078,"residential","Strawberry Vale",[[-0.17267,51.59985],[-0.17264,51.5999],[-0.17263,51.59996],[-0.17264,51.6],[-0.17273,51.60025],[-0.17285,51.60053],[-0.17287,51.6006],[-0.17288,51.60066],[-0.17287,51.60071],[-0.17257,51.60134],[-0.17251,51.6014],[-0.17243,51.60142],[-0.17191,51.60147],[-0.17167,51.60148]]],[4089079,"residential","Lankaster Gardens",[[-0.17233,51.60111],[-0.17229,51.60103],[-0.17205,51.60052],[-0.172,51.60038],[-0.17163,51.59961],[-0.1714,51.59911],[-0.17125,51.59882]]],[23070440,"residential","Lichfield Grove",[[-0.19271,51.59948],[-0.19277,51.59951],[-0.19352,51.59993],[-0.1942,51.6003],[-0.19455,51.60049],[-0.19465,51.60055]],"asphalt"],[39698623,"service","Joint Road",[[-0.16118,51.60261],[-0.16152,51.60189],[-0.16162,51.60165],[-0.16179,51.60133],[-0.1621,51.60094],[-0.16221,51.60085],[-0.16279,51.60017],[-0.16353,51.5991],[-0.16377,51.59874],[-0.1639,51.59854]]],[69358723,"service","",[[-0.16498,51.59997],[-0.16484,51.60003],[-0.16466,51.60007],[-0.16443,51.60013],[-0.16422,51.6002],[-0.164,51.60029],[-0.16384,51.60036],[-0.16363,51.60051]]],[72749199,"service","Raleigh Road",[[-0.16128,51.59862],[-0.16107,51.59894],[-0.16088,51.59919],[-0.16026,51.60007],[-0.16001,51.60039],[-0.15997,51.60049],[-0.15998,51.6006],[-0.16005,51.60067],[-0.1601,51.60072],[-0.16022,51.60077],[-0.16037,51.60079],[-0.16053,51.60078],[-0.16075,51.60073]]],[74303860,"service","",[[-0.18717,51.59892],[-0.18795,51.59926],[-0.1896,51.59998],[-0.18979,51.60009],[-0.18976,51.60012],[-0.18942,51.60034],[-0.18821,51.60112],[-0.18804,51.60125],[-0.18778,51.60111],[-0.18774,51.60102],[-0.18772,51.60091]]],[74303862,"service","",[[-0.18661,51.59996],[-0.18682,51.60008],[-0.18702,51.60017],[-0.18716,51.60018],[-0.18768,51.60041],[-0.18786,51.60052],[-0.18812,51.60066]]],[74303866,"service","",[[-0.18853,51.6004],[-0.18799,51.60015],[-0.1877,51.60002],[-0.18745,51.59991],[-0.18704,51.59969]]],[74303879,"service","",[[-0.18572,51.59997],[-0.18626,51.6002]]],[187066715,"footway","",[[-0.17291,51.59984],[-0.17287,51.59985],[-0.17283,51.59986],[-0.17279,51.59989],[-0.17275,51.59992],[-0.17274,51.59997],[-0.17275,51.60004],[-0.1728,51.60026],[-0.17293,51.60056],[-0.17294,51.60059],[-0.17294,51.60064],[-0.17294,51.60068]]],[202161507,"service","",[[-0.17698,51.59993],[-0.17718,51.59981],[-0.17727,51.59977],[-0.1774,51.59975],[-0.17751,51.59977],[-0.17759,51.5998],[-0.17766,51.59986],[-0.17777,51.60002],[-0.17781,51.60004],[-0.17783,51.60006],[-0.17792,51.60009],[-0.17801,51.60009],[-0.17811,51.60009],[-0.17823,51.60011],[-0.17829,51.60018],[-0.17828,51.60023]]],[202165460,"service","Chaville Way",[[-0.19153,51.6008],[-0.19141,51.60084],[-0.19061,51.60052],[-0.19036,51.60031],[-0.1904,51.60027],[-0.18999,51.60007],[-0.1893,51.5997],[-0.18934,51.59967]]],[202173399,"service","",[[-0.18365,51.59974],[-0.18299,51.60006],[-0.18314,51.60017]]],[202173400,"service","",[[-0.18424,51.60014],[-0.18416,51.60021],[-0.18357,51.6005],[-0.18343,51.60039],[-0.18329,51.60028],[-0.18314,51.60017],[-0.18379,51.59985]]],[842268416,"trunk","North Circular Road",[[-0.17846,51.598],[-0.17783,51.59852],[-0.17731,51.59895],[-0.17648,51.59958],[-0.17602,51.59991],[-0.17552,51.60025],[-0.17528,51.60038],[-0.17455,51.60081],[-0.17417,51.60103],[-0.17371,51.6013]],"asphalt"],[880628812,"cycleway","",[[-0.17376,51.60238],[-0.17375,51.60236],[-0.17362,51.60219],[-0.17358,51.60219],[-0.17356,51.60217],[-0.17335,51.6019],[-0.17334,51.60185],[-0.17335,51.6018],[-0.17338,51.60177],[-0.17373,51.60147],[-0.1739,51.60133],[-0.17395,51.60128],[-0.17434,51.60103],[-0.17458,51.60092],[-0.17475,51.60084],[-0.17482,51.6008],[-0.17518,51.60065],[-0.17531,51.6006],[-0.17598,51.60023],[-0.17641,51.59996],[-0.17643,51.59978],[-0.17678,51.59953],[-0.17687,51.59953],[-0.17683,51.59957]],"asphalt"],[1191270173,"footway","",[[-0.17325,51.60115],[-0.17322,51.60101],[-0.17313,51.60083],[-0.17311,51.60068],[-0.17312,51.60058],[-0.17312,51.6004],[-0.17308,51.60009],[-0.17305,51.59987],[-0.17303,51.59985],[-0.17299,51.59984],[-0.17291,51.59984]]],[1191270177,"footway","",[[-0.17349,51.60102],[-0.17346,51.6009],[-0.17347,51.60085],[-0.17349,51.60082],[-0.17349,51.6007],[-0.17348,51.60061],[-0.17345,51.6005],[-0.17345,51.60046],[-0.17344,51.60039],[-0.17344,51.60032],[-0.17342,51.60029],[-0.17342,51.60007],[-0.17342,51.60003],[-0.1734,51.59987],[-0.17341,51.59984],[-0.17343,51.59983],[-0.17347,51.59981]]],[1347554385,"footway","Hammonds Path",[[-0.16767,51.59997],[-0.16773,51.60005],[-0.16829,51.60025]]],[1354970408,"footway","",[[-0.19539,51.60004],[-0.1953,51.6],[-0.1952,51.59996]]],[1355693304,"path","",[[-0.16526,51.59993],[-0.16542,51.60006]]],[1427164833,"footway","",[[-0.1952,51.59996],[-0.19493,51.60018],[-0.1949,51.60021],[-0.1946,51.60046],[-0.19425,51.60028],[-0.19386,51.60008],[-0.1934,51.59982],[-0.19284,51.59949]]],[1432501286,"footway","",[[-0.19649,51.59908],[-0.19617,51.5994],[-0.19556,51.59989],[-0.19539,51.60004],[-0.19536,51.60006],[-0.19536,51.60007],[-0.19537,51.60008],[-0.19538,51.6001],[-0.19541,51.6001],[-0.19542,51.6001],[-0.1958,51.6]]],[1457677326,"service","Chaville Way",[[-0.18934,51.59967],[-0.19112,51.60041],[-0.19099,51.60053],[-0.19153,51.6008]]]],"nodeAttrs":{"51.600000,-0.195300":{"crossingMarked":true}}}