{"v":2,"features":[[4272756,"cycleway","",[[-0.0505,51.59696],[-0.05047,51.59694],[-0.05042,51.59699],[-0.04919,51.59794],[-0.04857,51.59834],[-0.0475,51.59915],[-0.04687,51.59968],[-0.0463,51.60022],[-0.04591,51.60064],[-0.04588,51.60067],[-0.0451,51.60149],[-0.0443,51.60224],[-0.04362,51.60304],[-0.04319,51.60365],[-0.04297,51.60394],[-0.04214,51.60508],[-0.04195,51.60543],[-0.04189,51.60557],[-0.04179,51.60581],[-0.04166,51.60612],[-0.04154,51.60708]],"asphalt"],[4698343,"residential","Cecil Road",[[-0.01957,51.59994],[-0.01724,51.60033],[-0.01721,51.60033],[-0.01719,51.60031]]],[5107887,"residential","Bridge End",[[-0.00549,51.59686],[-0.00546,51.60021],[-0.00548,51.60026]]],[5117362,"residential","Lawrence Avenue",[[-0.03815,51.59992],[-0.03823,51.59998],[-0.03825,51.60001],[-0.03823,51.60032],[-0.03821,51.60034],[-0.03818,51.60035],[-0.03814,51.60035],[-0.0381,51.60034],[-0.03761,51.6001]],"asphalt"],[5117377,"residential","Gurney Close",[[-0.03935,51.60015],[-0.03939,51.60015],[-0.03978,51.60017],[-0.03984,51.60016],[-0.03991,51.60014],[-0.03997,51.6001],[-0.04005,51.60002],[-0.0403,51.59975],[-0.04039,51.59959],[-0.04044,51.59954],[-0.04063,51.59943],[-0.04092,51.59927]]],[5117397,"residential","Durban Road",[[-0.02974,51.60234],[-0.02967,51.60229],[-0.02963,51.6022],[-0.02958,51.60208],[-0.0295,51.60174],[-0.0295,51.60169],[-0.02951,51.60165],[-0.02953,51.60162],[-0.02959,51.60158],[-0.02965,51.60153],[-0.02967,51.60149],[-0.02975,51.60128],[-0.02982,51.6011],[-0.02987,51.60098],[-0.02994,51.60081],[-0.02998,51.60073],[-0.03,51.60067],[-0.03002,51.60059],[-0.03003,51.6005],[-0.03003,51.60021],[-0.03004,51.59998],[-0.03004,51.59969]]],[23242190,"cycleway","Billet Road",[[-0.01748,51.60063],[-0.01816,51.60055],[-0.01885,51.60045],[-0.01898,51.60043],[-0.01942,51.60041],[-0.01983,51.60039],[-0.02027,51.60035],[-0.02103,51.60027],[-0.02163,51.60019],[-0.02166,51.60019],[-0.02167,51.60018],[-0.02196,51.60012],[-0.02318,51.59981],[-0.0232,51.5998]],"asphalt"],[30336260,"residential","Sinnott Road",[[-0.03904,51.60091],[-0.03915,51.60081],[-0.0392,51.60073],[-0.03924,51.60064],[-0.03926,51.60059],[-0.0393,51.6004],[-0.03935,51.60015],[-0.03939,51.59982],[-0.0395,51.59889],[-0.0395,51.59887],[-0.0395,51.59884],[-0.03951,51.5988]],"asphalt"],[30385850,"residential","Lawrence Avenue",[[-0.03541,51.59975],[-0.03542,51.59978],[-0.03547,51.59983],[-0.03557,51.59992],[-0.0357,51.60002],[-0.03576,51.60005],[-0.03585,51.6001],[-0.03596,51.60015]]],[30451277,"tertiary","Hale End Road",[[-0.00159,51.60039],[-0.00168,51.6003],[-0.00171,51.60022],[-0.00173,51.60018],[-0.00175,51.60012],[-0.00176,51.60001],[-0.00174,51.59988]],"asphalt"],[30600438,"residential","Amber Avenue",[[-0.03385,51.59982],[-0.03395,51.60061]]],[130412227,"footway","",[[-0.01165,51.60021],[-0.01159,51.60015],[-0.01151,51.60009],[-0.01137,51.59999]]],[130751517,"trunk","North Circular Road",[[-0.01079,51.60048],[-0.00901,51.60054],[-0.00749,51.60057],[-0.00647,51.60058],[-0.00574,51.60057],[-0.00533,51.60055],[-0.00411,51.60047],[-0.00364,51.60043],[-0.00271,51.60032],[-0.00154,51.60012],[-0.00099,51.60001],[-0.00047,51.59989],[0.00038,51.59967],[0.00089,51.59952],[0.00126,51.5994],[0.0021,51.59912],[0.00275,51.59888],[0.00294,51.59882]],"asphalt"],[231743837,"primary","Watermead Way",[[-0.05016,51.59951],[-0.04999,51.59972],[-0.04986,51.59992],[-0.04975,51.60011],[-0.04967,51.6003],[-0.04961,51.60048],[-0.04957,51.60064],[-0.04954,51.60083],[-0.04953,51.60103],[-0.04955,51.60136]],"asphalt"],[231747474,"cycleway","",[[-0.05041,51.59942],[-0.05031,51.59952],[-0.05017,51.59969],[-0.05005,51.59983],[-0.04993,51.60002],[-0.04985,51.60018],[-0.04977,51.60036],[-0.04973,51.60052],[-0.04969,51.60068],[-0.04968,51.60083],[-0.04968,51.60096],[-0.0497,51.60111],[-0.04974,51.60136],[-0.04978,51.60162],[-0.04978,51.60163],[-0.04977,51.60163]],"asphalt"],[357485803,"path","",[[-0.04253,51.60368],[-0.04257,51.60363],[-0.04265,51.60353],[-0.04276,51.60338],[-0.04282,51.60329],[-0.04288,51.60321],[-0.04297,51.6031],[-0.043,51.60303],[-0.04303,51.60298],[-0.04307,51.60293],[-0.04311,51.60288],[-0.04317,51.60281],[-0.04324,51.60273],[-0.04332,51.60263],[-0.04343,51.60252],[-0.04353,51.60242],[-0.04356,51.60237],[-0.04358,51.60234],[-0.04359,51.60231],[-0.04362,51.60228],[-0.04364,51.60225],[-0.04367,51.60223],[-0.0437,51.60221],[-0.04372,51.6022],[-0.04376,51.60216],[-0.0438,51.60212],[-0.04383,51.60208],[-0.04388,51.60204],[-0.04394,51.602],[-0.04396,51.60198],[-0.04399,51.60196],[-0.04413,51.60179],[-0.04423,51.60168],[-0.0443,51.60158],[-0.04433,51.60152],[-0.04437,51.60145],[-0.04439,51.6014],[-0.04442,51.60137],[-0.04444,51.60135],[-0.04462,51.6012],[-0.04466,51.60117],[-0.04475,51.60113],[-0.04479,51.60111],[-0.04482,51.60109],[-0.04489,51.60102],[-0.04499,51.60091],[-0.04513,51.60076],[-0.04527,51.60061],[-0.04531,51.60057],[-0.04533,51.60054],[-0.04533,51.60051],[-0.04535,51.60048],[-0.04538,51.60046],[-0.04544,51.60041],[-0.04555,51.60033],[-0.04565,51.60025],[-0.04568,51.60021],[-0.04571,51.60017],[-0.04572,51.60015],[-0.04572,51.60012],[-0.0457,51.6001],[-0.04567,51.60007],[-0.04564,51.60004],[-0.0456,51.60003],[-0.04554,51.60002],[-0.04548,51.60002],[-0.04542,51.60003],[-0.04538,51.60005],[-0.04533,51.60006],[-0.04528,51.60006],[-0.04523,51.60006],[-0.04518,51.60004],[-0.04512,51.60002],[-0.04507,51.6],[-0.04503,51.59997],[-0.045,51.59994],[-0.04492,51.59987],[-0.04487,51.59983],[-0.04469,51.59973],[-0.04452,51.59965],[-0.04448,51.59963],[-0.04442,51.59961],[-0.04433,51.59958],[-0.04427,51.59957],[-0.0442,51.59955],[-0.04414,51.59954],[-0.04411,51.59952],[-0.04407,51.59949],[-0.04403,51.59947],[-0.04399,51.59947],[-0.04388,51.59946],[-0.04384,51.59946],[-0.04379,51.59945],[-0.04366,51.59941],[-0.04352,51.5994],[-0.04346,51.59939],[-0.0434,51.5994],[-0.04334,51.59941],[-0.04328,51.59944],[-0.04323,51.5995],[-0.04316,51.5996],[-0.04313,51.59966],[-0.04312,51.5997],[-0.04313,51.59973],[-0.04315,51.59977],[-0.04319,51.59984],[-0.04323,51.5999]],"grass"],[357485808,"path","",[[-0.04495,51.60045],[-0.04486,51.60038],[-0.04471,51.60027],[-0.04454,51.60012],[-0.04443,51.60003],[-0.04433,51.59995],[-0.04427,51.59991],[-0.04421,51.59989],[-0.04414,51.59986],[-0.04404,51.59983],[-0.04395,51.59981],[-0.04385,51.5998],[-0.04377,51.5998],[-0.04368,51.5998],[-0.0436,51.59981],[-0.04349,51.59983],[-0.04336,51.59986],[-0.04323,51.5999],[-0.04315,51.59994],[-0.04303,51.59999],[-0.04295,51.60004],[-0.04277,51.60017],[-0.0427,51.60023],[-0.04265,51.60028],[-0.0426,51.60034],[-0.04256,51.60042],[-0.04247,51.60063],[-0.04242,51.60078],[-0.0424,51.60085],[-0.04238,51.60098],[-0.04235,51.60112],[-0.04233,51.60131],[-0.04233,51.60139],[-0.04234,51.6015],[-0.04234,51.60156],[-0.04236,51.60164],[-0.04238,51.60172],[-0.0424,51.60178],[-0.0424,51.6018],[-0.04241,51.60184],[-0.0424,51.6019]],"grass"],[375271613,"residential","Cecil Road",[[-0.01957,51.59994],[-0.01983,51.60039],[-0.01985,51.60047]]],[375283653,"service","",[[-0.01561,51.59999],[-0.01569,51.60017]]],[406716626,"pedestrian","Robinswood Gardens",[[-0.02697,51.59958],[-0.02706,51.60012],[-0.02712,51.60021]]],[420051255,"service","",[[-0.03326,51.59985],[-0.03316,51.59985],[-0.03312,51.59986],[-0.03271,51.5999],[-0.03261,51.59985],[-0.03224,51.59989],[-0.03221,51.5999],[-0.03213,51.59992],[-0.03188,51.6001],[-0.03187,51.60011],[-0.0317,51.60022],[-0.03169,51.60025],[-0.03169,51.60027],[-0.03175,51.60043],[-0.03183,51.60047],[-0.03193,51.60047],[-0.03197,51.60046],[-0.03198,51.60045],[-0.03201,51.60043],[-0.03201,51.60039],[-0.03193,51.60016],[-0.03192,51.60014],[-0.03187,51.60011]]],[664748942,"primary","Chingford Road",[[-0.01614,51.60015],[-0.01613,51.60006],[-0.01608,51.59987]],