{"v":2,"features":[[20615427,"residential","Fuller's Road",[[0.01986,51.59965],[0.01986,51.59971],[0.01983,51.59976],[0.01963,51.59985],[0.01948,51.59992],[0.01921,51.60003],[0.01912,51.60011],[0.01893,51.60025],[0.01868,51.60045],[0.01859,51.60051],[0.01849,51.60056],[0.01845,51.60058],[0.01841,51.60061]]],[20615777,"residential","Oak Hill Gardens",[[0.01297,51.60042],[0.0128,51.60029],[0.01219,51.59938]],"asphalt"],[20616073,"residential","Abbotsford Gardens",[[0.02308,51.5994],[0.02319,51.59972],[0.02353,51.60072],[0.0236,51.60121],[0.02355,51.60129],[0.02349,51.60134],[0.0234,51.60139],[0.02319,51.60148],[0.023,51.60154],[0.02283,51.60158],[0.02172,51.60172],[0.02163,51.60174],[0.02151,51.60178],[0.02142,51.60182],[0.02136,51.60189],[0.0213,51.60196],[0.02129,51.60204],[0.02127,51.60228],[0.02129,51.60251],[0.02135,51.60276],[0.02137,51.60281]]],[20616509,"residential","Arlington Road",[[0.02701,51.59995],[0.02709,51.60013],[0.02745,51.60089],[0.02751,51.60103],[0.02752,51.60106]],"asphalt"],[23063744,"residential","Grenville Gardens",[[0.03548,51.5995],[0.03576,51.60051],[0.03583,51.60077],[0.03591,51.60104],[0.036,51.6014],[0.03607,51.60164],[0.03615,51.60195],[0.03626,51.60232],[0.0363,51.60247],[0.03631,51.60249],[0.03633,51.60252],[0.03636,51.60258]]],[23063759,"residential","Orsett Terrace",[[0.03785,51.60062],[0.03797,51.60059],[0.03796,51.60056],[0.03775,51.59999],[0.03772,51.59992]],"concrete"],[23064104,"residential","Chalford Walk",[[0.04422,51.60084],[0.04422,51.60079],[0.04418,51.60058],[0.04416,51.60048],[0.04416,51.60046],[0.04414,51.60042],[0.04408,51.60033],[0.04397,51.60021],[0.04373,51.60005],[0.0431,51.5997],[0.04294,51.59963]]],[26641623,"residential","Beverley Crescent",[[0.02875,51.60095],[0.02881,51.60095],[0.02919,51.6009],[0.02974,51.6008],[0.02981,51.60079],[0.02987,51.60075],[0.02987,51.6007],[0.02982,51.60059],[0.02924,51.59948],[0.02919,51.59942],[0.02913,51.5994]]],[42325266,"bridleway","",[[0.0177,51.60522],[0.01753,51.60512],[0.01729,51.60493],[0.01713,51.60484],[0.01673,51.60469],[0.01659,51.60462],[0.01624,51.60434],[0.01618,51.60429],[0.01611,51.60403],[0.0161,51.60396],[0.01606,51.60392],[0.01594,51.60379],[0.01588,51.60366],[0.0158,51.60358],[0.01557,51.6034],[0.01518,51.60304],[0.01474,51.60273],[0.01423,51.60231],[0.01401,51.60208],[0.01386,51.60188],[0.01348,51.60154],[0.01288,51.60115],[0.01287,51.60114],[0.01278,51.60109],[0.01274,51.60107],[0.01266,51.60102],[0.01248,51.60088],[0.01225,51.60073],[0.01211,51.60063],[0.0121,51.60062],[0.01204,51.60057],[0.01196,51.6005],[0.01162,51.60025],[0.01144,51.60005],[0.01118,51.59982],[0.01112,51.59969],[0.01107,51.59948],[0.01093,51.5993],[0.01085,51.5992],[0.01083,51.59905]],"dirt"],[76732889,"footway","",[[0.00807,51.60262],[0.00788,51.60246],[0.00774,51.60226],[0.00761,51.60195],[0.00758,51.60179],[0.00752,51.60163],[0.00739,51.6015],[0.00722,51.60132],[0.00696,51.60116],[0.00688,51.60114],[0.00676,51.60111],[0.00649,51.60098],[0.00634,51.60094],[0.00569,51.60096],[0.0051,51.60105],[0.00481,51.60106],[0.00453,51.60109],[0.00434,51.60109],[0.00426,51.60108],[0.00413,51.60106],[0.00396,51.60099],[0.00385,51.60092],[0.00375,51.60079],[0.0036,51.60043],[0.00356,51.6002],[0.00359,51.60009],[0.00385,51.59965],[0.0039,51.59951],[0.00392,51.59915],[0.00393,51.59909],[0.00398,51.59898],[0.00409,51.59892],[0.00417,51.5989],[0.00433,51.59889],[0.00443,51.59887],[0.00447,51.59882],[0.00446,51.59875],[0.00438,51.59863],[0.00432,51.59857],[0.00422,51.59847]]],[205961869,"cycleway","Roding Valley Way",[[0.04751,51.59968],[0.04769,51.60006],[0.04791,51.60053],[0.04794,51.60059],[0.04809,51.60065]],"gravel"],[262070575,"footway","",[[0.01106,51.60995],[0.01106,51.60989],[0.01111,51.60977],[0.01111,51.60974],[0.01115,51.60963],[0.01114,51.60947],[0.01108,51.60938],[0.01096,51.60927],[0.01078,51.6091],[0.01048,51.60867],[0.01028,51.60853],[0.01024,51.60843],[0.01007,51.60836],[0.01013,51.60831],[0.0101,51.60811],[0.01014,51.60786],[0.0104,51.60728],[0.01065,51.60695],[0.01069,51.60677],[0.01068,51.60674],[0.01052,51.60607],[0.0108,51.60584],[0.01088,51.60572],[0.01098,51.60554],[0.01104,51.60539],[0.01098,51.60516],[0.01098,51.60503],[0.01095,51.60455],[0.01094,51.60452],[0.01059,51.6043],[0.01047,51.60424],[0.01012,51.6041],[0.00962,51.60386],[0.00951,51.60379],[0.00939,51.60373],[0.00933,51.60369],[0.00925,51.60364],[0.00912,51.60357],[0.00893,51.60347],[0.00871,51.60333],[0.00861,51.60325],[0.00839,51.60303],[0.00814,51.60275],[0.00807,51.60262],[0.00804,51.60258],[0.00807,51.60253],[0.00823,51.60243],[0.00834,51.60232],[0.00863,51.6021],[0.0087,51.60199],[0.00873,51.60186],[0.00872,51.60164],[0.00877,51.60149],[0.00886,51.60123],[0.00898,51.60108],[0.00905,51.60097],[0.0091,51.60091],[0.00921,51.60085],[0.00954,51.60073],[0.00968,51.60065],[0.00976,51.60058],[0.01022,51.59985],[0.01024,51.59982],[0.01083,51.59905]]],[315216310,"footway","",[[0.03878,51.60019],[0.03903,51.60003],[0.0395,51.59965]],"paving_stones"],[367303166,"footway","",[[0.00772,51.59998],[0.00817,51.59995],[0.00834,51.59993],[0.00844,51.59996],[0.00868,51.60008],[0.0089,51.60011],[0.00916,51.60011],[0.00989,51.60001],[0.01022,51.59985]]],[455327903,"service","",[[0.00046,51.6002],[0.00034,51.60016],[0.00029,51.60012],[0.00024,51.60008],[0.00017,51.60002],[0.00011,51.59996]]],[674723831,"service","",[[0.03873,51.59969],[0.03882,51.59984],[0.0389,51.6],[0.0389,51.60004],[0.03889,51.60007],[0.03886,51.60008]],"asphalt"],[713601636,"service","",[[0.01948,51.59992],[0.01952,51.60008],[0.0195,51.60011],[0.01947,51.60013],[0.01944,51.60015],[0.0194,51.60016]]],[766306397,"service","",[[0.04416,51.60046],[0.04392,51.60048],[0.04375,51.60049],[0.04371,51.60048],[0.04365,51.60044],[0.04347,51.60034],[0.04255,51.59979]]],[766306401,"path","",[[0.04131,51.59943],[0.04248,51.60016],[0.04312,51.60054],[0.0432,51.60059],[0.04323,51.60063]],"asphalt"],[777007473,"service","",[[0.04416,51.60048],[0.04466,51.60044],[0.04477,51.60043],[0.04486,51.60041],[0.0449,51.6004],[0.04497,51.60035],[0.04507,51.60024],[0.04508,51.60021],[0.04507,51.60018],[0.04504,51.60014],[0.04476,51.59993]]],[839101174,"path","",[[0.04613,51.60155],[0.04563,51.60142],[0.04537,51.60125],[0.04535,51.60117],[0.04536,51.60107],[0.04532,51.60091],[0.04532,51.60073],[0.04535,51.60062],[0.04541,51.60054],[0.04554,51.60043],[0.04563,51.60035],[0.04568,51.60027],[0.04568,51.60017],[0.04566,51.60004],[0.04561,51.59997],[0.04552,51.59992]],"ground"]]}