{"v":2,"features":[[25609520,"unclassified","Sparks Road",[[115.77693,-32.15913],[115.77694,-32.15907],[115.77704,-32.15868],[115.77708,-32.15842],[115.77709,-32.15831],[115.7771,-32.15821],[115.7771,-32.15812],[115.7771,-32.15804],[115.77709,-32.1578],[115.77704,-32.15755],[115.77698,-32.15726],[115.77686,-32.15693],[115.77673,-32.15665],[115.77666,-32.15653],[115.7766,-32.15642],[115.77645,-32.15621],[115.77616,-32.15584],[115.77592,-32.15558],[115.77562,-32.15525],[115.77557,-32.15518],[115.77553,-32.15514],[115.77546,-32.15502],[115.77535,-32.15481],[115.77528,-32.15461],[115.77526,-32.15448],[115.77525,-32.15421],[115.77523,-32.15374],[115.77522,-32.15323],[115.77523,-32.15296],[115.77524,-32.15281],[115.77526,-32.15267],[115.77528,-32.15252],[115.77533,-32.15237],[115.7754,-32.15213],[115.77547,-32.15198],[115.77558,-32.15173],[115.77586,-32.1513],[115.77619,-32.15086],[115.77644,-32.15061],[115.77675,-32.15028],[115.7769,-32.15009],[115.77706,-32.14967],[115.77715,-32.14934],[115.77719,-32.14906],[115.7772,-32.14882],[115.77717,-32.1487],[115.77689,-32.14753],[115.77667,-32.1466],[115.77664,-32.14652],[115.77661,-32.14646],[115.77655,-32.14636]],"asphalt"],[191871504,"service","",[[115.77868,-32.14914],[115.77876,-32.14924],[115.77878,-32.14933],[115.77879,-32.15114],[115.77876,-32.1512],[115.77865,-32.15126]],"asphalt"],[457366386,"trunk","Rockingham Road",[[115.79099,-32.1567],[115.7909,-32.15595],[115.79066,-32.15488],[115.79019,-32.15362],[115.78954,-32.15125],[115.78952,-32.14872]],"asphalt"],[663131229,"unclassified","Quill Way",[[115.77001,-32.1493],[115.76996,-32.14952],[115.76994,-32.14974],[115.76993,-32.14998],[115.76993,-32.15026],[115.76998,-32.15051],[115.77006,-32.15094],[115.77024,-32.1518],[115.77026,-32.15199],[115.77043,-32.153],[115.77046,-32.15326]],"asphalt"],[666615299,"secondary","Cockburn Road",[[115.77874,-32.15788],[115.7786,-32.15674],[115.77857,-32.15611],[115.7785,-32.15544],[115.77853,-32.15403],[115.77856,-32.15366],[115.77863,-32.15228],[115.77865,-32.15126],[115.77865,-32.14964],[115.77868,-32.14914]],"asphalt"],[1419750386,"trunk","Rockingham Road",[[115.78989,-32.14732],[115.78989,-32.14868],[115.78989,-32.14944],[115.78989,-32.15006],[115.7899,-32.1504],[115.7899,-32.15057],[115.78992,-32.15074],[115.78995,-32.15095],[115.79,-32.15126],[115.79008,-32.15153],[115.79016,-32.15177],[115.79026,-32.15204],[115.79043,-32.15237],[115.79059,-32.15268],[115.79206,-32.1556]],"asphalt"]],"nodeAttrs":{"-32.152280,115.779290":{"crossingUnmarked":true}}}