{"v":2,"features":[[25590349,"residential","Holmes Road",[[115.80046,-32.15299],[115.80341,-32.15154],[115.80762,-32.15137],[115.81,-32.15123],[115.81128,-32.15098],[115.81268,-32.15069],[115.81667,-32.14982]]],[25590357,"secondary","Henderson Road",[[115.81129,-32.15763],[115.81131,-32.15751],[115.81132,-32.15715],[115.81134,-32.15681],[115.81128,-32.15098],[115.81128,-32.14057],[115.81129,-32.13885],[115.81129,-32.13882]],"asphalt"],[25590392,"residential","Lorimer Road",[[115.81677,-32.15892],[115.81674,-32.15546],[115.81676,-32.15321],[115.81677,-32.15254],[115.81667,-32.14982],[115.81665,-32.14655]]],[28033118,"residential","Willerin Loop",[[115.84292,-32.15214],[115.84294,-32.15091],[115.84297,-32.15084],[115.84303,-32.15079],[115.84297,-32.15071],[115.84294,-32.15063],[115.84295,-32.14981],[115.84295,-32.14967],[115.84293,-32.14859],[115.84293,-32.14832],[115.84293,-32.14826]]],[28033300,"residential","Jacksonia Promenade",[[115.84293,-32.14832],[115.84221,-32.14831],[115.84209,-32.14841],[115.8421,-32.14955],[115.84214,-32.14962],[115.84221,-32.14967],[115.84219,-32.14972],[115.84213,-32.14986],[115.84212,-32.15018],[115.84212,-32.15205],[115.84215,-32.15209],[115.84218,-32.15211],[115.84224,-32.15214],[115.84292,-32.15214],[115.84312,-32.15214],[115.84333,-32.15214],[115.84411,-32.15214],[115.84422,-32.15214],[115.84442,-32.15214],[115.84449,-32.15214]]],[28036295,"residential","Bremer Way",[[115.84542,-32.14963],[115.84543,-32.14968],[115.84543,-32.15004],[115.84545,-32.15042],[115.84544,-32.15213]]],[175868469,"secondary","Hammond Road",[[115.84655,-32.14863],[115.84653,-32.14964],[115.84655,-32.1523],[115.84655,-32.1528],[115.8465,-32.15329],[115.84647,-32.15342],[115.84648,-32.15356]],"asphalt"],[177403231,"residential","Suttor Drive",[[115.84459,-32.15205],[115.84459,-32.15077],[115.84459,-32.15004],[115.84455,-32.14973]],"asphalt"],[423405437,"footway","",[[115.82227,-32.14381],[115.82176,-32.14407],[115.82155,-32.14421],[115.82085,-32.14481],[115.82073,-32.14496],[115.82065,-32.14507],[115.82059,-32.14518],[115.82055,-32.14529],[115.82042,-32.14582],[115.8203,-32.14617],[115.82018,-32.14656],[115.81974,-32.14849],[115.8196,-32.14969],[115.81962,-32.15006],[115.81958,-32.15025],[115.81945,-32.15088],[115.8195,-32.15134],[115.81959,-32.15184],[115.81967,-32.15254],[115.81973,-32.15297],[115.81977,-32.15321],[115.8199,-32.15359],[115.82,-32.15403],[115.82006,-32.15424],[115.82067,-32.15509],[115.82069,-32.15511],[115.8207,-32.15544]],"sand"],[423405447,"footway","",[[115.82957,-32.14177],[115.82986,-32.14193],[115.83012,-32.14207],[115.83056,-32.14215],[115.83101,-32.14214],[115.83157,-32.14221],[115.83184,-32.14234],[115.83258,-32.14273],[115.83292,-32.14279],[115.83309,-32.1429],[115.83339,-32.14316],[115.83413,-32.14352],[115.83459,-32.14391],[115.83491,-32.14426],[115.83531,-32.14467],[115.83567,-32.14515],[115.83615,-32.14559],[115.83644,-32.14599],[115.83675,-32.14639],[115.83718,-32.14714],[115.83731,-32.1475],[115.83746,-32.14818],[115.8375,-32.14848],[115.83746,-32.14878],[115.83753,-32.14918],[115.83755,-32.14954],[115.83771,-32.15028],[115.83766,-32.15102],[115.83755,-32.15158],[115.83727,-32.15245],[115.83709,-32.15322],[115.83705,-32.15359],[115.83704,-32.1538],[115.83696,-32.15402],[115.83688,-32.15418],[115.8365,-32.15468],[115.83642,-32.15482],[115.83621,-32.1551],[115.83483,-32.15628],[115.83456,-32.15644],[115.83416,-32.15661],[115.83401,-32.15665],[115.83375,-32.15672],[115.83341,-32.15686],[115.83276,-32.15697],[115.83241,-32.15704],[115.832,-32.15719],[115.83085,-32.15749],[115.83026,-32.15759],[115.83012,-32.15762],[115.82967,-32.15765],[115.82932,-32.15767],[115.8289,-32.15772],[115.8286,-32.15775],[115.8284,-32.15782],[115.82828,-32.15781],[115.82815,-32.15783],[115.82785,-32.15792],[115.82768,-32.15797],[115.82751,-32.15799],[115.82724,-32.15802],[115.82694,-32.1581],[115.82653,-32.15813],[115.82578,-32.15815],[115.82547,-32.15805],[115.82523,-32.15797],[115.82509,-32.15802],[115.825,-32.15807],[115.82487,-32.15813],[115.82475,-32.15813],[115.82463,-32.1581],[115.82332,-32.15764],[115.82157,-32.15649],[115.82123,-32.15612],[115.8208,-32.15527],[115.82069,-32.15511]]],[1207060899,"footway","",[[115.84664,-32.15375],[115.84665,-32.15368],[115.84665,-32.15362],[115.84665,-32.1536],[115.8466,-32.1535],[115.84664,-32.15333],[115.84663,-32.15324],[115.84658,-32.15318],[115.84661,-32.15302],[115.84663,-32.15268],[115.84664,-32.15231],[115.84664,-32.15222],[115.84663,-32.15177],[115.84663,-32.15175],[115.84662,-32.14961],[115.84661,-32.14923],[115.84664,-32.14904]]],[1319992087,"footway","",[[115.8422,-32.15422],[115.84214,-32.15419],[115.84208,-32.15409],[115.84207,-32.15402],[115.84206,-32.15327],[115.84206,-32.15274],[115.84206,-32.15251],[115.84206,-32.15213],[115.84206,-32.15195],[115.84206,-32.15138],[115.84206,-32.15096],[115.84206,-32.15053],[115.84205,-32.14971],[115.84204,-32.14888],[115.84204,-32.14827]]]],"nodeAttrs":{"-32.153680,115.846650":{"crossingUnmarked":true},"-32.153620,115.846650":{"crossingUnmarked":true},"-32.152300,115.846410":{"crossingUnmarked":true},"-32.152300,115.846550":{"crossingUnmarked":true},"-32.152140,115.844420":{"crossingUnmarked":true},"-32.152140,115.843120":{"crossingUnmarked":true}}}