{"v":2,"features":[[23078034,"residential","Cohuna Drive",[[115.99956,-32.14928],[115.99965,-32.14934],[116.00025,-32.14986],[116.00081,-32.15032],[116.00085,-32.15035],[116.0009,-32.15037],[116.001,-32.1504],[116.00105,-32.15042],[116.00111,-32.15042],[116.00118,-32.15043],[116.00154,-32.15043],[116.00186,-32.15042],[116.00207,-32.15041],[116.00215,-32.1504],[116.00221,-32.15039],[116.00226,-32.15037],[116.00231,-32.15035],[116.00236,-32.15032],[116.0024,-32.1503],[116.00247,-32.15024],[116.00324,-32.14959],[116.00339,-32.14946]],"asphalt"],[23078046,"residential","Sexty Street",[[116.00209,-32.14828],[116.00219,-32.14835],[116.00221,-32.14837],[116.00229,-32.14843],[116.00235,-32.1485],[116.00251,-32.1487],[116.00271,-32.14888],[116.00318,-32.14929],[116.00339,-32.14946],[116.00423,-32.15018],[116.00463,-32.15052],[116.00503,-32.15087],[116.00541,-32.15118],[116.00569,-32.15143],[116.00593,-32.15164],[116.00604,-32.15174],[116.00629,-32.15194],[116.0066,-32.1522],[116.00667,-32.15226],[116.00673,-32.15233]]],[23078168,"residential","Locksley Avenue",[[116.00672,-32.15088],[116.00677,-32.15084],[116.00743,-32.15028],[116.00748,-32.15025],[116.00752,-32.15022],[116.00758,-32.15019],[116.00765,-32.15017],[116.00774,-32.15014],[116.00793,-32.1501],[116.00947,-32.14978]]],[23078221,"residential","Aragon Court",[[116.01326,-32.15121],[116.01327,-32.1511],[116.01338,-32.15056],[116.01341,-32.15045],[116.01343,-32.15038],[116.01361,-32.14952],[116.01373,-32.14897],[116.0138,-32.1486],[116.01381,-32.14853]]],[172814738,"trunk","Albany Highway",[[116.02761,-32.15128],[116.02743,-32.15095],[116.02731,-32.15079],[116.02721,-32.15067],[116.02705,-32.1505],[116.02686,-32.15034],[116.02658,-32.15015],[116.02635,-32.15003],[116.02617,-32.14995],[116.02602,-32.14989],[116.02589,-32.14985]],"asphalt"],[375748697,"tertiary","Carradine Road",[[116.03522,-32.14498],[116.03565,-32.14521],[116.03671,-32.14546],[116.03769,-32.14565],[116.03877,-32.14593],[116.03938,-32.14603],[116.04018,-32.14609],[116.04075,-32.14618],[116.04111,-32.14627],[116.04135,-32.14638],[116.04165,-32.14659],[116.04182,-32.14672],[116.04197,-32.14686],[116.0421,-32.14701],[116.04228,-32.14725],[116.04244,-32.14748],[116.04259,-32.14773],[116.0428,-32.14815],[116.04314,-32.14892],[116.04331,-32.14932],[116.04334,-32.14956],[116.04333,-32.14981],[116.04324,-32.15012],[116.04321,-32.15032],[116.04321,-32.15061],[116.04327,-32.15093],[116.04337,-32.15117],[116.04363,-32.15155],[116.04372,-32.15171],[116.04386,-32.15194],[116.04407,-32.15271],[116.04411,-32.15283],[116.04424,-32.15332],[116.0446,-32.15492],[116.04469,-32.1552],[116.04484,-32.15552],[116.04495,-32.15577],[116.04501,-32.15597],[116.04504,-32.15618],[116.04508,-32.1566],[116.04503,-32.15681],[116.0449,-32.1571],[116.04485,-32.15724],[116.04481,-32.15738],[116.0448,-32.1575],[116.04481,-32.15758],[116.04483,-32.15765],[116.04485,-32.15777],[116.04489,-32.15796],[116.04494,-32.15819],[116.04496,-32.15831],[116.04498,-32.15842],[116.045,-32.15849],[116.04503,-32.15856],[116.04507,-32.15866],[116.04512,-32.15875],[116.04519,-32.15886],[116.04525,-32.15894],[116.04533,-32.15903],[116.04542,-32.15912],[116.04553,-32.1592],[116.04564,-32.15928],[116.04588,-32.15941],[116.04614,-32.15952],[116.04679,-32.15978],[116.04716,-32.15992],[116.04728,-32.15998],[116.04739,-32.16003],[116.0475,-32.16008],[116.0476,-32.16013],[116.0478,-32.16026],[116.04813,-32.16052],[116.04849,-32.16082],[116.04882,-32.16111],[116.04893,-32.16117],[116.049,-32.16121],[116.04911,-32.16126],[116.04921,-32.16129],[116.0493,-32.16132],[116.04959,-32.16139],[116.0501,-32.1615],[116.05083,-32.16166],[116.05122,-32.16175],[116.05128,-32.16177],[116.05134,-32.16179],[116.05141,-32.16181],[116.05147,-32.16184],[116.05152,-32.16187],[116.05164,-32.16194],[116.05178,-32.16203]],"asphalt"],[662347972,"tertiary","Fifth Road",[[116.00314,-32.14783],[116.00591,-32.15018],[116.00597,-32.15024],[116.00672,-32.15088],[116.00696,-32.15109]]],[788382233,"trunk","South Western Highway",[[116.02137,-32.14998],[116.02137,-32.15002],[116.02135,-32.15012]],"asphalt"],[1085939396,"footway","",[[116.01797,-32.15035],[116.01795,-32.1502],[116.01793,-32.1501],[116.01792,-32.15004],[116.01792,-32.14997],[116.01792,-32.14986]]],[1182825820,"service","",[[116.02177,-32.15009],[116.02181,-32.15009],[116.02187,-32.15011],[116.02188,-32.15011],[116.02196,-32.15015],[116.022,-32.15018],[116.02208,-32.15028],[116.02212,-32.15033],[116.02216,-32.15035],[116.02221,-32.15036],[116.02231,-32.15036],[116.02238,-32.15035],[116.02242,-32.15034],[116.02245,-32.15032],[116.02247,-32.1503],[116.02248,-32.15028],[116.02248,-32.1501],[116.02247,-32.14997],[116.02247,-32.1499]],"asphalt"],[1386583059,"footway","",[[115.99913,-32.14971],[115.99907,-32.14976],[115.99905,-32.1498],[115.99904,-32.14982],[115.99903,-32.14986],[115.99904,-32.14989],[115.99907,-32.14994],[115.99928,-32.15012],[116.0001,-32.15082],[116.0005,-32.15117],[116.0005,-32.15117],[116.00058,-32.15123],[116.00107,-32.15165],[116.00127,-32.15181],[116.00159,-32.1521],[116.00178,-32.15226],[116.00209,-32.15252],[116.00221,-32.15263],[116.00225,-32.15266],[116.00267,-32.15301],[116.00275,-32.15308],[116.00279,-32.15311],[116.00282,-32.15314],[116.00286,-32.15315],[116.0029,-32.15314],[116.00294,-32.15312],[116.00312,-32.15297],[116.00333,-32.15279],[116.00342,-32.15272],[116.00357,-32.15261],[116.00398,-32.15236],[116.00434,-32.15214],[116.00451,-32.15205],[116.00459,-32.15201],[116.0047,-32.15197],[116.0048,-32.15194],[116.00565,-32.15177],[116.00579,-32.15175],[116.00584,-32.15173],[116.00586,-32.1517],[116.00587,-32.15167]]],[1391594671,"footway","",[[116.01185,-32.14984],[116.01201,-32.15038],[116.01201,-32.1504],[116.01199,-32.15042],[116.01194,-32.15043]]],[1409247718,"footway","",[[116.00489,-32.15085],[116.00489,-32.15083],[116.00489,-32.15081],[116.00488,-32.15079],[116.00486,-32.15078],[116.00482,-32.15074],[116.00471,-32.15064],[116.00457,-32.15052],[116.00445,-32.15043],[116.00429,-32.15028],[116.00429,-32.15028],[116.00407,-32.1501],[116.00388,-32.14994],[116.00368,-32.14977],[116.00346,-32.14958],[116.00344,-32.14957],[116.00341,-32.14956],[116.00338,-32.14956],[116.00335,-32.14957],[116.00331,-32.14958],[116.00329,-32.1496],[116.00327,-32.14962],[116.00327,-32.14962]]],[1412732238,"footway","",[[116.021,-32.14996],[116.02105,-32.15003],[116.02107,-32.1501],[116.02107,-32.15015],[116.02106,-32.15023],[116.02105,-32.15028],[116.02104,-32.15032],[116.02102,-32.15037],[116.021,-32.15042],[116.02094,-32.15051],[116.02088,-32.1506],[116.02083,-32.15067],[116.02078,-32.15074],[116.02068,-32.15084],[116.02051,-32.15099],[116.01987,-32.1515],[116.01961,-32.15175],[116.01927,-32.15209],[116.01901,-32.15237],[116.01888,-32.15253],[116.01879,-32.15265],[116.01868,-32.15283],[116.0186,-32.15297],[116.01849,-32.15326],[116.01841,-32.15355],[116.01832,-32.15403],[116.01819,-32.15478],[116.01818,-32.15481],[116.01815,-32.15483],[116.01813,-32.15483],[116.01811,-32.15482],[116.01714,-32.15401],[116.01712,-32.15398],[116.01713,-32.15393]]],[1417660052,"service","",[[116.00475,-32.15043],[116.00487,-32.15053],[116.00529,-32.15016],[116.00549,-32.14998]]],[1417660078,"footway","",[[116.00942,-32.14934],[116.0094,-32.14938],[116.0094,-32.1494],[116.00944,-32.14954],[116.00949,-32.14971],[116.00954,-32.14988],[116.00959,-32.15004],[116.00962,-32.15015],[116.00963,-32.15018],[116.00964,-32.15022],[116.00974,-32.15058],[116.0098,-32.15077],[116.00981,-32.15079],[116.00982,-32.15082],[116.00983,-32.15083],[116.00984,-32.15084],[116.00986,-32.15085],[116.00987,-32.15086],[116.00989,-32.15086],[116.0099,-32.15086]],