{"v":2,"features":[[4892996,"tertiary","Penshurst Street",[[151.07466,-33.94968],[151.07473,-33.94973],[151.07478,-33.94979],[151.07493,-33.94996],[151.07535,-33.95045],[151.07549,-33.95061],[151.07599,-33.95121],[151.07643,-33.95171]],"paved"],[22340705,"residential","Glenwall Street",[[151.09132,-33.95024],[151.09137,-33.95018],[151.09142,-33.95009],[151.09162,-33.94978],[151.09199,-33.94921]],"paved"],[22529320,"residential","Cahill Street",[[151.08594,-33.9521],[151.08592,-33.95203],[151.08588,-33.95182],[151.08558,-33.9502],[151.08523,-33.94828],[151.0852,-33.94815],[151.0852,-33.94813]],"asphalt"],[23266869,"residential","Chamberlain Street",[[151.07147,-33.95164],[151.07142,-33.95158],[151.0706,-33.95063],[151.07019,-33.95016],[151.06945,-33.94929],[151.06927,-33.94908]],"paved"],[23266873,"residential","Baumans Road",[[151.06197,-33.94982],[151.06206,-33.94992],[151.06308,-33.95109],[151.06338,-33.95142],[151.06373,-33.95181],[151.06406,-33.95218]],"paved"],[23266944,"residential","Wilson Street",[[151.06329,-33.94961],[151.06331,-33.94969],[151.06342,-33.95015],[151.06346,-33.95024],[151.0641,-33.95098],[151.06414,-33.95103]],"paved"],[23279374,"residential","Bernadotte Street",[[151.06156,-33.9513],[151.06115,-33.95002],[151.06113,-33.94995]],"paved"],[23296793,"secondary","Belmore Road",[[151.05257,-33.95119],[151.05255,-33.95114],[151.05252,-33.95109],[151.05248,-33.951],[151.05245,-33.95093],[151.0524,-33.95084],[151.05238,-33.95079],[151.05237,-33.95073],[151.05236,-33.95068],[151.05235,-33.95062],[151.05235,-33.95055],[151.05235,-33.95046],[151.05236,-33.95038],[151.05248,-33.94986]],"asphalt"],[23296902,"service","Price Lane",[[151.05162,-33.95136],[151.05163,-33.95127],[151.05171,-33.95088],[151.05172,-33.95084],[151.05173,-33.95081],[151.05175,-33.95072],[151.05193,-33.94985],[151.05193,-33.94983],[151.05195,-33.94978]]],[23309622,"service","Belmore Lane",[[151.05284,-33.951],[151.05286,-33.9509],[151.05305,-33.95002],[151.05307,-33.94994]]],[93175111,"residential","Gloucester Road",[[151.08737,-33.95174],[151.08735,-33.95169],[151.08695,-33.95002],[151.08642,-33.94772],[151.0864,-33.94765]],"asphalt"],[153920408,"trunk","King Georges Road",[[151.08124,-33.94976],[151.08141,-33.94999],[151.08157,-33.95019],[151.08177,-33.95043],[151.08181,-33.95048],[151.08188,-33.95057],[151.08194,-33.95064],[151.08223,-33.95098]],"asphalt"],[153920410,"trunk","King Georges Road",[[151.08224,-33.9512],[151.08188,-33.95078],[151.08182,-33.95071],[151.08153,-33.95038],[151.08141,-33.95024],[151.08121,-33.95],[151.0811,-33.94988]],"asphalt"],[172877642,"residential","Westbrook Street",[[151.09059,-33.94958],[151.09108,-33.95019]],"paved"],[173994502,"track","",[[151.0782,-33.95011],[151.07829,-33.95012],[151.07834,-33.95012],[151.0784,-33.9501],[151.07864,-33.94996],[151.07951,-33.94977],[151.07957,-33.94978]],"unpaved"],[380918647,"residential","Flora Street",[[151.06563,-33.95113],[151.06529,-33.95076],[151.06522,-33.95068],[151.06512,-33.95056],[151.0651,-33.95054],[151.06506,-33.9505],[151.06473,-33.95013],[151.06421,-33.94955],[151.06415,-33.94948]],"asphalt"],[395696742,"footway","Norfolk Ave Path",[[151.08806,-33.94986],[151.08792,-33.94986],[151.0871,-33.94998],[151.08702,-33.95001],[151.08695,-33.95002],[151.08683,-33.95002],[151.08639,-33.95009],[151.0863,-33.95015]],"concrete"],[435256660,"residential","Mercury Street",[[151.07471,-33.95353],[151.07378,-33.95243],[151.07341,-33.952],[151.07316,-33.95172],[151.07304,-33.95157],[151.07255,-33.95102],[151.0714,-33.94965],[151.07136,-33.9496],[151.0712,-33.9494],[151.07076,-33.94889]],"paved"],[532706281,"service","",[[151.08145,-33.94923],[151.08148,-33.9493],[151.08183,-33.95005],[151.08185,-33.9501]],"asphalt"],[573320545,"primary","Stoney Creek Road",[[151.1004,-33.94992],[151.10025,-33.94994],[151.09919,-33.9501],[151.0986,-33.95019]],"asphalt"],[590902385,"footway","",[[151.0484,-33.94931],[151.04902,-33.94941],[151.04974,-33.94952],[151.05054,-33.94964],[151.05142,-33.94977],[151.05193,-33.94985],[151.05235,-33.94992],[151.05237,-33.94992],[151.05226,-33.95042],[151.05228,-33.95068],[151.05229,-33.95074],[151.05229,-33.95078],[151.05227,-33.95079],[151.05222,-33.95081],[151.05214,-33.95079],[151.05177,-33.95073],[151.05175,-33.95072],[151.05172,-33.95071]],"paved"],[732568270,"footway","",[[151.05401,-33.94999],[151.05409,-33.95002],[151.05415,-33.95003],[151.05417,-33.95002],[151.05417,-33.94997],[151.05436,-33.94906]],"paved"],[732904995,"footway","",[[151.05892,-33.94926],[151.05894,-33.94932],[151.05896,-33.94936],[151.05898,-33.94942],[151.05903,-33.94945],[151.05912,-33.94973],[151.05905,-33.9501],[151.05904,-33.95014],[151.05897,-33.95019],[151.05668,-33.95047],[151.05663,-33.9505],[151.05657,-33.95055],[151.05654,-33.95063],[151.05655,-33.9507],[151.05714,-33.95142],[151.0572,-33.95151],[151.05709,-33.9515],[151.0548,-33.95118],[151.05445,-33.95113],[151.05433,-33.95112],[151.0542,-33.95114],[151.05405,-33.95118],[151.05404,-33.95116],[151.05403,-33.95114],[151.05319,-33.95138],[151.05289,-33.95147],[151.05284,-33.95151],[151.05281,-33.95152]],"paved"],[798167194,"footway","",[[151.07264,-33.95479],[151.07263,-33.95477],[151.07044,-33.95224],[151.0704,-33.95219],[151.07133,-33.95164],[151.07142,-33.95158],[151.07149,-33.95154],[151.06935,-33.94904],[151.06912,-33.94877]]],[895436721,"footway","",[[151.06304,-33.95117],[151.06298,-33.9511],[151.06196,-33.94994]]],[895436731,"footway","",[[151.06908,-33.95065],[151.0691,-33.95065],[151.06912,-33.95065],[151.06955,-33.9504],[151.06956,-33.95038],[151.06957,-33.95036],[151.06957,-33.95034],[151.06956,-33.95032],[151.06901,-33.94968],[151.06899,-33.94967],[151.06896,-33.94966],[151.06894,-33.94966],[151.06892,-33.94967],[151.0685,-33.94992],[151.06849,-33.94993]]],[940700299,"service","",[[151.05483,-33.9502],[151.05485,-33.95011],[151.05488,-33.94996]]],[1075791144,"residential","Edgbaston Road",[[151.08094,-33.94998],[151.08064,-33.95016],[151.0806,-33.95018],[151.08008,-33.95049],[151.07956,-33.95079],[151.07911,-33.95106]],"asphalt"],[1212711871,"footway","",[[151.08315,-33.9525],[151.08317,-33.95243],[151.08314,-33.95236],[151.08305,-33.95224],[151.08272,-33.95186],[151.08231,-33.95139],[151.08218,-33.95123],[151.08175,-33.95075],[151.08164,-33.95061],[151.08149,-33.95044],[151.08109,-33.94998]],"asphalt"],[1306460040,"footway","",[[151.08403,-33.94915],[151.08424,-33.95025],[151.08302,-33.95064],[151.08225,-33.95089]],"concrete"],[1312577208,"footway","",[[151.09162,-33.94995],[151.09145,-33.95021],[151.09145,-33.95025],[151.09146,-33.95026],[151.09148,-33.95027],[151.09182,-33.95021]]],[1347033385,"footway","",[[151.07486,-33.94973],[151.07553,-33.95051]]]],"nodeAttrs":{"-33.950960,151.052560":{"crossingUnmarked":true},"-33.951270,151.051630":{"crossingUnmarked":true},"-33.950900,151.052860":{"crossingUnmarked":true},"-33.950880,151.051710":{"crossingUnmarked":true},"-33.950020,151.053050":{"crossingUnmarked":true},"-33.950720,151.051750":{"crossingUnmarked":true},"-33.950130,151.059140":{"crossingUnmarked":true},"-33.950020,151.054090":{"crossingUnmarked":true},"-33.950180,151.059590":{"crossingUnmarked":true},"-33.951100,151.062980":{"crossingUnmarked":true},"-33.952240,151.070440":{"crossingUnmarked":true},"-33.951580,151.071420":{"crossingUnmarked":true},"-33.950020,151.061150":{"crossingUnmarked":true},"-33.950700,151.069120":{"crossingUnmarked":true},"-33.952210,151.084770":{"crossingUnmarked":true},"-33.952030,151.085920":{"crossingUnmarked":true},"-33.950120,151.078340":{"barrier":true},"-33.950710,151.081820":{"crossingMarked":true},"-33.950640,151.081940":{"crossingMarked":true},"-33.950570,151.081880":{"trafficSignal":true},"-33.950780,151.081880":{"trafficSignal":true},"-33.950160,151.081660":{"crossingUnmarked":true},"-33.950000,151.081210":{"trafficSignal":true},"-33.950050,151.081830":{"crossingUnmarked":true},"-33.951640,151.088480":{"crossingUnmarked":true},"-33.950020,151.086950":{"crossingUnmarked":true},