{"v":2,"features":[[4869670,"residential","York Street",[[151.14065,-33.94851],[151.14064,-33.94858],[151.14054,-33.94901],[151.14023,-33.94989],[151.14012,-33.95018],[151.14008,-33.95029],[151.14,-33.9505],[151.13992,-33.95077],[151.13989,-33.95083]],"asphalt"],[17590523,"residential","St Georges Road",[[151.11088,-33.94921],[151.11235,-33.9509]],"asphalt"],[24440538,"residential","Irene Crescent",[[151.10034,-33.95032],[151.10034,-33.95041],[151.10036,-33.95049],[151.10037,-33.95056],[151.10039,-33.95063],[151.10041,-33.95069],[151.10045,-33.95074],[151.1005,-33.95079],[151.10052,-33.95081],[151.10055,-33.95082],[151.10059,-33.95082],[151.10062,-33.95081],[151.10065,-33.95079],[151.10083,-33.9507],[151.10085,-33.95068],[151.10087,-33.95066],[151.10089,-33.95063],[151.10089,-33.9506],[151.10089,-33.95058],[151.10087,-33.95055],[151.10084,-33.95054],[151.10045,-33.95038],[151.10038,-33.95035],[151.10034,-33.95032],[151.1003,-33.95019],[151.10026,-33.95001],[151.10025,-33.94994]],"asphalt"],[173548691,"residential","Kent Street",[[151.14239,-33.94941],[151.14231,-33.9499],[151.14234,-33.95004],[151.14224,-33.95055],[151.14221,-33.95076],[151.14219,-33.95081],[151.14215,-33.95084],[151.1421,-33.95111],[151.14208,-33.95119]],"paved"],[173548692,"residential","Gibbes Street",[[151.14418,-33.95148],[151.14419,-33.95143],[151.1442,-33.9514],[151.14464,-33.94911],[151.14465,-33.94905]],"asphalt"],[173548696,"residential","Cameron Street",[[151.1429,-33.95232],[151.14309,-33.9514],[151.14311,-33.95133],[151.14312,-33.95125],[151.14352,-33.94928]],"asphalt"],[173548702,"residential","George Street",[[151.14106,-33.95105],[151.14108,-33.95097],[151.14113,-33.95066],[151.14152,-33.9487],[151.14153,-33.94863]],"paved"],[173548706,"residential","Richmond Street",[[151.1478,-33.94959],[151.14779,-33.94966],[151.14757,-33.95073],[151.14722,-33.95182],[151.14719,-33.95189]],"asphalt"],[174003582,"residential","Linwood Avenue",[[151.13125,-33.94936],[151.13118,-33.9494],[151.12974,-33.95023],[151.12966,-33.95028]],"paved"],[174003590,"service","Hesten Lane",[[151.1368,-33.9499],[151.13677,-33.94995],[151.13676,-33.94998],[151.13656,-33.95036],[151.13641,-33.95064],[151.13637,-33.95072]]],[174003602,"residential","Ferrier Street",[[151.13358,-33.94897],[151.13439,-33.94991],[151.13472,-33.95029],[151.13515,-33.9508],[151.13517,-33.95082],[151.13517,-33.95084],[151.13517,-33.95086]],"paved"],[174003604,"residential","Henderson Road",[[151.11626,-33.94936],[151.11631,-33.94944],[151.11635,-33.94951],[151.11703,-33.9503],[151.11705,-33.95033],[151.11738,-33.95072],[151.11794,-33.9514],[151.11814,-33.95165]],"paved"],[174003608,"residential","Salisbury Avenue",[[151.12235,-33.94976],[151.12236,-33.94985],[151.12247,-33.95068],[151.12263,-33.95181],[151.12267,-33.95191],[151.12272,-33.952],[151.12294,-33.95226],[151.123,-33.95232]],"paved"],[174006070,"residential","William Street",[[151.15,-33.94989],[151.14998,-33.94996],[151.14959,-33.95135],[151.14933,-33.95216]],"paved"],[174006111,"residential","Kinsel Grove",[[151.12506,-33.94995],[151.12505,-33.95001],[151.12504,-33.95003],[151.12502,-33.95007],[151.12497,-33.95013],[151.12474,-33.95026],[151.12429,-33.95053],[151.12396,-33.95079],[151.12374,-33.95098],[151.12365,-33.95117],[151.12368,-33.9515],[151.12373,-33.95176],[151.12376,-33.9518],[151.1238,-33.95188]],"paved"],[187641573,"primary","Harrow Road",[[151.12863,-33.94908],[151.1287,-33.94916],[151.12871,-33.94916],[151.12873,-33.94919],[151.12958,-33.9502],[151.12966,-33.95028],[151.13004,-33.95072],[151.13044,-33.95118],[151.13046,-33.95121],[151.13049,-33.95124],[151.13095,-33.95177],[151.13114,-33.952],[151.13133,-33.95223]],"asphalt"],[219846729,"service","Kent Street",[[151.14231,-33.9499],[151.14226,-33.94996],[151.14215,-33.95054],[151.14211,-33.95075],[151.14205,-33.95079]]],[237666160,"service","Geeves Lane",[[151.13758,-33.9514],[151.13758,-33.95134],[151.13758,-33.9513],[151.13759,-33.95126],[151.13775,-33.95087],[151.13791,-33.95053],[151.13806,-33.95022],[151.1382,-33.94996],[151.13836,-33.95002],[151.13817,-33.9504],[151.13821,-33.95048]],"asphalt"],[514930224,"tertiary","Railway Street",[[151.13697,-33.95077],[151.13732,-33.95009],[151.13738,-33.94998]],"asphalt"],[567197364,"service","",[[151.14057,-33.95058],[151.14059,-33.95052],[151.14064,-33.95035],[151.14068,-33.9502],[151.14077,-33.94984]],"asphalt"],[575381178,"trunk","Princes Highway",[[151.13978,-33.9488],[151.13952,-33.94927],[151.13948,-33.94936],[151.13942,-33.94947],[151.13929,-33.94972],[151.1391,-33.95006],[151.13895,-33.95034],[151.13881,-33.95061],[151.1388,-33.95063],[151.13875,-33.95073]],"concrete"],[973399230,"service","",[[151.11058,-33.94999],[151.11058,-33.95007],[151.11058,-33.95011],[151.11056,-33.95016],[151.11055,-33.95021],[151.11055,-33.95023],[151.1106,-33.95025],[151.11065,-33.95027],[151.11077,-33.95031],[151.11083,-33.95032],[151.11092,-33.95035]]],[973399231,"service","",[[151.10979,-33.94983],[151.10991,-33.94989],[151.11003,-33.94997],[151.11013,-33.95004],[151.11022,-33.95012],[151.11029,-33.95019],[151.11034,-33.95022],[151.1104,-33.95021],[151.11048,-33.95021],[151.11052,-33.95022],[151.11055,-33.95023]]],[1038943166,"residential","Farr Street",[[151.14576,-33.94926],[151.14571,-33.94934],[151.14529,-33.95151],[151.14528,-33.95156]],"asphalt"],[1148510157,"footway","",[[151.13522,-33.95098],[151.13573,-33.95071],[151.13633,-33.95079],[151.13675,-33.95085],[151.13679,-33.95091],[151.13631,-33.9518],[151.13624,-33.95178],[151.13501,-33.95132],[151.13491,-33.95128],[151.13488,-33.95126],[151.13486,-33.95124],[151.13485,-33.95121],[151.13485,-33.95119],[151.13486,-33.95118],[151.13522,-33.95098],[151.13524,-33.95094],[151.13526,-33.95089],[151.13526,-33.95082],[151.13525,-33.95077],[151.13373,-33.94899],[151.13408,-33.94879],[151.13446,-33.94893],[151.13453,-33.94895],[151.1346,-33.94896],[151.13726,-33.9493],[151.13779,-33.94936],[151.13775,-33.94943],[151.13734,-33.94989],[151.13681,-33.94982],[151.13531,-33.94962]]],[1216370969,"footway","",[[151.12628,-33.94996],[151.12624,-33.95003],[151.12619,-33.9501]]],[1216370971,"footway","",[[151.12632,-33.94993],[151.12645,-33.95],[151.12652,-33.95004]]],[1216372170,"footway","",[[151.12606,-33.95072],[151.12608,-33.95071],[151.12633,-33.95057],[151.12808,-33.9496],[151.12867,-33.94928]]],[1217936834,"footway","",[[151.1458,-33.94939],[151.14573,-33.94975],[151.14538,-33.95148],[151.14538,-33.95152]],"concrete"],[1217936836,"footway","",[[151.14812,-33.95194],[151.14854,-33.95061],[151.14877,-33.94979]],"concrete"],[1218240878,"footway","",[[151.11481,-33.94935],[151.11517,-33.94977],[151.11595,-33.95067],[151.1161,-33.95085],[151.1167,-33.95154],[151.1172,-33.95211],[151.11721,-33.95213]]],[1231337659,"footway","",[[151.10195,-33.94977],[151.10217,-33.95005],[151.10264,-33.95059],[151.10266,-33.95061]]],[1241563446,"footway","",[[151.10246,-33.94968],[151.1025,-33.94984],[151.10257,-33.95011],[151.10262,-33.95023],[151.1028,-33.95044],[151.10305,-33.9507],[151.10319,-33.95085],[151.10324,-33.95101],[151.10354,-33.95138],[151.10397,-33.95187],[151.10436,-33.95233],[151.10459,-33.95261],[151.10499,-33.95308],[151.10507,-33.95315],[151.10541,-33.95353]]],[1259320150,"footway","",[[151.11094,-33.94907],[151.11094,-33.94913],[151.11248,-33.95092],[151.11376,-33.9524],[151.11381,-33.95246]],"concrete"],[1267840893,"footway","",[[151.12867,-33.94928],[151.12945,-33.95018]],"concrete"],[1267847457,"footway","",[[151.12882,-33.94917],[151.12921,-33.94963],[151.12961,-33.9501],[151.1297,-33.95019]],"concrete"],[1270580111,"footway","",[[151.14896,-33.94981],[151.14857,-33.95115],[151.14832,-33.95196],[151.14831,-33.95198],[151.14831,-33.952]],