{"v":2,"features":[[172398908,"service","",[[151.19152,-33.94844],[151.19155,-33.94847],[151.19218,-33.94904],[151.19296,-33.94978],[151.19386,-33.95055],[151.19432,-33.951],[151.19434,-33.95102],[151.19481,-33.95144]],"paved"],[172496620,"cycleway","Cook Park Trail",[[151.15637,-33.9487],[151.15626,-33.94888],[151.15598,-33.94912],[151.15586,-33.94915],[151.15577,-33.94917],[151.15552,-33.94935],[151.15549,-33.94946],[151.15536,-33.94958],[151.15515,-33.94972],[151.1551,-33.94976],[151.15498,-33.9499],[151.15468,-33.95015],[151.15427,-33.95047],[151.15415,-33.95055],[151.1539,-33.95052],[151.15386,-33.95051],[151.15383,-33.9505],[151.15377,-33.95047],[151.15373,-33.95045],[151.15367,-33.95045],[151.15364,-33.95047],[151.15359,-33.95048],[151.15347,-33.95046],[151.15344,-33.95046],[151.15338,-33.95045],[151.1533,-33.95046],[151.15328,-33.95046]],"concrete"],[172816294,"residential","Caroma Avenue",[[151.15864,-33.95128],[151.1587,-33.9512],[151.15872,-33.95118],[151.15913,-33.95066],[151.15916,-33.95064],[151.15918,-33.95062],[151.15973,-33.95025],[151.15979,-33.95021],[151.15983,-33.95019],[151.16119,-33.94926],[151.16126,-33.94921]],"paved"],[174117377,"footway","",[[151.15921,-33.94962],[151.15972,-33.95015]]],[186842330,"service","",[[151.17301,-33.94524],[151.17315,-33.94522],[151.1732,-33.94522],[151.17326,-33.94522],[151.1733,-33.94524],[151.17334,-33.94525],[151.17337,-33.94528],[151.17339,-33.94531],[151.17342,-33.94537],[151.17345,-33.94552],[151.1735,-33.94564],[151.17365,-33.94622],[151.17366,-33.94627],[151.17382,-33.94691],[151.17389,-33.94725],[151.17395,-33.94768],[151.17399,-33.94784],[151.17569,-33.95441],[151.17637,-33.95703],[151.17679,-33.95864],[151.17753,-33.96148],[151.17816,-33.96396],[151.17836,-33.96471],[151.17842,-33.96493],[151.1785,-33.96517],[151.17858,-33.96537],[151.17869,-33.96559],[151.17891,-33.96601],[151.17902,-33.9662],[151.17915,-33.96636],[151.17928,-33.9665],[151.17939,-33.96661],[151.17953,-33.96673],[151.17967,-33.96685],[151.17982,-33.96695],[151.17999,-33.96705],[151.18016,-33.96715],[151.18033,-33.96723],[151.18051,-33.96728],[151.18067,-33.9673],[151.18084,-33.96731],[151.18103,-33.9673],[151.1823,-33.96708],[151.18243,-33.96703],[151.18258,-33.96695],[151.18271,-33.96685],[151.18279,-33.96672],[151.18286,-33.96658],[151.18287,-33.96657],[151.1829,-33.96642],[151.18289,-33.9663],[151.18263,-33.9653],[151.1824,-33.96441],[151.18237,-33.96429],[151.1823,-33.96404],[151.1823,-33.96381],[151.18232,-33.96336],[151.18231,-33.9631],[151.18224,-33.96282],[151.18192,-33.96165],[151.18183,-33.96144],[151.18155,-33.96099],[151.18146,-33.96078],[151.18139,-33.96057],[151.18013,-33.95572],[151.17961,-33.95372],[151.17948,-33.95323]]],[222591124,"residential","Folkestone Parade",[[151.1957,-33.95239],[151.19573,-33.95222],[151.19581,-33.95178],[151.19593,-33.95125],[151.19615,-33.95034],[151.19632,-33.94944],[151.19651,-33.94856],[151.19654,-33.94848]],"paved"],[223112778,"cycleway","",[[151.18956,-33.94685],[151.18958,-33.9468],[151.18958,-33.94677],[151.18958,-33.94673],[151.18956,-33.94671],[151.18952,-33.94669],[151.18949,-33.94669],[151.18949,-33.94674],[151.18951,-33.94677],[151.18954,-33.94681],[151.18956,-33.94685],[151.18963,-33.94693],[151.18972,-33.947],[151.18975,-33.94705],[151.18975,-33.94706],[151.18975,-33.94716],[151.18973,-33.94723],[151.18969,-33.94738],[151.1897,-33.94743],[151.18971,-33.94748],[151.18979,-33.94768],[151.18992,-33.9479],[151.19012,-33.9482],[151.19023,-33.94841],[151.19037,-33.94872],[151.19049,-33.94891],[151.1906,-33.9491],[151.1907,-33.94934],[151.19084,-33.94952],[151.19091,-33.94967],[151.191,-33.94981],[151.19111,-33.94994],[151.19125,-33.95006],[151.19131,-33.95012],[151.19137,-33.95019],[151.19141,-33.95026],[151.19145,-33.9504],[151.19155,-33.95052],[151.19171,-33.95062],[151.1918,-33.95071],[151.19188,-33.95085],[151.19192,-33.951],[151.19199,-33.95117],[151.19211,-33.95133],[151.19231,-33.95152],[151.19248,-33.95166],[151.19261,-33.95181],[151.19279,-33.95205],[151.1929,-33.95219],[151.19326,-33.95244],[151.19342,-33.95257],[151.19358,-33.95274],[151.1939,-33.95296],[151.19404,-33.95306],[151.19427,-33.95328],[151.19457,-33.95354],[151.19486,-33.95371],[151.19507,-33.95382],[151.19518,-33.95392],[151.19531,-33.95403],[151.19547,-33.95411],[151.19565,-33.95415],[151.19571,-33.9542],[151.19576,-33.95426],[151.19582,-33.95431],[151.19591,-33.95434],[151.1961,-33.95435],[151.19639,-33.95434],[151.19664,-33.95429],[151.19684,-33.95423],[151.19698,-33.95414],[151.19702,-33.95412],[151.19708,-33.95412],[151.19754,-33.95419],[151.19815,-33.95431],[151.19832,-33.95436],[151.19846,-33.95448],[151.19861,-33.95465],[151.19891,-33.95486],[151.19894,-33.9549],[151.19915,-33.95503],[151.1992,-33.95505],[151.1994,-33.95516],[151.19943,-33.95517],[151.19952,-33.95524],[151.19968,-33.9553],[151.19995,-33.95538],[151.20009,-33.95542],[151.20019,-33.95547],[151.20039,-33.95557],[151.2006,-33.95574],[151.20086,-33.95593],[151.20095,-33.95599],[151.20117,-33.956],[151.20148,-33.95602],[151.20156,-33.95602],[151.20169,-33.95601],[151.20187,-33.95604],[151.20202,-33.95611],[151.20216,-33.95622],[151.20232,-33.95635],[151.20244,-33.95644],[151.2026,-33.95653],[151.20288,-33.95657],[151.203,-33.95658],[151.2032,-33.95661],[151.20336,-33.95662],[151.20354,-33.95666],[151.20374,-33.95672],[151.20399,-33.95681],[151.20424,-33.95698],[151.20427,-33.95701],[151.20432,-33.95704]],"asphalt"],[241753273,"service","",[[151.18777,-33.94578],[151.18774,-33.94594],[151.18767,-33.94617],[151.18768,-33.9462],[151.18781,-33.94645],[151.18787,-33.94657],[151.18837,-33.94764],[151.18888,-33.94869],[151.18922,-33.94939],[151.18937,-33.94968],[151.18953,-33.94997],[151.1898,-33.95039],[151.19016,-33.95091],[151.19054,-33.95147],[151.19099,-33.9521],[151.19153,-33.95286],[151.1921,-33.95363],[151.19214,-33.95371],[151.19222,-33.95404],[151.19238,-33.95461],[151.19257,-33.95535],[151.19268,-33.9558],[151.1927,-33.95593],[151.19269,-33.95601],[151.19269,-33.95607],[151.19263,-33.95616],[151.19258,-33.95622],[151.19241,-33.95638],[151.19184,-33.95701],[151.19143,-33.95745],[151.19136,-33.95755],[151.19133,-33.95767],[151.19133,-33.95778],[151.19137,-33.95795],[151.19152,-33.95848],[151.19173,-33.95938],[151.19196,-33.96034],[151.19223,-33.96134],[151.19247,-33.96226],[151.19275,-33.96331],[151.19278,-33.96342],[151.19294,-33.96405],[151.19311,-33.96474],[151.19321,-33.96511],[151.19345,-33.966],[151.19369,-33.96686],[151.19389,-33.96771],[151.1941,-33.96855],[151.1942,-33.96896],[151.19424,-33.96905],[151.19441,-33.96927],[151.19449,-33.96937],[151.19454,-33.96944],[151.19456,-33.96951],[151.19477,-33.97028],[151.19501,-33.9712],[151.19519,-33.97192],[151.19538,-33.97259],[151.1954,-33.97269],[151.1954,-33.97284],[151.19536,-33.97308],[151.19531,-33.97318],[151.19522,-33.97334],[151.19511,-33.97345],[151.19497,-33.97357],[151.19479,-33.97366],[151.19457,-33.97375],[151.19434,-33.97379],[151.19386,-33.97388],[151.19362,-33.9739],[151.1934,-33.97391],[151.19325,-33.97389],[151.19303,-33.97387],[151.19279,-33.97381],[151.19257,-33.97373],[151.19232,-33.97362],[151.19213,-33.97349],[151.19197,-33.97333],[151.19185,-33.97324],[151.19167,-33.97302],[151.19158,-33.97283],[151.1915,-33.97264],[151.1913,-33.97198]]],[475965770,"service","",[[151.17948,-33.95323],[151.17931,-33.95256],[151.17919,-33.95211],[151.17919,-33.95209],[151.17908,-33.95169],[151.17901,-33.9514],[151.179,-33.95139],[151.17895,-33.95118],[151.17878,-33.95056],[151.17868,-33.95017],[151.17843,-33.9492],[151.17827,-33.94858],[151.17819,-33.94825],[151.17809,-33.94785],[151.17803,-33.94762],[151.17797,-33.94743],[151.17789,-33.94715],[151.17775,-33.94673]]],[569451453,"primary","Botany Road",[[151.19722,-33.9499],[151.19725,-33.95001],[151.19728,-33.95012],[151.19733,-33.95022],[151.19738,-33.9503],[151.19742,-33.95036],[151.19748,-33.95042]],