{"v":2,"features":[[3727363,"primary","Denison Street",[[151.22343,-33.9497],[151.22343,-33.94977],[151.22343,-33.9498],[151.22347,-33.95088],[151.2235,-33.9519],[151.22352,-33.95221],[151.22352,-33.95251],[151.22354,-33.95307],[151.22356,-33.95379],[151.22367,-33.95736],[151.22368,-33.95757]],"asphalt"],[172383888,"residential","Sir Joseph Banks Street",[[151.20281,-33.94801],[151.20268,-33.94866],[151.2026,-33.94878],[151.20231,-33.94912],[151.20218,-33.94972],[151.2021,-33.95007],[151.20192,-33.9509],[151.20175,-33.95176],[151.20167,-33.95216],[151.20151,-33.95299],[151.20149,-33.95308]],"asphalt"],[172384796,"residential","Pemberton Street",[[151.20393,-33.94929],[151.20367,-33.95018],[151.20334,-33.95105],[151.20308,-33.95184],[151.20271,-33.95296],[151.20254,-33.9535],[151.20251,-33.95358]],"asphalt"],[172384805,"residential","Wilson Street",[[151.20488,-33.95475],[151.20495,-33.95469],[151.20496,-33.95468],[151.20499,-33.95463],[151.20502,-33.95456],[151.20504,-33.95443],[151.20508,-33.95418],[151.20517,-33.95374],[151.20531,-33.95306],[151.20538,-33.95275],[151.20553,-33.952],[151.20555,-33.9519],[151.20566,-33.95142],[151.20585,-33.95049],[151.2059,-33.95026],[151.20593,-33.95009],[151.20604,-33.94957],[151.20614,-33.94908],[151.20629,-33.94838],[151.20632,-33.94824],[151.20634,-33.94815],[151.20634,-33.94807]],"paved"],[172384808,"secondary","Stephen Road",[[151.20603,-33.95661],[151.20618,-33.95647],[151.20644,-33.95626],[151.20664,-33.95608],[151.20721,-33.9556],[151.20725,-33.95557],[151.20728,-33.95554],[151.2073,-33.9555],[151.20732,-33.95546],[151.20732,-33.95499],[151.20732,-33.95483],[151.20733,-33.95475],[151.20736,-33.95471],[151.20757,-33.95446],[151.20777,-33.95425],[151.208,-33.95407],[151.20812,-33.95395],[151.20821,-33.95381],[151.2085,-33.95331],[151.20877,-33.95285],[151.20891,-33.95259],[151.20888,-33.95176],[151.20881,-33.95049],[151.20879,-33.95026],[151.20914,-33.94945],[151.20948,-33.94869],[151.20949,-33.94866],[151.20951,-33.94858]],"asphalt"],[172692903,"service","",[[151.23932,-33.95011],[151.23895,-33.95016],[151.23889,-33.95017],[151.23884,-33.95017],[151.2387,-33.95021],[151.23839,-33.95025],[151.2381,-33.95029],[151.2378,-33.95032],[151.23759,-33.95035],[151.23754,-33.95035],[151.23752,-33.95025],[151.23751,-33.95019],[151.23773,-33.95016],[151.23803,-33.95012],[151.23833,-33.95008],[151.23883,-33.95002],[151.23887,-33.95001],[151.23927,-33.94993]],"asphalt"],[172838965,"residential","Rhodes Street",[[151.22627,-33.94993],[151.22643,-33.95034],[151.22668,-33.95092],[151.22678,-33.95117],[151.22686,-33.95137],[151.22686,-33.95156],[151.22685,-33.95175],[151.22681,-33.95216],[151.2268,-33.95237],[151.22676,-33.95282],[151.22675,-33.95294],[151.22673,-33.95313],[151.2267,-33.95349],[151.22669,-33.95367],[151.22668,-33.95383],[151.22666,-33.95407],[151.22662,-33.95454],[151.2265,-33.95507],[151.22621,-33.95625],[151.22619,-33.95633]],"asphalt"],[172839787,"residential","Brittain Crescent",[[151.22801,-33.95332],[151.22807,-33.95322],[151.22811,-33.95297],[151.22819,-33.95239],[151.22822,-33.95222],[151.22821,-33.95217],[151.22819,-33.95213],[151.22808,-33.95198],[151.22797,-33.95184],[151.22789,-33.95173],[151.2278,-33.95154],[151.22755,-33.95097],[151.22733,-33.95044],[151.22731,-33.95038],[151.2273,-33.95035],[151.2273,-33.95031],[151.2273,-33.95026],[151.22735,-33.95006],[151.22736,-33.94998]],"asphalt"],[172862968,"residential","Russell Court",[[151.24968,-33.95006],[151.2496,-33.95007],[151.24942,-33.95007],[151.24927,-33.95006],[151.24913,-33.95],[151.24895,-33.94989]],"paved"],[172862972,"residential","Portland Crescent",[[151.25006,-33.94829],[151.25003,-33.94835],[151.2499,-33.94863],[151.24971,-33.94901],[151.24943,-33.94941],[151.2492,-33.94968],[151.24895,-33.94989],[151.24876,-33.95003],[151.24819,-33.95036],[151.24799,-33.95047],[151.24777,-33.95057],[151.24756,-33.95067],[151.24686,-33.95104],[151.24672,-33.95112],[151.24615,-33.95139],[151.24596,-33.95146],[151.24574,-33.95155],[151.24548,-33.95162],[151.24523,-33.95168],[151.2451,-33.9517],[151.24492,-33.95173],[151.24439,-33.95183],[151.24427,-33.95184],[151.24424,-33.95185],[151.24418,-33.95185],[151.24412,-33.95186],[151.24409,-33.95187],[151.24328,-33.95201],[151.24319,-33.95201],[151.24313,-33.95199]],"paved"],[224697013,"service","14th Avenue",[[151.21685,-33.95154],[151.21694,-33.95141],[151.21699,-33.95126],[151.217,-33.95115],[151.21732,-33.95097],[151.21736,-33.95092],[151.21751,-33.9507],[151.21763,-33.95048],[151.21783,-33.95036],[151.21882,-33.94975],[151.21898,-33.94974]]],[252256703,"residential","Chicago Avenue",[[151.24436,-33.95261],[151.24435,-33.95257],[151.24434,-33.95254],[151.24418,-33.95185],[151.244,-33.95107],[151.24386,-33.95047],[151.24384,-33.95038],[151.24384,-33.95027],[151.24384,-33.95016],[151.24385,-33.95008],[151.24386,-33.95007],[151.24386,-33.95003],[151.24387,-33.95]],"paved"],[309183100,"primary","Bunnerong Road",[[151.23137,-33.94968],[151.23144,-33.94982],[151.2315,-33.94995],[151.23152,-33.95006],[151.23154,-33.95019],[151.23156,-33.9504],[151.23157,-33.95043],[151.23158,-33.95055]],"concrete"],[338573532,"service","",[[151.21204,-33.94891],[151.21253,-33.94937],[151.21315,-33.95001],[151.21317,-33.95006],[151.21317,-33.95012],[151.21306,-33.95067],[151.21305,-33.95074],[151.213,-33.95079],[151.2127,-33.95098]]],[368431656,"cycleway","",[[151.23172,-33.95231],[151.23168,-33.9524],[151.23164,-33.95251],[151.23159,-33.95259],[151.23127,-33.95297],[151.23109,-33.95316],[151.23097,-33.95328],[151.23076,-33.9535],[151.23072,-33.95355],[151.23071,-33.95364],[151.23076,-33.9537],[151.23088,-33.95374],[151.23106,-33.95375],[151.23123,-33.95371],[151.23143,-33.95368],[151.23163,-33.95367],[151.23184,-33.95367],[151.23203,-33.95369],[151.23217,-33.9537],[151.23222,-33.9537],[151.23329,-33.9535],[151.23336,-33.95348],[151.23433,-33.95331],[151.2344,-33.95325],[151.23445,-33.95317],[151.23449,-33.95305],[151.23453,-33.95297],[151.23461,-33.95288],[151.23468,-33.9528],[151.23477,-33.95278],[151.23487,-33.95275],[151.23504,-33.95273],[151.23523,-33.9527],[151.23545,-33.95269],[151.23566,-33.95268],[151.23587,-33.95269],[151.23591,-33.95269],[151.23593,-33.95269],[151.23595,-33.95268],[151.23607,-33.9526],[151.2362,-33.95251],[151.23634,-33.95242],[151.23684,-33.95209],[151.23687,-33.95207],[151.23689,-33.95205],[151.23692,-33.95201],[151.23692,-33.95199],[151.23692,-33.95197],[151.23692,-33.95195],[151.23692,-33.95191],[151.23693,-33.95185],[151.23694,-33.95181],[151.23696,-33.95177],[151.23698,-33.95172],[151.23702,-33.95167],[151.23706,-33.95163],[151.23713,-33.95158],[151.23721,-33.95153],[151.23735,-33.95142],[151.23739,-33.95137],[151.23745,-33.95131],[151.23749,-33.95124],[151.23752,-33.95116],[151.23753,-33.9511],[151.23753,-33.95105],[151.23752,-33.951],[151.23744,-33.95055],[151.23742,-33.95044],[151.23736,-33.95007],[151.23717,-33.94895],[151.23686,-33.94711],[151.23683,-33.94701],[151.23677,-33.94694],[151.23673,-33.94691]],"concrete"],[383247522,"residential","Flint Street",[[151.22689,-33.94991],[151.22736,-33.94998],[151.22758,-33.95001],[151.22798,-33.95008]],