{"v":2,"features":[[8123135,"tertiary_link","Bluefish Drive",[[151.29983,-33.80781],[151.29984,-33.80815],[151.29985,-33.80835],[151.29986,-33.80867],[151.29988,-33.80885],[151.29992,-33.80904],[151.29997,-33.80916],[151.30003,-33.80932],[151.3002,-33.80976],[151.30023,-33.80981],[151.30031,-33.80988],[151.30048,-33.80991],[151.30173,-33.8099],[151.30219,-33.80992],[151.30231,-33.8099],[151.30261,-33.8099]],"asphalt"],[10918731,"service","Bluefish Drive",[[151.30261,-33.8099],[151.30285,-33.8099],[151.30302,-33.8099],[151.30414,-33.80992],[151.30429,-33.80987],[151.3049,-33.80954],[151.30505,-33.80944],[151.30514,-33.80936],[151.30522,-33.80924],[151.30527,-33.80913],[151.30529,-33.809],[151.30527,-33.80887],[151.30523,-33.80878],[151.30511,-33.80866],[151.30494,-33.80851],[151.30494,-33.80838],[151.305,-33.80829],[151.30504,-33.8082],[151.30507,-33.80815],[151.30514,-33.8081],[151.30529,-33.80806],[151.30539,-33.80803],[151.30544,-33.80799],[151.30545,-33.80794],[151.30541,-33.80788],[151.30531,-33.80785],[151.30518,-33.80784],[151.30505,-33.80783],[151.30482,-33.80777],[151.30459,-33.80779],[151.30441,-33.80784],[151.30419,-33.80791],[151.30403,-33.80793],[151.30396,-33.80791],[151.30382,-33.80763],[151.30373,-33.8074],[151.3037,-33.8073],[151.30361,-33.80716],[151.30347,-33.80707],[151.30329,-33.80703],[151.30273,-33.80705],[151.30232,-33.80706],[151.30199,-33.8071],[151.30192,-33.80711],[151.30168,-33.8072],[151.30148,-33.80738],[151.30133,-33.80761],[151.30121,-33.80777],[151.30102,-33.80792]],"asphalt"],[10918750,"unclassified","Bluefish Drive",[[151.30058,-33.80807],[151.30047,-33.80807],[151.30032,-33.80805],[151.30016,-33.808],[151.29999,-33.80792],[151.29983,-33.80781]],"asphalt"],[22803984,"footway","Fairfax Walking Track",[[151.29924,-33.82153],[151.29925,-33.82147],[151.29932,-33.8214],[151.29942,-33.82136],[151.29961,-33.82136],[151.29974,-33.82136],[151.29979,-33.82136],[151.29985,-33.82135],[151.30015,-33.82127],[151.30023,-33.82127],[151.30027,-33.82128],[151.30032,-33.82136],[151.30034,-33.82138],[151.30042,-33.82142],[151.30046,-33.82145],[151.3005,-33.82151],[151.3005,-33.82155],[151.30048,-33.82161],[151.30048,-33.82166],[151.3005,-33.8217],[151.30063,-33.82188],[151.30064,-33.82191],[151.30064,-33.82193],[151.30059,-33.82221],[151.3006,-33.82226],[151.30065,-33.82245],[151.30065,-33.82251],[151.30061,-33.82265],[151.3006,-33.82272],[151.3006,-33.82282],[151.30063,-33.82291],[151.30064,-33.82297],[151.30062,-33.823],[151.30057,-33.82302],[151.3005,-33.82302],[151.30044,-33.82303],[151.3004,-33.82304],[151.30037,-33.82307],[151.30034,-33.82312],[151.3003,-33.82327],[151.30026,-33.82329],[151.3002,-33.82328],[151.30013,-33.82326],[151.3001,-33.82323],[151.30007,-33.82318],[151.30004,-33.82314],[151.3,-33.82311],[151.29997,-33.8231],[151.2999,-33.82309],[151.2997,-33.82312],[151.29955,-33.82314],[151.2995,-33.82314],[151.29942,-33.82314],[151.29926,-33.82312],[151.29919,-33.82312],[151.29904,-33.82317],[151.29897,-33.82317],[151.29886,-33.82315]],"asphalt"],[22804398,"path","",[[151.3002,-33.80173],[151.30024,-33.80172],[151.3003,-33.8017],[151.30039,-33.80169],[151.30037,-33.80165],[151.30036,-33.80161]]],[22804399,"path","",[[151.3005,-33.80206],[151.3005,-33.802],[151.30051,-33.80197],[151.30051,-33.80192],[151.30051,-33.80182]]],[82162955,"path","Blue Fish Track",[[151.30089,-33.80259],[151.30096,-33.80271],[151.3011,-33.80276],[151.3011,-33.80278],[151.3011,-33.80287],[151.30119,-33.80302],[151.30114,-33.80309],[151.30102,-33.80318],[151.30107,-33.80332],[151.30106,-33.80343],[151.3011,-33.80354],[151.30123,-33.80371],[151.30125,-33.80373],[151.30123,-33.80377],[151.30122,-33.80382],[151.30125,-33.80384],[151.30127,-33.80391],[151.30119,-33.80409],[151.30108,-33.80426],[151.301,-33.80431],[151.30096,-33.80438],[151.30095,-33.80442],[151.30092,-33.80446],[151.30081,-33.80455],[151.30068,-33.80473],[151.30069,-33.80481],[151.3007,-33.80486],[151.30071,-33.80493],[151.30068,-33.805],[151.30064,-33.80502],[151.30057,-33.80504],[151.30051,-33.80511],[151.3005,-33.80514],[151.3005,-33.80525],[151.3005,-33.80537],[151.30047,-33.80543],[151.30039,-33.80551],[151.30024,-33.80558],[151.30011,-33.80557],[151.30008,-33.80558],[151.30004,-33.80562],[151.2999,-33.80575],[151.29976,-33.80583],[151.29964,-33.80592],[151.29961,-33.80598],[151.29961,-33.80609],[151.29958,-33.80623],[151.29952,-33.80634],[151.29951,-33.80649],[151.29949,-33.80664],[151.29942,-33.80679],[151.29925,-33.80692]],"unpaved"],[82162958,"path","",[[151.30068,-33.805],[151.30067,-33.80505],[151.30069,-33.8051],[151.3007,-33.80512]],"unpaved"],[136870272,"path","",[[151.30088,-33.81233],[151.30083,-33.81229],[151.30079,-33.81225],[151.30077,-33.81222],[151.30075,-33.81216],[151.30073,-33.81211],[151.30073,-33.81201],[151.30063,-33.81193],[151.30054,-33.81188],[151.30049,-33.81187],[151.30043,-33.81185],[151.30039,-33.81186],[151.30035,-33.81185]],"metal"],[151645410,"path","Fisherman's Way",[[151.30219,-33.80992],[151.30219,-33.80994],[151.30222,-33.81005],[151.3032,-33.81053],[151.30413,-33.81003],[151.30545,-33.80992],[151.30556,-33.80994],[151.30559,-33.80999],[151.30553,-33.81004],[151.30551,-33.81011],[151.30553,-33.8102],[151.30549,-33.8103],[151.30553,-33.81042],[151.30548,-33.81059],[151.30539,-33.81054],[151.30521,-33.81057],[151.30518,-33.81053]]],[151645413,"path","Fisherman's Way",[[151.30705,-33.80726],[151.30695,-33.80746],[151.30697,-33.80763],[151.30685,-33.80765],[151.30681,-33.80774],[151.30672,-33.80781],[151.30667,-33.80794],[151.30664,-33.80807],[151.30657,-33.80817],[151.30651,-33.80832],[151.30642,-33.80837]]],[151647413,"path","Fisherman's Way",[[151.30545,-33.80992],[151.30557,-33.80965],[151.30596,-33.80838],[151.30612,-33.80838],[151.30631,-33.80841],[151.30642,-33.80837]]],[151665586,"path","",[[151.30065,-33.81267],[151.30069,-33.81269],[151.30071,-33.81272],[151.30072,-33.81294],[151.30102,-33.81312],[151.30108,-33.81317],[151.3011,-33.81322],[151.30105,-33.81335],[151.30102,-33.81352],[151.30102,-33.81358],[151.30104,-33.81365],[151.30109,-33.81372],[151.30112,-33.81376],[151.3013,-33.81397],[151.30147,-33.81432],[151.30149,-33.81438],[151.30149,-33.81443],[151.30146,-33.81462],[151.30145,-33.81482],[151.30145,-33.81494],[151.30142,-33.81498],[151.30137,-33.815],[151.30113,-33.81502],[151.30078,-33.81503],[151.30071,-33.81506],[151.30059,-33.81512],[151.30018,-33.81519],[151.29995,-33.8152],[151.29979,-33.81526],[151.29965,-33.81529],[151.29958,-33.81528],[151.29947,-33.81526]],"metal_grid"],[151672533,"unclassified","Bluefish Drive",[[151.30102,-33.80792],[151.30094,-33.80797],[151.30076,-33.80804],[151.30067,-33.80805],[151.30058,-33.80807]],"asphalt"],[174538781,"service","",[[151.30249,-33.80737],[151.30258,-33.80721],[151.30273,-33.80705]]],[174538782,"service","",[[151.30313,-33.80886],[151.30274,-33.8084],[151.30263,-33.80817],[151.30249,-33.80737],[151.30228,-33.80719],[151.30199,-33.8071]]],[175946264,"service","",[[151.30302,-33.8099],[151.30306,-33.80981],[151.30309,-33.80971],[151.30309,-33.80958],[151.30308,-33.80951],[151.30303,-33.80947],[151.30296,-33.80946],[151.30283,-33.80946],[151.30265,-33.80947]]],[178148433,"footway","",[[151.30064,-33.82191],[151.30067,-33.82192],[151.30069,-33.82192],[151.30073,-33.82198],[151.30079,-33.82196]]],[185733698,"path","",[[151.30044,-33.80186],[151.30047,-33.80186],[151.30048,-33.80188],[151.30048,-33.80189],[151.30047,-33.80192],[151.30045,-33.80194],[151.30043,-33.80194],[151.30039,-33.80192],[151.3004,-33.80194],[151.3004,-33.80196],[151.30043,-33.80198],[151.30047,-33.80199],[151.30051,-33.80197]]],[185733712,"path","",[[151.30047,-33.80277],[151.3011,-33.80278],[151.30141,-33.80278]]],[225913755,"path","Fisherman's Way",[[151.30539,-33.81054],[151.30526,-33.81062],[151.30506,-33.81086],[151.30504,-33.81103]]],[228790463,"path","",[[151.3013,-33.81397],[151.30135,-33.81396],[151.30134,-33.81394],[151.30136,-33.81394],[151.30136,-33.81393],[151.30139,-33.81391]],