{"v":2,"features":[[13347118,"residential","Ian Avenue",[[151.29978,-33.76221],[151.30006,-33.76217],[151.30016,-33.76216],[151.30025,-33.76217],[151.30035,-33.76219],[151.30044,-33.76222],[151.30052,-33.76227],[151.30058,-33.76232],[151.30064,-33.76237],[151.30067,-33.76244],[151.3007,-33.76251],[151.30071,-33.76261],[151.30071,-33.76268],[151.3007,-33.76299]],"paved"],[13347140,"residential","Phyllis Street",[[151.3007,-33.76299],[151.30109,-33.76308]],"paved"],[16813902,"footway","",[[151.29934,-33.7568],[151.2994,-33.75699],[151.29951,-33.75711],[151.29959,-33.75726],[151.29961,-33.75743],[151.29964,-33.7575],[151.2997,-33.75758],[151.29978,-33.75774],[151.29984,-33.75797],[151.29989,-33.75803],[151.29995,-33.75817],[151.29997,-33.75819],[151.29997,-33.75824],[151.30005,-33.75839],[151.30005,-33.75847],[151.3001,-33.75855],[151.30018,-33.75878],[151.30022,-33.75888],[151.30028,-33.75894],[151.3003,-33.75898],[151.3003,-33.75903],[151.30032,-33.75908],[151.30041,-33.75919],[151.30041,-33.75924],[151.30045,-33.75929],[151.30057,-33.75939],[151.3006,-33.75944],[151.30065,-33.75951],[151.30078,-33.75958]],"unpaved"],[16813969,"footway","",[[151.30126,-33.76124],[151.30113,-33.76133],[151.3006,-33.76133]]],[19791884,"footway","Cobbers Way",[[151.3016,-33.76454],[151.30164,-33.76458],[151.30164,-33.76464],[151.30161,-33.76471],[151.30162,-33.76476],[151.30165,-33.76481],[151.30164,-33.76488],[151.30164,-33.76499],[151.30169,-33.76508],[151.30165,-33.76515],[151.30166,-33.76522],[151.30167,-33.76526],[151.30172,-33.76531],[151.30175,-33.76536],[151.30173,-33.76545],[151.30171,-33.76552],[151.30167,-33.76565],[151.30157,-33.76574],[151.30154,-33.7658],[151.3015,-33.76591],[151.30147,-33.76598]],"unpaved"],[19791885,"steps","",[[151.30102,-33.76658],[151.30104,-33.7666],[151.30105,-33.76663],[151.30106,-33.76665],[151.30109,-33.76667],[151.30112,-33.76669],[151.30114,-33.76672],[151.30115,-33.76673],[151.30119,-33.76674],[151.30121,-33.76675],[151.30122,-33.76677],[151.30125,-33.76682],[151.30129,-33.76687],[151.3013,-33.7669],[151.30131,-33.76693],[151.30134,-33.76696],[151.30136,-33.76699],[151.30139,-33.76702]],"rock"],[23061183,"steps","",[[151.30114,-33.76305],[151.30109,-33.76308]]],[23061184,"footway","",[[151.30114,-33.76305],[151.30123,-33.7631],[151.30135,-33.7631],[151.30141,-33.76305],[151.30144,-33.76304],[151.30145,-33.76307],[151.30152,-33.76308],[151.30165,-33.76306],[151.30172,-33.76307],[151.30174,-33.76306],[151.30176,-33.76297]],"unpaved"],[23061185,"footway","",[[151.30078,-33.75958],[151.30083,-33.7596],[151.30085,-33.75963],[151.30084,-33.75967],[151.30083,-33.75971],[151.30084,-33.75974],[151.30095,-33.75983],[151.30103,-33.75988],[151.30109,-33.75994],[151.30114,-33.76003],[151.30116,-33.76009],[151.30119,-33.76011],[151.30128,-33.76015],[151.30133,-33.76019],[151.30132,-33.76022],[151.30132,-33.76026],[151.30132,-33.76029],[151.30128,-33.76036],[151.30125,-33.76037],[151.30124,-33.76041],[151.30126,-33.76044],[151.30131,-33.7605],[151.30131,-33.76058],[151.30129,-33.76066],[151.30126,-33.76077],[151.30123,-33.76089],[151.30126,-33.76103],[151.30127,-33.76113],[151.30126,-33.76124],[151.30131,-33.76137],[151.30131,-33.76156],[151.30138,-33.76173],[151.30141,-33.76186],[151.30139,-33.76208],[151.30141,-33.76217],[151.30146,-33.76227],[151.30147,-33.7623],[151.30145,-33.76232],[151.30148,-33.76239],[151.30148,-33.7625],[151.30152,-33.76254],[151.30163,-33.76259],[151.30165,-33.76275],[151.30173,-33.76285],[151.30175,-33.76293],[151.30176,-33.76297]],"unpaved"],[23061186,"footway","",[[151.30176,-33.76297],[151.30183,-33.76303],[151.30186,-33.76306],[151.30185,-33.76311],[151.30187,-33.7632],[151.30187,-33.76327],[151.30174,-33.76342],[151.30174,-33.76346],[151.30174,-33.76349],[151.30178,-33.76364],[151.30176,-33.76368],[151.3017,-33.7638],[151.30172,-33.76399],[151.30173,-33.76409],[151.30169,-33.76416],[151.30172,-33.76427],[151.30172,-33.76435],[151.3017,-33.7644],[151.3017,-33.76442]],"unpaved"],[45638631,"service","Ian Lane",[[151.30087,-33.76194],[151.30078,-33.76225],[151.30076,-33.76229],[151.30073,-33.76231],[151.30064,-33.76237]]],[45638743,"path","",[[151.30067,-33.76346],[151.3006,-33.76343],[151.29956,-33.76329]]],[45638749,"service","Molong Street",[[151.30067,-33.76346],[151.30071,-33.76347],[151.30099,-33.7635],[151.30121,-33.7636],[151.30119,-33.76392],[151.30113,-33.76424],[151.30109,-33.76444],[151.30106,-33.76448],[151.30095,-33.76451]]],[174311080,"residential","Ian Avenue",[[151.3007,-33.76299],[151.30067,-33.76346],[151.30059,-33.76365]],"paved"],[550560145,"footway","",[[151.30148,-33.76721],[151.30153,-33.76729],[151.30169,-33.76739],[151.30175,-33.76742]],"rock"],[550560146,"footway","Cobbers Way",[[151.30102,-33.76658],[151.30101,-33.76658],[151.30093,-33.76655],[151.30087,-33.76654],[151.30079,-33.7665],[151.30067,-33.76642],[151.30063,-33.76637],[151.30058,-33.76635],[151.30057,-33.76633],[151.30053,-33.76631],[151.30046,-33.7663],[151.30037,-33.76629],[151.30028,-33.76633],[151.30022,-33.76634],[151.30018,-33.76633],[151.30012,-33.76632],[151.30006,-33.76631],[151.30001,-33.7663],[151.29994,-33.76626],[151.2999,-33.76625],[151.29983,-33.7663],[151.29977,-33.76636],[151.29972,-33.76639],[151.29965,-33.76637],[151.29956,-33.76633],[151.29949,-33.76628]]],[606452381,"residential","Phyllis Lane",[[151.30113,-33.76273],[151.30111,-33.76285],[151.3011,-33.76297],[151.30109,-33.76303],[151.30109,-33.76308]],"asphalt"],[606452382,"residential","Bruce Lane",[[151.30108,-33.76343],[151.30108,-33.76334],[151.3011,-33.76325],[151.3011,-33.76317],[151.30108,-33.76312],[151.30109,-33.76308]],"asphalt"],[606452383,"residential","Dee Why Lane",[[151.30067,-33.76166],[151.30071,-33.76145],[151.30072,-33.76142],[151.30071,-33.76139],[151.30071,-33.76137],[151.30069,-33.76136],[151.30067,-33.76135],[151.3006,-33.76133]],"asphalt"],[1020393245,"footway","",[[151.30179,-33.76445],[151.30177,-33.76443],[151.30177,-33.76443],[151.30176,-33.76442],[151.30175,-33.76442],[151.30174,-33.76442],[151.30172,-33.76442],[151.3017,-33.76442],[151.30169,-33.76443],[151.30169,-33.76444],[151.30168,-33.7645],[151.30164,-33.76453],[151.3016,-33.76454],[151.30142,-33.76458],[151.30133,-33.76458],[151.30128,-33.76456],[151.30117,-33.76451],[151.30111,-33.7645],[151.30095,-33.76451]],"sett"],[1020393296,"footway","Cobbers Way",[[151.30137,-33.76624],[151.30132,-33.7663],[151.30127,-33.76636],[151.30123,-33.76637],[151.30116,-33.76637],[151.30112,-33.76637],[151.30108,-33.76635],[151.30106,-33.76636],[151.30105,-33.76637],[151.30108,-33.76646],[151.30106,-33.7665],[151.30107,-33.76651],[151.30105,-33.76654],[151.30102,-33.76657],[151.30102,-33.76658]],"unpaved"],[1020393529,"footway","Cobbers Way",[[151.30147,-33.76598],[151.30145,-33.76601],[151.30143,-33.76609],[151.30143,-33.76615],[151.30137,-33.76624]],"paved"],[1020393530,"steps","",[[151.30139,-33.76702],[151.3014,-33.76704],[151.30138,-33.76706],[151.30139,-33.76708],[151.3014,-33.76711],[151.30145,-33.76714],[151.30147,-33.76719]],"paved"],[1020410775,"path","",[[151.30176,-33.76368],[151.30182,-33.76371],[151.30187,-33.76373],[151.30191,-33.76372]]],[1020410776,"path","",[[151.30173,-33.76409],[151.30179,-33.76413],[151.30181,-33.76414],[151.30191,-33.76415]]],[1020410777,"steps","",[[151.30147,-33.76719],[151.30148,-33.76721]],"concrete"],[1020410778,"path","",[[151.30097,-33.76668],[151.30098,-33.76664],[151.301,-33.76659],[151.30102,-33.76658]]],[1020410779,"path","",[[151.30147,-33.76598],[151.30153,-33.76599],[151.30161,-33.76601],[151.30166,-33.76603],[151.30175,-33.76608],[151.30179,-33.7661],[151.30181,-33.76613],[151.30183,-33.76614],[151.30188,-33.76614],[151.30194,-33.76612],[151.30199,-33.76613],[151.30202,-33.76614],[151.30203,-33.76613],[151.30208,-33.76612]],"rock"],[1210180683,"steps","",[[151.30171,-33.76751],[151.30173,-33.76747],[151.30174,-33.76747]]],[1237985538,"steps","",[[151.30175,-33.76742],[151.30179,-33.76743]],