{"v":2,"features":[[23052219,"residential","Malton Road",[[151.06715,-33.74761],[151.07011,-33.74804],[151.07159,-33.74827],[151.07173,-33.74829],[151.07202,-33.74833],[151.07228,-33.74837],[151.07241,-33.74839],[151.07302,-33.74848],[151.07303,-33.74848],[151.07329,-33.74857],[151.07433,-33.74893],[151.07545,-33.74929],[151.07655,-33.74963],[151.07783,-33.7505],[151.07811,-33.75069],[151.0782,-33.75072],[151.07824,-33.75073],[151.07827,-33.75075],[151.0786,-33.75096],[151.07863,-33.75098],[151.07867,-33.75104]],"paved"],[23271281,"residential","Cardinal Avenue",[[151.05249,-33.74587],[151.05293,-33.74617],[151.05303,-33.7463],[151.05314,-33.74675],[151.05322,-33.74712],[151.0537,-33.74941],[151.05397,-33.75068],[151.05406,-33.75104]],"paved"],[23271380,"residential","Carlisle Crescent",[[151.05266,-33.75132],[151.05222,-33.7495],[151.0522,-33.74944],[151.05217,-33.74942],[151.05211,-33.74942],[151.05205,-33.74944],[151.05049,-33.74997],[151.05043,-33.75001],[151.0504,-33.75006],[151.05033,-33.7507],[151.05032,-33.75078],[151.05034,-33.75086],[151.05049,-33.75124]],"asphalt"],[26327452,"track","Pennant Hills Trail",[[151.08777,-33.7471],[151.08781,-33.74714],[151.08785,-33.74722],[151.08783,-33.74729],[151.08769,-33.74766],[151.08767,-33.74786],[151.08774,-33.74826],[151.08768,-33.74851],[151.08761,-33.74864],[151.08746,-33.74879],[151.08738,-33.74886],[151.0874,-33.74894],[151.08747,-33.74899],[151.08804,-33.74923],[151.08857,-33.74945],[151.08912,-33.74962],[151.08924,-33.74964],[151.08968,-33.74971],[151.08994,-33.74976],[151.09019,-33.74975],[151.09061,-33.74963],[151.09108,-33.74961],[151.09162,-33.74966],[151.09195,-33.74968],[151.09247,-33.74967],[151.09294,-33.74972],[151.09383,-33.75],[151.09395,-33.75001],[151.09402,-33.75003],[151.09418,-33.74999],[151.09449,-33.74985],[151.09474,-33.74987],[151.09517,-33.74979],[151.09558,-33.74976],[151.09622,-33.7497],[151.09676,-33.74971],[151.09713,-33.7499],[151.09745,-33.7498]],"compacted"],[43545961,"path","",[[151.08738,-33.74886],[151.08722,-33.74897],[151.08697,-33.74916],[151.08666,-33.74936],[151.08651,-33.74941],[151.08637,-33.74945],[151.08624,-33.74948],[151.08605,-33.74954],[151.08585,-33.74959],[151.08568,-33.74967],[151.08559,-33.74988],[151.08556,-33.75013],[151.08559,-33.75028],[151.08565,-33.75041],[151.08579,-33.75045]],"dirt"],[62683018,"path","Kurrajong Walking Track",[[151.08395,-33.75061],[151.08404,-33.75043],[151.08396,-33.75021],[151.08389,-33.75007],[151.08389,-33.74989],[151.08381,-33.74982],[151.08371,-33.74975],[151.08352,-33.74962],[151.08339,-33.74948],[151.08333,-33.74929],[151.08318,-33.74907],[151.08309,-33.74881],[151.08308,-33.74861],[151.08302,-33.74854],[151.08286,-33.74838],[151.08267,-33.74831],[151.08244,-33.74807],[151.08226,-33.74787],[151.08213,-33.74779],[151.08188,-33.74772],[151.08162,-33.74772],[151.0814,-33.7478],[151.08121,-33.74775],[151.08096,-33.74762],[151.08091,-33.74742],[151.08082,-33.74722],[151.0807,-33.7471],[151.08058,-33.74705],[151.08045,-33.74702],[151.08026,-33.74703]],"dirt"],[223366054,"residential","Hull Road",[[151.05684,-33.74349],[151.05725,-33.74534],[151.05741,-33.74605],[151.058,-33.74874],[151.05823,-33.74978],[151.05837,-33.75038]],"paved"],[653914369,"residential","Hannah Street",[[151.06113,-33.75001],[151.06129,-33.74997]],"paved"],[676952737,"residential","",[[151.07783,-33.7505],[151.07823,-33.75007],[151.07825,-33.75005],[151.07826,-33.75002],[151.07827,-33.74999],[151.07827,-33.74996],[151.07827,-33.74993],[151.07825,-33.7499],[151.07805,-33.74972]]],[707485581,"path","",[[151.0544,-33.7493],[151.05449,-33.74974],[151.05456,-33.74982],[151.05474,-33.75001],[151.05482,-33.7501]]],[986846248,"track","",[[151.07943,-33.74878],[151.07932,-33.74896],[151.07921,-33.74912],[151.0792,-33.74922],[151.07914,-33.7493],[151.07916,-33.74942],[151.07927,-33.74948],[151.07931,-33.74958],[151.07949,-33.74988],[151.07986,-33.75004],[151.08007,-33.75023],[151.08025,-33.75037],[151.08047,-33.75062],[151.08058,-33.7507],[151.08089,-33.75081],[151.08116,-33.7509],[151.08156,-33.7509]]],[986846249,"path","",[[151.08156,-33.7509],[151.08164,-33.75073],[151.08186,-33.75031],[151.08222,-33.7499],[151.08237,-33.74974],[151.08258,-33.74974],[151.08278,-33.74977],[151.08304,-33.74969],[151.08316,-33.74955],[151.08339,-33.74948]]],[1021240804,"footway","",[[151.06496,-33.75037],[151.06467,-33.74957],[151.06466,-33.74955]]],[1166011551,"path","The Lane Cove Valley Walk",[[151.10036,-33.75272],[151.10052,-33.75236],[151.10053,-33.7521],[151.10049,-33.75197],[151.10018,-33.75166],[151.09929,-33.75116],[151.09911,-33.75085],[151.09906,-33.75067],[151.09918,-33.74996],[151.09919,-33.74958],[151.09915,-33.74948],[151.09907,-33.74937],[151.09887,-33.74916],[151.09869,-33.749],[151.09852,-33.74867],[151.09841,-33.7485]],"dirt"],[1228180948,"footway","",[[151.06149,-33.74991],[151.06151,-33.74995],[151.06151,-33.74997],[151.06152,-33.75003]]],[1228180951,"footway","",[[151.06447,-33.74958],[151.06447,-33.74959],[151.06449,-33.74962],[151.06502,-33.75103]]],[1276299582,"footway","",[[151.09147,-33.74833],[151.09132,-33.7484],[151.09109,-33.74883],[151.091,-33.74888],[151.09096,-33.74899],[151.09102,-33.7491],[151.09117,-33.74913],[151.09158,-33.74927],[151.09181,-33.74916],[151.0922,-33.74914],[151.09261,-33.74934],[151.09331,-33.74936],[151.09371,-33.74958],[151.09379,-33.74977],[151.09398,-33.7498],[151.09395,-33.75001]],"unpaved"],[1328111074,"service","",[[151.06271,-33.75061],[151.06254,-33.74985],[151.06253,-33.7498]]],[1385464028,"residential","Sutherland Road",[[151.06642,-33.75095],[151.06644,-33.7509],[151.06646,-33.75087],[151.06648,-33.75083],[151.06651,-33.75075],[151.06662,-33.75054],[151.06678,-33.7502],[151.06689,-33.74999],[151.06723,-33.74935],[151.06728,-33.74922],[151.0673,-33.74911],[151.0673,-33.74901],[151.06729,-33.74893],[151.06722,-33.74822],[151.06717,-33.74773],[151.06715,-33.74761],[151.0671,-33.74748],[151.06705,-33.74737],[151.06702,-33.74726],[151.06699,-33.74714],[151.06694,-33.74701],[151.0668,-33.7467],[151.06633,-33.74608],[151.0661,-33.74575],[151.06594,-33.74544],[151.06576,-33.74503],[151.0657,-33.74476],[151.06568,-33.74446],[151.0657,-33.74433],[151.06576,-33.74422],[151.06598,-33.74393]],"paved"],[1413371848,"residential","",[[151.06129,-33.75001],[151.06129,-33.75],[151.06129,-33.74999],[151.06129,-33.74997]],"paved"]]}