{"v":2,"features":[[22875125,"trunk_link","",[[151.14842,-33.74917],[151.14845,-33.74936],[151.14839,-33.74984],[151.14834,-33.75003]],"asphalt"],[23250757,"residential","Pymble Avenue",[[151.13541,-33.75108],[151.13642,-33.75018],[151.13742,-33.74932],[151.13788,-33.7489],[151.13835,-33.74847],[151.13845,-33.74834],[151.13853,-33.74818],[151.13887,-33.74732],[151.13892,-33.74722],[151.13899,-33.74712],[151.14042,-33.7459],[151.14065,-33.74571],[151.14115,-33.74528],[151.14119,-33.74525],[151.14124,-33.74522],[151.14129,-33.7452]],"asphalt"],[23260403,"residential","Carlotta Avenue",[[151.14839,-33.74984],[151.14846,-33.74991],[151.14866,-33.75011]],"paved"],[102514784,"path","",[[151.12982,-33.75016],[151.12981,-33.7501],[151.12982,-33.75004],[151.12985,-33.74999],[151.1299,-33.74995],[151.13017,-33.74982],[151.13019,-33.7498],[151.13021,-33.74976],[151.13022,-33.74973],[151.13023,-33.7497],[151.13022,-33.74967],[151.1302,-33.74964],[151.13019,-33.74962],[151.13015,-33.74961],[151.12986,-33.74962],[151.12984,-33.74961],[151.1298,-33.74959],[151.12975,-33.74957],[151.12971,-33.74958],[151.12966,-33.7496],[151.12961,-33.74961],[151.12957,-33.7496],[151.12952,-33.74959],[151.12948,-33.74957],[151.12948,-33.74959],[151.1294,-33.74963],[151.12932,-33.74963],[151.12924,-33.74961]]],[102514788,"service","",[[151.13009,-33.74901],[151.13019,-33.74922],[151.13025,-33.74928],[151.13027,-33.7493],[151.13033,-33.74935],[151.13042,-33.74941],[151.13049,-33.74945],[151.13055,-33.74949],[151.13076,-33.74965],[151.13102,-33.74985],[151.13104,-33.74988],[151.13111,-33.75019]]],[102541053,"service","",[[151.14303,-33.75054],[151.14312,-33.75043],[151.14326,-33.74998],[151.14345,-33.7497]]],[174713946,"tertiary","Kissing Point Road",[[151.11229,-33.74811],[151.1124,-33.74826],[151.11244,-33.74833],[151.1125,-33.74844],[151.11255,-33.74853],[151.11262,-33.7487],[151.1127,-33.7489],[151.11275,-33.74906],[151.11276,-33.74914],[151.11278,-33.74951],[151.11276,-33.74999],[151.11272,-33.75082],[151.11271,-33.75104],[151.11268,-33.75136],[151.1126,-33.752]],"asphalt"],[174861756,"residential","Hinkler Avenue",[[151.10425,-33.75041],[151.10489,-33.7502],[151.10567,-33.74995],[151.10578,-33.74992]],"asphalt"],[174861763,"residential","Auluba Road",[[151.10878,-33.75033],[151.11137,-33.7495],[151.11146,-33.74947],[151.11187,-33.74934],[151.11229,-33.74921],[151.11242,-33.74917],[151.11258,-33.74911],[151.11275,-33.74906]],"asphalt"],[174930751,"residential","Carina Road",[[151.12093,-33.74718],[151.11994,-33.74793],[151.11945,-33.7483],[151.11939,-33.74835],[151.11937,-33.7484],[151.11909,-33.7491],[151.11907,-33.74916],[151.11904,-33.74922],[151.11899,-33.7493],[151.11886,-33.74945],[151.11881,-33.74952],[151.11879,-33.74958],[151.11877,-33.74976],[151.11874,-33.75005],[151.11874,-33.75017]],"asphalt"],[174930758,"residential","Hudson Close",[[151.11526,-33.74865],[151.11521,-33.74884],[151.11518,-33.74923],[151.11517,-33.74936],[151.11517,-33.74948],[151.1152,-33.7496],[151.11524,-33.74974],[151.11532,-33.74986],[151.11549,-33.75001],[151.11591,-33.75038]],"asphalt"],[194873911,"residential","Maxwell Street",[[151.11384,-33.7521],[151.1139,-33.75139],[151.11396,-33.75003],[151.11398,-33.74921],[151.11397,-33.74902],[151.11394,-33.74883],[151.11388,-33.74864],[151.11354,-33.74793],[151.11345,-33.74778],[151.11328,-33.74749],[151.11324,-33.74741],[151.11321,-33.74732],[151.1132,-33.74723],[151.11342,-33.74617],[151.11344,-33.74601]],"asphalt"],[195837520,"footway","",[[151.11265,-33.75073],[151.11267,-33.74932],[151.11268,-33.74925],[151.11267,-33.74921],[151.11265,-33.74919],[151.11262,-33.74919],[151.11234,-33.74926]],"concrete"],[219730556,"residential","Pembroke Avenue",[[151.11896,-33.75054],[151.11909,-33.75045],[151.11938,-33.75018],[151.11969,-33.74989],[151.11983,-33.74968],[151.11995,-33.74949],[151.12012,-33.74932],[151.12027,-33.74917],[151.12038,-33.74911],[151.1205,-33.7491],[151.12066,-33.7491],[151.1208,-33.74913],[151.12093,-33.74921],[151.12106,-33.74932],[151.12112,-33.74936],[151.12131,-33.74952],[151.12161,-33.74974],[151.12166,-33.74978]],"asphalt"],[402351579,"path","",[[151.12694,-33.74997],[151.12691,-33.75002],[151.12687,-33.75006],[151.12682,-33.75008],[151.12678,-33.75008],[151.12677,-33.75006],[151.1268,-33.75002],[151.12682,-33.74997],[151.12682,-33.74997],[151.12679,-33.74993],[151.12675,-33.74994],[151.12674,-33.74997],[151.1267,-33.75003],[151.12667,-33.75008],[151.12663,-33.75012],[151.1266,-33.75015],[151.12652,-33.75018]]],[504717371,"trunk","Pacific Highway",[[151.1469,-33.75045],[151.14678,-33.75022],[151.14663,-33.74993],[151.14653,-33.74978],[151.14643,-33.74963],[151.14627,-33.74945],[151.14609,-33.74929],[151.14599,-33.74919]],"asphalt"],[599752847,"trunk","Mona Vale Road",[[151.14842,-33.74917],[151.14832,-33.74974],[151.14826,-33.74994],[151.14815,-33.75016]],"asphalt"],[599752851,"trunk","Mona Vale Road",[[151.14807,-33.7501],[151.14819,-33.74984],[151.14825,-33.74961],[151.14832,-33.74914]],"asphalt"],[939598892,"footway","",[[151.14735,-33.75058],[151.14728,-33.75056],[151.14723,-33.75049],[151.14692,-33.74995],[151.14689,-33.74991],[151.14677,-33.74975],[151.14664,-33.7496],[151.14663,-33.74958],[151.14657,-33.74952],[151.14622,-33.74921],[151.146,-33.74899],[151.14584,-33.74883],[151.14567,-33.74856],[151.14559,-33.7483],[151.14553,-33.74798],[151.14545,-33.74747],[151.14535,-33.74694],[151.1453,-33.74681],[151.14521,-33.74667],[151.145,-33.74642],[151.1447,-33.74613],[151.14448,-33.74594],[151.14441,-33.74589]],"concrete"],[939643333,"footway","",[[151.1124,-33.74813],[151.11243,-33.74817],[151.11259,-33.74841],[151.11276,-33.74881],[151.11279,-33.74888],[151.11285,-33.74908],[151.11285,-33.74995],[151.11285,-33.74999],[151.11285,-33.75004],[151.11284,-33.75032]],"concrete"],[941159073,"footway","",[[151.11671,-33.75],[151.11572,-33.74925],[151.11553,-33.74909],[151.11537,-33.74892],[151.11529,-33.74886]],"concrete"],[941159079,"footway","",[[151.11453,-33.74701],[151.11463,-33.74755],[151.11465,-33.74762],[151.11475,-33.74781],[151.11496,-33.74809],[151.1155,-33.74883],[151.11564,-33.74898],[151.11593,-33.74923],[151.1169,-33.74995],[151.11714,-33.75016],[151.11724,-33.75027],[151.11731,-33.75045],[151.11735,-33.75057],[151.11736,-33.75063],[151.1174,-33.75066],[151.11743,-33.75068],[151.11754,-33.75072]],"concrete"],[942744001,"footway","",[[151.11064,-33.7498],[151.11067,-33.74988],[151.11067,-33.75001]],"concrete"],[942761366,"footway","",[[151.13512,-33.75151],[151.13514,-33.7515],[151.13514,-33.75147],[151.13514,-33.75144],[151.13515,-33.75142],[151.13648,-33.75023],[151.13747,-33.74935],[151.13747,-33.74935],[151.13825,-33.74865],[151.13836,-33.74856],[151.13843,-33.74846],[151.13855,-33.74824],[151.13859,-33.74826]],"asphalt"],[949555290,"footway","",[[151.14834,-33.74869],[151.14821,-33.74931],[151.14813,-33.74956],[151.148,-33.74983],[151.14767,-33.75036],[151.1476,-33.75046]]],[1069963315,"service","",[[151.14588,-33.75013],[151.14582,-33.75005],[151.14571,-33.74993],[151.14547,-33.74975],[151.1454,-33.7497]],"concrete"],[1103676739,"service","",[[151.14651,-33.74958],[151.14663,-33.74958],[151.14666,-33.74958],[151.14677,-33.74962],[151.14692,-33.74986],[151.14689,-33.74991],[151.14684,-33.75]],"asphalt"],[1222725681,"service","",[[151.14596,-33.75005],[151.14552,-33.74971],[151.14545,-33.74966]],"concrete"]]}