{"v":2,"features":[[23200924,"residential","Holland Crescent",[[151.22618,-33.75037],[151.22755,-33.75058],[151.22771,-33.74973],[151.22636,-33.74954]],"paved"],[172705765,"tertiary","Rabbett Street",[[151.22614,-33.75064],[151.22614,-33.75062],[151.22614,-33.75059],[151.22616,-33.75051],[151.22618,-33.75037],[151.22627,-33.74996],[151.22636,-33.74954],[151.2264,-33.74935],[151.2265,-33.74885],[151.2265,-33.74883],[151.22653,-33.74874]],"paved"],[174306369,"residential","Harmston Avenue",[[151.2421,-33.74903],[151.24193,-33.74989],[151.24176,-33.75075]],"asphalt"],[174313517,"residential","Grace Avenue",[[151.22325,-33.74941],[151.22326,-33.74945],[151.22332,-33.7497],[151.22339,-33.74995],[151.22343,-33.75005],[151.2235,-33.75024]],"asphalt"],[237323345,"residential","Romford Road",[[151.24018,-33.74817],[151.24016,-33.74829],[151.24015,-33.74834],[151.24011,-33.7485],[151.23972,-33.7504]],"asphalt"],[380367437,"cycleway","",[[151.23163,-33.74963],[151.23165,-33.74965],[151.23166,-33.74967],[151.23166,-33.7497],[151.23153,-33.7504],[151.23128,-33.75167]],"asphalt"],[464254941,"service","",[[151.22472,-33.75006],[151.22474,-33.75001],[151.22474,-33.74999],[151.22462,-33.74985],[151.22453,-33.74974],[151.22452,-33.74972],[151.22454,-33.74968],[151.22461,-33.74965]]],[477225312,"secondary_link","",[[151.23516,-33.74985],[151.23517,-33.74991],[151.2352,-33.74994],[151.23521,-33.74995],[151.23528,-33.74999],[151.23539,-33.75003]],"asphalt"],[551041946,"secondary","Frenchs Forest Road East",[[151.23497,-33.74998],[151.2351,-33.74999],[151.23539,-33.75003]],"asphalt"],[638098790,"service","",[[151.23186,-33.74996],[151.23206,-33.74999],[151.23214,-33.75]],"asphalt"],[638098794,"service","",[[151.23325,-33.75],[151.23327,-33.74992],[151.23329,-33.74984]]],[644598583,"service","",[[151.23103,-33.7505],[151.23135,-33.75044],[151.23139,-33.75043],[151.23141,-33.75043],[151.23143,-33.75041],[151.23145,-33.75039],[151.23157,-33.74978],[151.23081,-33.74966],[151.23075,-33.74965],[151.23073,-33.74964],[151.23071,-33.74963],[151.2307,-33.74961],[151.23069,-33.74952],[151.23069,-33.74948],[151.23071,-33.74937]]],[644598599,"service","",[[151.23224,-33.75007],[151.23222,-33.75007],[151.23219,-33.75007],[151.23218,-33.75006],[151.23216,-33.75005],[151.23215,-33.75004],[151.23214,-33.75003],[151.23214,-33.75001],[151.23214,-33.75],[151.23214,-33.74999],[151.23215,-33.74997],[151.23216,-33.74996],[151.23218,-33.74995],[151.23219,-33.74994],[151.23221,-33.74994],[151.23223,-33.74994],[151.23225,-33.74995],[151.23227,-33.74996],[151.23228,-33.74997],[151.23229,-33.74998],[151.23229,-33.75],[151.23229,-33.75001],[151.23229,-33.75003],[151.23228,-33.75005],[151.23226,-33.75006],[151.23224,-33.75007]],"asphalt"],[658328985,"secondary","Frenchs Forest Road West",[[151.23449,-33.75004],[151.23392,-33.74996],[151.2336,-33.74991],[151.23335,-33.74986]],"asphalt"],[658328989,"service","",[[151.23166,-33.75014],[151.23168,-33.74993]],"asphalt"],[658328998,"service","",[[151.23299,-33.74996],[151.23298,-33.75003],[151.2326,-33.74997],[151.23261,-33.74991]],"asphalt"],[658329005,"cycleway","",[[151.22427,-33.74855],[151.22427,-33.74856],[151.22437,-33.74872],[151.22443,-33.74878],[151.22462,-33.749],[151.22475,-33.74915],[151.22485,-33.74928],[151.22502,-33.74949],[151.22517,-33.74967],[151.22536,-33.7499],[151.22551,-33.75009],[151.22565,-33.75027],[151.2257,-33.75033]],"concrete"],[757379403,"primary","Wakehurst Parkway",[[151.23482,-33.75008],[151.23483,-33.74996]],"asphalt"],[839609368,"footway","",[[151.2171,-33.75018],[151.21734,-33.74985]],"concrete"],[962104688,"footway","",[[151.23513,-33.75018],[151.23512,-33.75011],[151.2351,-33.74999],[151.23508,-33.74991]]],[962104690,"footway","",[[151.2352,-33.74985],[151.23522,-33.74988],[151.23525,-33.74991],[151.23529,-33.74993],[151.23533,-33.74994],[151.23538,-33.74995],[151.23589,-33.75002],[151.23607,-33.75005],[151.23647,-33.7501],[151.23649,-33.7501]],"concrete"],[976635916,"footway","",[[151.22404,-33.7504],[151.224,-33.75038],[151.22394,-33.75036],[151.22385,-33.75035],[151.22377,-33.75036],[151.22372,-33.75035],[151.22369,-33.75033],[151.22365,-33.7503],[151.22356,-33.75002],[151.22344,-33.74967],[151.22336,-33.74945],[151.22336,-33.74944],[151.22336,-33.74942],[151.22338,-33.7494],[151.22339,-33.74938],[151.22343,-33.74936],[151.22348,-33.74937],[151.22415,-33.74947],[151.22423,-33.74948],[151.22428,-33.74949],[151.22435,-33.7495],[151.22468,-33.74954],[151.22476,-33.74957],[151.2248,-33.7496],[151.22497,-33.74979]],"concrete"],[1020982259,"path","",[[151.21169,-33.75144],[151.2119,-33.75139],[151.21199,-33.75134],[151.21203,-33.7513],[151.212,-33.75127],[151.21192,-33.75127],[151.21176,-33.7512],[151.21169,-33.75112],[151.21162,-33.75084],[151.21161,-33.7503],[151.2118,-33.75005],[151.21202,-33.74965],[151.21214,-33.74943],[151.2122,-33.74932],[151.21235,-33.74915],[151.21243,-33.74909],[151.21253,-33.74901],[151.21263,-33.74877],[151.21272,-33.74841],[151.21279,-33.74816],[151.21274,-33.74787],[151.21263,-33.74767],[151.21255,-33.74734],[151.21257,-33.74728],[151.21257,-33.74712]],"dirt"],[1309314909,"footway","",[[151.23589,-33.75002],[151.23589,-33.75],[151.2359,-33.74998],[151.23588,-33.74993],[151.23587,-33.74988],[151.23586,-33.74986],[151.23583,-33.74985],[151.2358,-33.74985],[151.23577,-33.74983],[151.23576,-33.74981]],"dirt"],[1425317979,"footway","",[[151.23647,-33.7501],[151.23649,-33.75009],[151.2365,-33.75008],[151.23652,-33.75005],[151.23661,-33.7496],[151.23665,-33.74949],[151.2367,-33.74921],[151.23675,-33.74907],[151.23681,-33.74898],[151.23688,-33.74892],[151.23698,-33.74888],[151.23712,-33.74884],[151.23728,-33.74879],[151.23736,-33.74874],[151.23739,-33.74869],[151.23743,-33.74861],[151.23743,-33.74856],[151.23742,-33.7485],[151.23741,-33.74847],[151.2374,-33.74845]]],[1467976932,"footway","",[[151.22608,-33.75074],[151.2261,-33.75069],[151.22606,-33.75064],[151.22605,-33.75059],[151.22633,-33.74937],[151.22631,-33.74929],[151.22641,-33.74883],[151.22641,-33.74882],[151.22641,-33.7488]]],[1467976991,"footway","",[[151.21954,-33.74774],[151.21955,-33.74775],[151.21957,-33.74774],[151.2196,-33.74774],[151.21962,-33.74774],[151.22167,-33.74805],[151.22238,-33.74816],[151.2224,-33.74817],[151.22243,-33.74818],[151.22262,-33.74821],[151.22265,-33.74822],[151.22267,-33.74823],[151.22268,-33.74825],[151.22287,-33.74861],[151.22292,-33.74873],[151.22298,-33.74889],[151.22304,-33.74908],[151.22309,-33.74925],[151.22314,-33.74947],[151.22321,-33.74968],[151.22327,-33.74985],[151.22332,-33.74999],[151.2235,-33.75049],[151.2235,-33.75053],[151.22347,-33.75087],[151.22339,-33.75122],[151.22338,-33.75124],[151.22325,-33.75185],[151.22324,-33.75191],[151.2232,-33.75201],[151.22318,-33.75208],[151.22307,-33.75271],[151.22302,-33.75292],[151.223,-33.75294],[151.22297,-33.75294],[151.22293,-33.75294]]]],"nodeAttrs":{"-33.750000,151.235890":{"barrier":true}}}