{"v":2,"features":[[47386358,"residential","Viking Drive",[[152.92555,-27.6016],[152.92547,-27.60145],[152.92457,-27.60104],[152.92274,-27.60022],[152.92156,-27.59968]],"paved"],[66667109,"cycleway","Carole Park - Wacol Bikeway",[[152.92108,-27.59929],[152.92113,-27.5993],[152.92114,-27.59931],[152.92117,-27.59934],[152.92117,-27.59935],[152.92118,-27.59939],[152.92118,-27.59945],[152.92119,-27.59949],[152.92122,-27.59952],[152.92124,-27.59954],[152.92128,-27.59957],[152.92138,-27.59966],[152.92142,-27.59969],[152.92271,-27.60029],[152.92453,-27.60111],[152.92529,-27.60145],[152.92531,-27.60149],[152.92533,-27.60155],[152.92536,-27.60161],[152.92538,-27.60166],[152.92544,-27.6017],[152.92553,-27.60173],[152.92561,-27.60173],[152.92568,-27.60171],[152.92572,-27.60165],[152.92576,-27.60158],[152.9258,-27.60153],[152.92584,-27.60152],[152.92588,-27.6015],[152.92596,-27.60153],[152.92605,-27.6016],[152.92611,-27.60172],[152.92615,-27.6019],[152.92615,-27.60199],[152.92615,-27.60208],[152.92627,-27.6024],[152.92658,-27.60349],[152.9266,-27.60352],[152.9266,-27.60355]],"concrete"],[180751993,"unclassified","Clendon Street",[[152.94411,-27.60202],[152.94413,-27.602],[152.94415,-27.60197],[152.94472,-27.59901],[152.94492,-27.59799]],"asphalt"],[815138224,"cycleway","",[[152.94633,-27.59843],[152.94625,-27.59883],[152.94622,-27.59893],[152.94617,-27.59904],[152.94609,-27.59927],[152.94604,-27.59944],[152.94568,-27.60067],[152.94562,-27.60085],[152.94553,-27.60116],[152.94545,-27.60142],[152.94535,-27.60167],[152.94534,-27.60184],[152.94527,-27.6019],[152.94523,-27.60197],[152.94523,-27.60209],[152.94529,-27.60232],[152.94532,-27.60247],[152.94532,-27.60254],[152.94529,-27.60265],[152.94521,-27.60281],[152.94513,-27.60296],[152.94508,-27.60315],[152.94489,-27.60396],[152.94489,-27.60403],[152.94492,-27.60408],[152.94503,-27.60413]],"concrete"],[902502638,"unclassified","Orford Drive",[[152.91283,-27.59993],[152.91255,-27.60075],[152.91253,-27.60079],[152.9125,-27.60082]]],[1125293278,"cycleway","",[[152.94523,-27.59772],[152.94512,-27.59772],[152.94509,-27.59779],[152.94509,-27.59792],[152.94504,-27.59815],[152.94494,-27.59851],[152.9449,-27.59875],[152.94484,-27.59924],[152.94471,-27.59983],[152.94465,-27.60008],[152.94461,-27.60024],[152.94457,-27.60043],[152.94453,-27.60065],[152.94451,-27.60086],[152.94447,-27.60114],[152.94438,-27.60151],[152.94412,-27.60278],[152.94412,-27.60288],[152.94412,-27.60317],[152.9441,-27.60332],[152.94404,-27.60367],[152.94399,-27.60403]],"concrete"],[1187158474,"secondary","Boundary Road",[[152.93315,-27.5992],[152.93294,-27.60032],[152.93269,-27.60165],[152.93265,-27.60186],[152.93249,-27.6027]],"paved"],[1227066117,"footway","",[[152.92716,-27.6034],[152.9273,-27.60335],[152.92737,-27.60331],[152.9274,-27.60327],[152.92741,-27.60322],[152.92863,-27.59688]]],[1227066128,"footway","",[[152.93299,-27.5996],[152.93289,-27.6001],[152.93289,-27.60016],[152.93287,-27.60025],[152.93257,-27.60184],[152.93235,-27.60302]]]]}