{"v":2,"features":[[13527746,"residential","Wedgetail Street",[[152.98623,-27.59845],[152.98624,-27.5985],[152.98622,-27.59857],[152.98523,-27.6005],[152.98501,-27.60093],[152.98498,-27.601],[152.98497,-27.60108],[152.98491,-27.60286],[152.9849,-27.60324],[152.98491,-27.60339],[152.98494,-27.60356],[152.9851,-27.60423],[152.98511,-27.60427]],"paved"],[13528651,"residential","Spoonbill Street",[[152.9876,-27.60378],[152.98758,-27.6037],[152.98757,-27.60369],[152.98751,-27.60342],[152.98751,-27.60329],[152.98753,-27.60313],[152.98768,-27.60237],[152.9877,-27.60227],[152.9877,-27.60219],[152.98748,-27.60119],[152.98714,-27.59978],[152.98694,-27.59898],[152.9868,-27.59843],[152.98678,-27.59834]],"asphalt"],[13528719,"residential","Warbler Street",[[152.98568,-27.60272],[152.98567,-27.60264],[152.9857,-27.602],[152.98574,-27.60118],[152.98576,-27.60107],[152.98591,-27.60079],[152.98623,-27.60017],[152.9863,-27.60003],[152.98678,-27.59907],[152.98694,-27.59898]],"paved"],[13948134,"residential","Octans Street",[[152.96966,-27.60524],[152.96964,-27.60516],[152.96946,-27.60442],[152.96927,-27.60347],[152.96913,-27.60292],[152.96903,-27.60248],[152.96899,-27.60229],[152.96891,-27.60196],[152.96851,-27.60027],[152.96839,-27.59977],[152.96835,-27.59972]],"asphalt"],[13949106,"residential","Thrush Street",[[152.97591,-27.6031],[152.97574,-27.60246],[152.97573,-27.60242],[152.97569,-27.60219],[152.97569,-27.60206],[152.97572,-27.60191],[152.97583,-27.60166],[152.97586,-27.60157],[152.97609,-27.601],[152.97694,-27.59888],[152.97714,-27.59839],[152.97719,-27.59828],[152.9772,-27.59824],[152.97722,-27.59821],[152.97726,-27.5981]],"paved"],[13949316,"residential","Swallow Street",[[152.97255,-27.60373],[152.97264,-27.60372],[152.97333,-27.6036],[152.97408,-27.60345],[152.97591,-27.6031],[152.97678,-27.60294],[152.97696,-27.6029],[152.97708,-27.60288],[152.97718,-27.60283],[152.97737,-27.60268],[152.97761,-27.6025],[152.97765,-27.60243],[152.97777,-27.60215],[152.97783,-27.60199],[152.97833,-27.60076],[152.9784,-27.60062],[152.97844,-27.60054],[152.9785,-27.60038],[152.97854,-27.60029],[152.97912,-27.59887],[152.97921,-27.59861],[152.97924,-27.59851],[152.97923,-27.59841],[152.97915,-27.59812],[152.97914,-27.59807],[152.97911,-27.59794]],"paved"],[13949555,"service","",[[152.97199,-27.59998],[152.97239,-27.60011],[152.97262,-27.60013],[152.97283,-27.60016],[152.9729,-27.60017],[152.97292,-27.60017],[152.97298,-27.60018],[152.97303,-27.60019],[152.97314,-27.60022],[152.97331,-27.60028],[152.97343,-27.60032],[152.97345,-27.60033],[152.97347,-27.60034],[152.97359,-27.6004],[152.97371,-27.60048],[152.97381,-27.60054],[152.97405,-27.60067],[152.97437,-27.60078]],"asphalt"],[13949856,"residential","Goldfinch Street",[[152.97408,-27.60345],[152.97416,-27.60383],[152.97424,-27.60394],[152.97433,-27.60402],[152.97448,-27.60407],[152.97465,-27.60406],[152.97499,-27.60401],[152.97687,-27.60365],[152.97693,-27.60364],[152.97768,-27.60349],[152.97778,-27.60345],[152.97798,-27.60329],[152.9782,-27.60311],[152.97826,-27.60304],[152.97852,-27.60238],[152.97855,-27.60232],[152.97923,-27.60062],[152.97984,-27.59911],[152.98002,-27.59869],[152.98007,-27.59862],[152.98016,-27.59856],[152.98073,-27.59846],[152.9813,-27.59836],[152.9814,-27.59836],[152.98167,-27.59844],[152.98171,-27.59846],[152.98176,-27.59847]],"paved"],[13950011,"residential","Sanderling Street",[[152.97333,-27.6036],[152.97345,-27.60407],[152.97351,-27.60421],[152.97366,-27.60442],[152.97374,-27.60449],[152.97392,-27.60459],[152.97406,-27.60467],[152.97417,-27.60471],[152.97451,-27.60476],[152.97465,-27.60476],[152.97516,-27.60467],[152.97703,-27.60431],[152.97709,-27.6043],[152.97821,-27.60409],[152.97832,-27.60405],[152.97856,-27.60387],[152.97877,-27.60371],[152.97881,-27.60364],[152.97924,-27.60262],[152.97927,-27.60255],[152.97941,-27.60221],[152.97979,-27.60125],[152.97995,-27.60087],[152.98075,-27.5989],[152.98075,-27.59878],[152.98073,-27.59846]],"paved"],[23299218,"tertiary","Government Road",[[152.95986,-27.59912],[152.95973,-27.59914],[152.95969,-27.59915],[152.95964,-27.59916],[152.95931,-27.59922],[152.95912,-27.59926],[152.95713,-27.59962],[152.95667,-27.59971],[152.95581,-27.59987],[152.95453,-27.6001],[152.95432,-27.60014],[152.95399,-27.6002],[152.95373,-27.60025],[152.95347,-27.60029],[152.95321,-27.60034],[152.95301,-27.60038],[152.95268,-27.60044],[152.95257,-27.60046],[152.95194,-27.60058],[152.9514,-27.60069],[152.95118,-27.60072],[152.95098,-27.60075],[152.95086,-27.60078],[152.95071,-27.6008],[152.95053,-27.60088]],"paved"],[23299590,"residential","Formax Street",[[152.96891,-27.60196],[152.96825,-27.60208],[152.96819,-27.60206],[152.96815,-27.60203],[152.96779,-27.6005],[152.96763,-27.59983]],"asphalt"],[23299650,"residential","Columba Street",[[152.96835,-27.59972],[152.96828,-27.59971],[152.96763,-27.59983],[152.9667,-27.60001],[152.96615,-27.60011],[152.96569,-27.6002],[152.96422,-27.60048],[152.96369,-27.59837],[152.96329,-27.59845]],"asphalt"],[187175093,"residential","Finetti Circuit",[[152.9887,-27.6005],[152.98879,-27.60056],[152.98889,-27.60102],[152.98896,-27.60114],[152.98937,-27.60121],[152.98956,-27.60122],[152.98992,-27.6013],[152.99003,-27.60128],[152.99013,-27.60112],[152.99042,-27.60089],[152.9905,-27.60066],[152.99046,-27.60029],[152.9904,-27.6002],[152.98874,-27.59993],[152.98866,-27.59996],[152.98863,-27.60006],[152.98873,-27.60041],[152.9887,-27.6005]],"asphalt"],[187175104,"residential","Wedgetail Street",[[152.98486,-27.60432],[152.9847,-27.60361],[152.98464,-27.60339],[152.98463,-27.60328],[152.98464,-27.60293],[152.98473,-27.601],[152.98474,-27.60091],[152.98478,-27.60082],[152.98501,-27.60037],[152.98538,-27.59967],[152.98587,-27.59871],[152.98588,-27.59862],[152.98586,-27.59851]],"paved"],[198425028,"tertiary","Corsair Avenue",[[152.97422,-27.60115],[152.97423,-27.60113],[152.97425,-27.60109],[152.97427,-27.60101],[152.97431,-27.60092],[152.97437,-27.60078],[152.97455,-27.60031],[152.97465,-27.60006],[152.97468,-27.59999]],"asphalt"],[198564595,"residential","Archerfield Road",[[152.96038,-27.60469],[152.95994,-27.60276],[152.95956,-27.60114],[152.9595,-27.60087],[152.95948,-27.6006],[152.95949,-27.60042],[152.9595,-27.60029],[152.95953,-27.60015],[152.95957,-27.60002],[152.95966,-27.59976],[152.95971,-27.59959],[152.95974,-27.59951]],