{"v":2,"features":[[34988428,"unclassified","Sherbrooke Road",[[153.00421,-27.5993],[153.00401,-27.59952],[153.00391,-27.59973],[153.00326,-27.60318],[153.00324,-27.6033],[153.00323,-27.60337],[153.00318,-27.60359],[153.00315,-27.60371],[153.00306,-27.60412],[153.00303,-27.60424],[153.00292,-27.60483],[153.00287,-27.60506],[153.00285,-27.60514],[153.00273,-27.60545],[153.00241,-27.60629],[153.00218,-27.60696]],"paved"],[38664854,"footway","",[[153.03703,-27.59985],[153.03699,-27.60008]]],[42335856,"residential","Tallowood Way",[[153.04388,-27.59913],[153.04395,-27.59914],[153.04416,-27.59916],[153.04432,-27.59914],[153.04441,-27.59912],[153.04449,-27.59912],[153.04461,-27.59917],[153.0449,-27.59921],[153.04499,-27.59924],[153.04504,-27.5993],[153.04517,-27.59958],[153.04523,-27.59981],[153.04527,-27.59999],[153.04549,-27.60009],[153.04569,-27.60015],[153.04579,-27.60015],[153.04587,-27.60012],[153.04593,-27.60006],[153.04595,-27.59992],[153.04596,-27.59983],[153.0461,-27.59976],[153.04637,-27.59975],[153.04655,-27.59965],[153.04665,-27.59959],[153.04724,-27.59942],[153.04745,-27.59935],[153.04757,-27.59928],[153.04765,-27.59919],[153.04776,-27.59908]],"asphalt"],[42335857,"residential","Tuckeroo Place",[[153.04452,-27.59995],[153.04464,-27.59995],[153.04489,-27.60004],[153.04502,-27.60007],[153.04517,-27.60003],[153.04527,-27.59999]],"asphalt"],[42335861,"residential","Brushbox Crescent",[[153.04655,-27.59965],[153.04675,-27.59987],[153.04686,-27.59995],[153.04693,-27.60005],[153.047,-27.60007],[153.04709,-27.60005],[153.04741,-27.5998],[153.04742,-27.59974],[153.04742,-27.59966],[153.04726,-27.59949],[153.04724,-27.59942]],"asphalt"],[46418390,"service","",[[153.00437,-27.59937],[153.00452,-27.59953],[153.00479,-27.59984],[153.00514,-27.60023],[153.00541,-27.60051],[153.00569,-27.60079],[153.0058,-27.60088]],"asphalt"],[189036787,"service","",[[153.00802,-27.60013],[153.00818,-27.60007],[153.00845,-27.59996]],"asphalt"],[189036788,"service","",[[153.00762,-27.60033],[153.00774,-27.60028],[153.00802,-27.60013],[153.00776,-27.59969]],"asphalt"],[213910086,"residential","Delathin Road",[[153.03651,-27.59976],[153.03666,-27.59974],[153.03678,-27.59975],[153.03702,-27.59979],[153.03721,-27.5998],[153.03735,-27.59981],[153.03764,-27.59984],[153.03811,-27.59995],[153.03913,-27.6001],[153.03923,-27.60013],[153.03933,-27.60017],[153.03944,-27.60023],[153.0395,-27.60028],[153.0396,-27.60038],[153.03965,-27.60046],[153.03969,-27.60056],[153.0397,-27.60065],[153.0397,-27.60073]],"asphalt"],[323000542,"cycleway","",[[153.04826,-27.60243],[153.04818,-27.60236],[153.04814,-27.60231],[153.04805,-27.60223],[153.04796,-27.60215],[153.04793,-27.60212],[153.04792,-27.6021],[153.04792,-27.60208],[153.04793,-27.60203],[153.04794,-27.60196],[153.04794,-27.60182],[153.04795,-27.60166],[153.04796,-27.6016],[153.04797,-27.60155],[153.04802,-27.60143],[153.04805,-27.60133],[153.04806,-27.60129],[153.04807,-27.60124],[153.04806,-27.60114],[153.04806,-27.60109],[153.04805,-27.60105],[153.04805,-27.601],[153.04807,-27.60094],[153.0481,-27.60088],[153.04815,-27.60081],[153.04818,-27.60078],[153.0482,-27.60075],[153.0482,-27.60068],[153.04821,-27.60063],[153.04822,-27.60058],[153.04831,-27.60046],[153.04841,-27.60031],[153.04844,-27.60025],[153.04846,-27.6002],[153.04849,-27.60016],[153.04855,-27.60012],[153.04869,-27.60005],[153.04873,-27.6],[153.0488,-27.5999],[153.04886,-27.59972],[153.04888,-27.5997],[153.0489,-27.59968],[153.04893,-27.59966],[153.04897,-27.59964],[153.04907,-27.59952],[153.0492,-27.59934],[153.04927,-27.59924],[153.0493,-27.59921],[153.04939,-27.59913],[153.04955,-27.59901],[153.04967,-27.59886],[153.04973,-27.59877],[153.04975,-27.5987],[153.04984,-27.59842],[153.04985,-27.59838],[153.04979,-27.59835],[153.04975,-27.59833],[153.04973,-27.59831],[153.04973,-27.59828]]],[570307174,"tertiary","Paradise Road",[[153.02651,-27.60512],[153.02665,-27.60444],[153.02673,-27.60399],[153.02713,-27.60184],[153.02721,-27.60143],[153.02757,-27.59952],[153.02763,-27.59921],[153.02774,-27.59862]],"asphalt"],[582842839,"tertiary","Gooderham Road",[[153.01188,-27.5992],[153.01181,-27.59964],[153.01129,-27.60233],[153.01127,-27.6024],[153.01097,-27.60402]],"asphalt"],[969187108,"residential","Fenwick Crescent",[[153.0327,-27.59922],[153.03264,-27.59929],[153.03262,-27.59931],[153.03261,-27.59933],[153.0324,-27.6005],[153.0324,-27.60053],[153.0324,-27.60055],[153.03249,-27.60087],[153.0325,-27.6009],[153.03261,-27.60109],[153.03264,-27.60112],[153.03267,-27.60114],[153.03271,-27.60115],[153.03291,-27.60118],[153.03296,-27.60118],[153.03299,-27.60117],[153.03302,-27.60115],[153.03304,-27.60112],[153.03305,-27.60108],[153.03319,-27.60033],[153.0332,-27.60031],[153.03321,-27.60029],[153.0332,-27.60019],[153.0332,-27.60018],[153.03321,-27.60016],[153.03322,-27.60015],[153.03322,-27.60014],[153.03335,-27.59945],[153.03334,-27.59939],[153.03333,-27.59936],[153.03331,-27.59932]],"asphalt"],[1007184483,"footway","",[[153.04406,-27.59766],[153.04392,-27.59843],[153.04384,-27.59887],[153.04378,-27.59919],[153.04371,-27.59959],[153.04364,-27.59999],[153.04362,-27.60009],[153.04359,-27.60023],[153.04358,-27.60033],[153.04356,-27.60047],[153.04354,-27.6006],[153.04352,-27.60069],[153.04347,-27.60091],[153.04342,-27.6012],[153.04339,-27.60132]],