{"v":2,"features":[[22873244,"tertiary","Hillcrest Street",[[153.05657,-27.59921],[153.05657,-27.59926],[153.05656,-27.59931],[153.05656,-27.59934],[153.05633,-27.6006],[153.0562,-27.60132],[153.05599,-27.60254],[153.05593,-27.60285],[153.05589,-27.60295],[153.05581,-27.60307],[153.05576,-27.60312],[153.05567,-27.60317],[153.05546,-27.6032],[153.05497,-27.60313]],"asphalt"],[23841324,"residential","Victor Street",[[153.08029,-27.60311],[153.08038,-27.60313],[153.08057,-27.60316],[153.0807,-27.60315],[153.08108,-27.60301],[153.08139,-27.60289],[153.08147,-27.60279],[153.08158,-27.60277],[153.08202,-27.60261],[153.08211,-27.60257],[153.08217,-27.60254],[153.08226,-27.60249],[153.0823,-27.60244],[153.08287,-27.60143],[153.08297,-27.60086],[153.08289,-27.60067],[153.08274,-27.60053],[153.08218,-27.60018],[153.08097,-27.6],[153.0809,-27.59999]],"asphalt"],[24750493,"residential","Byron Street",[[153.06775,-27.59895],[153.06777,-27.59908],[153.0677,-27.59948],[153.06756,-27.60027],[153.06753,-27.6005],[153.06756,-27.60071],[153.06762,-27.6008]],"asphalt"],[24750551,"service","Regency Heights",[[153.07488,-27.59975],[153.07481,-27.60013],[153.07482,-27.60018],[153.07486,-27.60021],[153.07504,-27.60029],[153.07528,-27.60029],[153.0754,-27.60031],[153.07546,-27.60029],[153.07558,-27.60022],[153.07575,-27.59989],[153.07581,-27.59986],[153.07589,-27.59986],[153.07597,-27.5999],[153.07631,-27.59996]]],[24750555,"service","Regency Heights",[[153.07617,-27.60036],[153.07625,-27.6002],[153.07628,-27.6001],[153.07631,-27.59996],[153.07634,-27.59984]]],[24750790,"residential","Peppercorn Street",[[153.05989,-27.59968],[153.05987,-27.59977],[153.05976,-27.60037],[153.05969,-27.60074],[153.05952,-27.60171],[153.05928,-27.60306],[153.05909,-27.60405],[153.05897,-27.6047],[153.05895,-27.60475],[153.05889,-27.60479],[153.05878,-27.60478],[153.05871,-27.60476],[153.05816,-27.60467],[153.05771,-27.60458],[153.05679,-27.60445],[153.05672,-27.60445],[153.05664,-27.60446],[153.05658,-27.6045],[153.05653,-27.60455],[153.0565,-27.60462],[153.05646,-27.6048],[153.05647,-27.6049],[153.05648,-27.60498],[153.05654,-27.60507],[153.05663,-27.60514],[153.05676,-27.60522],[153.05694,-27.60525]],"asphalt"],[32481832,"residential","Cavendish Place",[[153.05091,-27.60063],[153.05043,-27.60056],[153.05037,-27.60052],[153.05034,-27.60046],[153.05037,-27.60002],[153.0504,-27.59995],[153.05048,-27.59989]],"asphalt"],[70954092,"cycleway","",[[153.09566,-27.59752],[153.09562,-27.59759],[153.09561,-27.59762],[153.09553,-27.5978],[153.09551,-27.5979],[153.09551,-27.59793],[153.09552,-27.59803],[153.09555,-27.59827],[153.09555,-27.59837],[153.09555,-27.59846],[153.09553,-27.59856],[153.0955,-27.59863],[153.09546,-27.59872],[153.09544,-27.59879],[153.09543,-27.59891],[153.09544,-27.59897],[153.09547,-27.59904],[153.09552,-27.59914],[153.09559,-27.59931],[153.0956,-27.59936],[153.09557,-27.59983],[153.09556,-27.59987],[153.09551,-27.59998],[153.09549,-27.60007],[153.09548,-27.60016],[153.09549,-27.60025],[153.09553,-27.60038],[153.09553,-27.60044],[153.09552,-27.60048],[153.0955,-27.60053],[153.09547,-27.60059],[153.09542,-27.60063],[153.09534,-27.60068],[153.09529,-27.60072],[153.09525,-27.60077],[153.09523,-27.60083],[153.09521,-27.60089],[153.09517,-27.60093],[153.0951,-27.60099],[153.09505,-27.60106],[153.09503,-27.60109],[153.09502,-27.60112],[153.09498,-27.60122],[153.09496,-27.60125],[153.09492,-27.6013],[153.09478,-27.60141],[153.09446,-27.60163]],"concrete"],[109353352,"track","",[[153.09076,-27.59862],[153.09074,-27.5987],[153.0907,-27.59876],[153.09059,-27.60005],[153.09064,-27.60019],[153.09071,-27.60022]]],[148910826,"service","",[[153.07009,-27.60004],[153.07043,-27.60008],[153.07052,-27.60006],[153.07063,-27.60012],[153.07101,-27.60017],[153.0711,-27.60013],[153.07117,-27.60006],[153.07121,-27.59985],[153.07121,-27.5998],[153.07092,-27.59944]],"asphalt"],[149093657,"footway","",[[153.07801,-27.59984],[153.07814,-27.59984],[153.07821,-27.59985],[153.07839,-27.59996],[153.07853,-27.60002],[153.07874,-27.60007],[153.07889,-27.6001],[153.07907,-27.60012],[153.07913,-27.60013],[153.07915,-27.60017]],"concrete"],[213907864,"residential","Holmewood Street",[[153.0862,-27.6002],[153.08607,-27.60019],[153.08592,-27.60021],[153.0858,-27.60024],[153.08577,-27.60025],[153.08574,-27.60026],[153.08567,-27.6003],[153.08544,-27.60043],[153.08524,-27.60056],[153.08507,-27.60067],[153.08499,-27.60071],[153.08489,-27.60073],[153.08478,-27.60073],[153.08466,-27.60068],[153.08439,-27.60053],[153.08427,-27.60043],[153.08419,-27.60035],[153.08413,-27.60026],[153.08409,-27.60017],[153.08406,-27.60008],[153.08404,-27.59997],[153.08406,-27.59975],[153.08409,-27.59941],[153.08404,-27.59925],[153.08395,-27.59914],[153.08381,-27.59904],[153.08339,-27.59898],[153.08329,-27.59897]],"paved"],[763958422,"primary","Calam Road",[[153.05855,-27.5997],[153.0585,-27.59998],[153.05846,-27.60018],[153.05842,-27.60032],[153.0583,-27.60064],[153.05811,-27.60097],[153.05783,-27.60133],[153.05626,-27.60302]],"asphalt"],[794467052,"primary","Pinelands Road",[[153.05765,-27.60134],[153.05786,-27.60111],[153.05795,-27.60098],[153.05805,-27.60084],[153.05815,-27.60066],[153.05822,-27.60048],[153.05829,-27.60029],[153.05833,-27.60011],[153.05836,-27.59992]],"paved"],[844716626,"footway","",[[153.08321,-27.59986],[153.08331,-27.59992],[153.08345,-27.6],[153.08341,-27.60007],[153.08338,-27.60011],[153.08336,-27.60014],[153.08334,-27.60017]]],[1049174394,"footway","",[[153.06397,-27.60017],[153.06392,-27.60019],[153.06276,-27.60003],[153.06199,-27.59991]],"concrete"],[1049174418,"footway","",[[153.06501,-27.60044],[153.06511,-27.60046],[153.06562,-27.60053],[153.06567,-27.60052],[153.0657,-27.60049],[153.06571,-27.60044],[153.06609,-27.59836],[153.06609,-27.59833]],"concrete"],[1232638546,"footway","",[[153.05869,-27.59965],[153.0587,-27.59967],[153.05866,-27.59969],[153.05864,-27.59973],[153.05857,-27.60003],[153.05853,-27.60019],[153.05851,-27.60029],[153.05844,-27.60049],[153.05837,-27.60066],[153.05828,-27.60082],[153.05811,-27.60109],[153.05796,-27.60127],[153.05784,-27.6014],[153.05767,-27.60159],[153.0574,-27.60188],[153.05716,-27.60215],[153.05678,-27.60255],[153.05644,-27.60293],[153.05641,-27.60296]]],[1234536133,"footway","",[[153.05823,-27.59958],[153.05828,-27.59969],[153.05829,-27.59973],[153.05829,-27.59978],[153.05829,-27.59982],[153.05814,-27.60041],[153.05809,-27.60052],[153.058,-27.6007],[153.05791,-27.60086],[153.05782,-27.60102],[153.05756,-27.60132],[153.05671,-27.6022],[153.05668,-27.60223],[153.05665,-27.60226],[153.05636,-27.60258],[153.05627,-27.60266],[153.05601,-27.60297],[153.05599,-27.60299],[153.05589,-27.60313],[153.05584,-27.60318],[153.05583,-27.6032],[153.05582,-27.60322],[153.05579,-27.60325],[153.05578,-27.60328],[153.05572,-27.6034],[153.05565,-27.60354],[153.0556,-27.60369],[153.05556,-27.6038],[153.05554,-27.60393],[153.05552,-27.60409],[153.05549,-27.60426],[153.05543,-27.60459],[153.0554,-27.60473],[153.05536,-27.60494],[153.05531,-27.6052],[153.05524,-27.60555],[153.05518,-27.60581],[153.05516,-27.60586],[153.05514,-27.6059],[153.05511,-27.60594],[153.05508,-27.60596],[153.0551,-27.60599]]]],"nodeAttrs":{"-27.600200,153.064070":{"crossingMarked":true},"-27.600440,153.064930":{"crossingUnmarked":true},"-27.600170,153.064080":{"trafficSignal":true},"-27.605200,153.075720":{"crossingUnmarked":true},"-27.603130,153.080380":{"crossingUnmarked":true},"-27.600000,153.080970":{"crossingUnmarked":true}}}