{"v":2,"features":[[24204111,"residential","Koobil Street",[[153.12675,-27.60128],[153.12676,-27.60124],[153.12676,-27.60123],[153.12683,-27.60088],[153.12686,-27.60066],[153.12691,-27.60041],[153.12692,-27.60033],[153.12711,-27.59923],[153.12732,-27.5981]],"asphalt"],[24533484,"residential","Chamberlain Avenue",[[153.11689,-27.59936],[153.11677,-27.60005],[153.11674,-27.60023],[153.11669,-27.60048],[153.11668,-27.60056],[153.11661,-27.60095],[153.11659,-27.60108],[153.11659,-27.60111],[153.1166,-27.60115]],"asphalt"],[24533489,"residential","Tolverne Street",[[153.11674,-27.60023],[153.11711,-27.60029],[153.12019,-27.60072],[153.12026,-27.60071],[153.12031,-27.60068],[153.12035,-27.60063],[153.12041,-27.60027],[153.12041,-27.59983]],"asphalt"],[24788897,"residential","Stiller Drive",[[153.09924,-27.60343],[153.09931,-27.60305],[153.09947,-27.60215],[153.0995,-27.60209],[153.09955,-27.60205],[153.0996,-27.60203],[153.09968,-27.60204],[153.10038,-27.60213],[153.10047,-27.60214],[153.10052,-27.60213],[153.10056,-27.60211],[153.10059,-27.60207],[153.10061,-27.60203],[153.10061,-27.60202],[153.10064,-27.60192],[153.10068,-27.60177],[153.10069,-27.60144],[153.10071,-27.60078],[153.10072,-27.60064],[153.10074,-27.6004],[153.10079,-27.60008],[153.10085,-27.59976],[153.10093,-27.59938],[153.10095,-27.59929],[153.10096,-27.59925],[153.10098,-27.59922],[153.10101,-27.59918],[153.10103,-27.59916],[153.10109,-27.59913],[153.10136,-27.59896],[153.10149,-27.59884],[153.10179,-27.59854],[153.10187,-27.59843],[153.10194,-27.59831],[153.10197,-27.59823],[153.102,-27.5981],[153.10206,-27.5978],[153.10214,-27.59721],[153.10214,-27.59719],[153.10215,-27.59716]],"asphalt"],[26347545,"residential","Stellaris Way",[[153.14131,-27.5994],[153.14126,-27.59944],[153.14123,-27.59946],[153.14097,-27.59963],[153.14082,-27.59971],[153.14067,-27.59977],[153.14046,-27.59987],[153.1403,-27.59994],[153.14012,-27.60003],[153.13997,-27.60013],[153.13979,-27.60027],[153.13965,-27.60041],[153.13949,-27.60059],[153.13918,-27.60095],[153.13911,-27.60103],[153.13905,-27.60108],[153.13891,-27.60115],[153.13888,-27.60116]],"asphalt"],[26347549,"tertiary","Exilis Street",[[153.14436,-27.6019],[153.14428,-27.60182],[153.1433,-27.60084],[153.14322,-27.60075],[153.14314,-27.60062],[153.14311,-27.60055],[153.14309,-27.60048],[153.14308,-27.60042],[153.14308,-27.60035],[153.14308,-27.6003],[153.14309,-27.60025],[153.1431,-27.60021],[153.14312,-27.60015],[153.14316,-27.60006],[153.14319,-27.60001],[153.14322,-27.59998],[153.14329,-27.59991],[153.14331,-27.59988]],"asphalt"],[26347807,"residential","Green Way",[[153.13385,-27.59892],[153.13372,-27.59968],[153.13365,-27.60012],[153.1336,-27.6004],[153.13348,-27.60113]],"asphalt"],[26810475,"residential","Louise Street",[[153.11099,-27.60498],[153.11096,-27.60494],[153.11095,-27.60489],[153.11088,-27.6036],[153.11089,-27.60341],[153.11085,-27.60269],[153.11087,-27.60255],[153.11098,-27.60232],[153.111,-27.60222],[153.111,-27.60209],[153.111,-27.60177],[153.11097,-27.60111],[153.11097,-27.60101],[153.11103,-27.60032],[153.11104,-27.60002],[153.11105,-27.59992],[153.11103,-27.59983],[153.1109,-27.59945],[153.11069,-27.59877],[153.11066,-27.59866],[153.11066,-27.59857],[153.11067,-27.59847],[153.11075,-27.59803]],"asphalt"],[27007480,"residential","Malanda Street",[[153.13739,-27.59942],[153.13728,-27.59996],[153.13717,-27.60024],[153.13693,-27.60162]],"asphalt"],[66833106,"footway","",[[153.15041,-27.60459],[153.15038,-27.60444],[153.15019,-27.60432],[153.14975,-27.60407],[153.14972,-27.604],[153.14963,-27.60384],[153.14958,-27.60375],[153.14957,-27.60364],[153.14952,-27.60353],[153.14945,-27.60345],[153.14937,-27.60341],[153.14928,-27.60338],[153.14918,-27.60334],[153.14909,-27.60326],[153.14898,-27.60318],[153.14886,-27.6031],[153.14865,-27.60297],[153.1485,-27.60286],[153.14821,-27.6026],[153.1481,-27.60251],[153.14805,-27.6025],[153.14799,-27.60247],[153.14752,-27.60231],[153.14678,-27.60206],[153.14664,-27.60198],[153.14656,-27.60195],[153.14649,-27.60192],[153.14631,-27.60185],[153.14614,-27.60179],[153.14608,-27.60179],[153.14601,-27.60181],[153.14587,-27.60176],[153.1458,-27.60167],[153.14544,-27.60155],[153.14535,-27.60151],[153.14524,-27.60144],[153.14516,-27.60137],[153.145,-27.60121],[153.14491,-27.60113],[153.14477,-27.60115],[153.14466,-27.60103],[153.14433,-27.60069],[153.14393,-27.6003],[153.14377,-27.60012],[153.14366,-27.59999],[153.14361,-27.59993],[153.1436,-27.59992],[153.14356,-27.59985],[153.14354,-27.5998],[153.14351,-27.59976],[153.14346,-27.59972],[153.14343,-27.5997],[153.14339,-27.59969],[153.14311,-27.59952],[153.14302,-27.59948],[153.14288,-27.59945],[153.14281,-27.59944],[153.14263,-27.59943],[153.1423,-27.59947],[153.14209,-27.5995]],"concrete"],[66834522,"footway","",[[153.14637,-27.59859],[153.14635,-27.59866],[153.14629,-27.5988],[153.14626,-27.5989],[153.14629,-27.59902],[153.14634,-27.5991],[153.14647,-27.59924],[153.14675,-27.59953],[153.14681,-27.59963],[153.14691,-27.59981],[153.14696,-27.59988],[153.14699,-27.5999],[153.14702,-27.59992],[153.14704,-27.59996],[153.14705,-27.59999],[153.14702,-27.60017],[153.14701,-27.60022],[153.147,-27.60027],[153.147,-27.60028],[153.14699,-27.60029],[153.14699,-27.60032],[153.14697,-27.60043],[153.14694,-27.60047],[153.14687,-27.60049],[153.14685,-27.6005],[153.14679,-27.60052],[153.14674,-27.60055],[153.14662,-27.60048],[153.14656,-27.60047],[153.14653,-27.60047],[153.14651,-27.60046],[153.14638,-27.60039],[153.1463,-27.60036],[153.14627,-27.60036],[153.14624,-27.60036],[153.14621,-27.60036],[153.14616,-27.60038],[153.14609,-27.60042],[153.14602,-27.60047],[153.14591,-27.60071],[153.14588,-27.60078],[153.14583,-27.60082],[153.14576,-27.60083],[153.14565,-27.60085],[153.14556,-27.60087],[153.14549,-27.60089],[153.14543,-27.60092],[153.14534,-27.60097],[153.14531,-27.601]],"concrete"],[67601500,"residential","Frankcom Drive",[[153.10961,-27.59869],[153.1097,-27.59879],[153.10972,-27.59886],[153.10983,-27.59919],[153.10989,-27.59936],[153.10994,-27.59954],[153.10997,-27.59967],[153.10999,-27.59977],[153.11001,-27.59994],[153.11002,-27.60009],[153.11006,-27.60065],[153.11008,-27.60095],[153.11008,-27.60129],[153.11008,-27.60147],[153.11009,-27.6018],[153.1101,-27.60188],[153.11011,-27.60199],[153.11012,-27.6021],[153.11013,-27.60243],[153.11016,-27.60342],[153.11017,-27.60362]],"asphalt"],[289016706,"cycleway","",[[153.14209,-27.5995],[153.14208,-27.59955],[153.14209,-27.59959],[153.14209,-27.59964],[153.1421,-27.59967],[153.14192,-27.59969],[153.14174,-27.59975],[153.14163,-27.5998],[153.14154,-27.59984],[153.1414,-27.59993],[153.14123,-27.60001],[153.14115,-27.60008],[153.1411,-27.60015],[153.14102,-27.6002],[153.14081,-27.60029],[153.14064,-27.60035],[153.14055,-27.60037],[153.14013,-27.60065],[153.13979,-27.60097],[153.13945,-27.60129],[153.13929,-27.60152],[153.13842,-27.6027],[153.13837,-27.60281],[153.13835,-27.6029],[153.13823,-27.60345],[153.1382,-27.60353],[153.13819,-27.60358],[153.13823,-27.60358],[153.13822,-27.60366],[153.13822,-27.60366],[153.13821,-27.60375],[153.13814,-27.60378],[153.13805,-27.60385],[153.13794,-27.60394],[153.13779,-27.60409],[153.13774,-27.60415],[153.1377,-27.60422],[153.13767,-27.60432],[153.13754,-27.60502],[153.13753,-27.60509],[153.13753,-27.60517],[153.13753,-27.6052],[153.13754,-27.60525],[153.13773,-27.60587],[153.13779,-27.60605],[153.1378,-27.60614],[153.13779,-27.60624],[153.13771,-27.60672],[153.13768,-27.6069],[153.13765,-27.60703],[153.13744,-27.60727],[153.13736,-27.60731],[153.13731,-27.60731],[153.13724,-27.60731],[153.13714,-27.60729]],"concrete"],[445259435,"residential","Elisa Avenue",[[153.10528,-27.59995],[153.10653,-27.60012],[153.10663,-27.60016],[153.10674,-27.60015],[153.10709,-27.60019],[153.10715,-27.60019],[153.10719,-27.60017],[153.10721,-27.60013],[153.10725,-27.59986],[153.10723,-27.59959],[153.10719,-27.59951]],