{"v":2,"features":[[24801826,"tertiary","Priors Pocket Road",[[152.903,-27.60027],[152.90244,-27.59954],[152.90202,-27.59901],[152.90165,-27.59854],[152.90054,-27.59713],[152.89997,-27.59642],[152.8999,-27.59632],[152.89971,-27.59607],[152.89851,-27.59456],[152.89721,-27.59292],[152.89518,-27.59035],[152.89511,-27.5903],[152.89503,-27.59029],[152.89494,-27.5903],[152.89459,-27.59043],[152.89442,-27.59048],[152.89427,-27.5905],[152.89415,-27.59048],[152.89406,-27.59045],[152.89393,-27.59036],[152.89377,-27.59018],[152.89371,-27.5901],[152.89356,-27.58991],[152.89322,-27.58943],[152.8931,-27.58927],[152.89294,-27.58905],[152.89278,-27.58883],[152.89252,-27.5885],[152.89216,-27.58806],[152.89202,-27.58788],[152.89182,-27.58763],[152.89154,-27.58729],[152.88905,-27.58406],[152.88745,-27.58203],[152.88721,-27.58179],[152.88712,-27.58175],[152.88691,-27.58169],[152.88667,-27.58164],[152.88626,-27.5816],[152.886,-27.58159],[152.88565,-27.5816],[152.88445,-27.58162],[152.88411,-27.58158],[152.88388,-27.58148],[152.88266,-27.58064],[152.88191,-27.58017],[152.88099,-27.57962],[152.87867,-27.57814],[152.87829,-27.57791],[152.87809,-27.57778],[152.87788,-27.57763],[152.8778,-27.57757],[152.87764,-27.57745],[152.87745,-27.57723],[152.87734,-27.57711],[152.87719,-27.57689],[152.87714,-27.57682],[152.87656,-27.57579],[152.87653,-27.57574],[152.87625,-27.57524],[152.87597,-27.57478],[152.87567,-27.57425],[152.87542,-27.57384],[152.87525,-27.57357],[152.87513,-27.57336],[152.87512,-27.57334],[152.87511,-27.57331]],"paved"],[40888832,"cycleway","",[[152.90038,-27.56278],[152.90037,-27.56275],[152.90036,-27.56273],[152.90024,-27.56275],[152.90014,-27.56274],[152.90006,-27.56271],[152.90001,-27.56266],[152.89993,-27.56255],[152.89987,-27.56251],[152.89976,-27.56246],[152.89959,-27.56232],[152.89946,-27.5622],[152.89939,-27.56212],[152.89937,-27.56208],[152.89935,-27.56204],[152.89934,-27.56199],[152.89935,-27.56195],[152.89942,-27.56182],[152.89948,-27.56179],[152.8995,-27.56179],[152.89958,-27.56177],[152.89966,-27.56177]]]],"nodeAttrs":{"-27.575740,152.876530":{"barrier":true},"-27.596420,152.899970":{"barrier":true}}}