{"v":2,"features":[[22818812,"residential","Ogle Place",[[152.89933,-27.52965],[152.89935,-27.52961],[152.89944,-27.52941],[152.89951,-27.52935],[152.89982,-27.52917],[152.89988,-27.52911],[152.89989,-27.52906],[152.89991,-27.52882],[152.89994,-27.52876],[152.89998,-27.52871],[152.90004,-27.52868],[152.9004,-27.52853],[152.90048,-27.52849],[152.90051,-27.52845],[152.90052,-27.52838],[152.9005,-27.52821]],"paved"],[22871273,"primary","Moggill Road",[[152.89979,-27.5372],[152.8999,-27.53716],[152.90014,-27.53708]],"asphalt"],[24762674,"residential","Huntingdale Street",[[152.90547,-27.51764],[152.90547,-27.51783],[152.90602,-27.52001],[152.90628,-27.52096],[152.90631,-27.52122],[152.9063,-27.52147],[152.90623,-27.52169],[152.90603,-27.52201],[152.90562,-27.52257],[152.9055,-27.52271],[152.90538,-27.52283],[152.90523,-27.52292],[152.9051,-27.52298],[152.90488,-27.52302],[152.90414,-27.52294],[152.90368,-27.52284],[152.9031,-27.52276],[152.90247,-27.52281],[152.90042,-27.52303],[152.90027,-27.52305],[152.90004,-27.52305],[152.89976,-27.52298],[152.89948,-27.52285],[152.89936,-27.52277],[152.89723,-27.52111],[152.89697,-27.52085],[152.89687,-27.52071],[152.89674,-27.52048],[152.89672,-27.52036],[152.89672,-27.52015],[152.89682,-27.51983],[152.89731,-27.5188],[152.89738,-27.51867],[152.89767,-27.51825],[152.89778,-27.518],[152.89779,-27.51786],[152.89775,-27.51763],[152.89733,-27.51671],[152.89726,-27.51644],[152.89727,-27.51623],[152.89732,-27.51592],[152.89741,-27.51549],[152.89749,-27.51536],[152.89767,-27.51515]],"paved"],[1184369311,"primary","Moggill Road",[[152.90042,-27.53723],[152.90025,-27.53724],[152.90005,-27.53726],[152.89996,-27.53728],[152.89985,-27.5373],[152.89977,-27.53733]],"asphalt"]],"nodeAttrs":{"-27.528580,152.898350":{"crossingUnmarked":true},"-27.529610,152.899350":{"crossingUnmarked":true}}}