{"v":2,"features":[[24009450,"service","",[[152.89687,-27.4664],[152.8967,-27.46635],[152.89647,-27.46627],[152.8963,-27.46577],[152.89616,-27.46523],[152.89619,-27.46503],[152.89613,-27.46452],[152.89614,-27.46414],[152.89644,-27.46376],[152.89632,-27.46332],[152.89631,-27.4629],[152.89647,-27.46257],[152.89695,-27.46235],[152.89741,-27.46232],[152.89762,-27.46231],[152.89771,-27.46217],[152.89771,-27.46184],[152.89794,-27.46138],[152.89798,-27.46093],[152.89807,-27.46047],[152.89801,-27.46031],[152.89777,-27.46012],[152.89765,-27.45989],[152.89772,-27.45979],[152.8979,-27.45978],[152.89813,-27.45987],[152.89844,-27.45981],[152.89871,-27.45948],[152.89895,-27.45912],[152.8992,-27.45891],[152.89938,-27.45881],[152.89957,-27.45883],[152.89997,-27.4589],[152.90056,-27.4591]]],[24009458,"service","",[[152.89771,-27.46217],[152.89823,-27.46187],[152.89861,-27.46164],[152.89883,-27.4616],[152.89898,-27.46141],[152.8991,-27.46126],[152.89922,-27.46113],[152.89933,-27.46106],[152.89943,-27.46102],[152.89958,-27.46101],[152.89969,-27.46101],[152.89976,-27.46102],[152.89983,-27.46105],[152.8999,-27.4611],[152.89996,-27.46115],[152.90009,-27.46133],[152.90018,-27.46158],[152.90019,-27.46195],[152.90007,-27.4624],[152.8999,-27.46275]]],[166188484,"track","South Boundary Road",[[152.90936,-27.45623],[152.90884,-27.45614],[152.90845,-27.45636],[152.90784,-27.45662],[152.90724,-27.45697],[152.90696,-27.45705],[152.90679,-27.45708],[152.90661,-27.45705],[152.90646,-27.45698],[152.90625,-27.45679],[152.9061,-27.45675],[152.90592,-27.45675],[152.9056,-27.45689],[152.90556,-27.45694],[152.90553,-27.45701],[152.90552,-27.45709],[152.9056,-27.45725],[152.90566,-27.45742],[152.90559,-27.45762],[152.90546,-27.45775],[152.90532,-27.45786],[152.90515,-27.45812],[152.90497,-27.45834],[152.90451,-27.45859],[152.90393,-27.45889],[152.90339,-27.45903],[152.9029,-27.45911],[152.90241,-27.45909],[152.90205,-27.45898],[152.90187,-27.45889],[152.90161,-27.45861],[152.90151,-27.45857],[152.90137,-27.45858],[152.901,-27.4587],[152.90059,-27.45876],[152.89995,-27.45877],[152.89968,-27.45873],[152.89937,-27.4586],[152.89904,-27.45841],[152.89864,-27.45822],[152.89835,-27.45804],[152.8981,-27.45782],[152.89793,-27.45765],[152.89775,-27.45753],[152.89735,-27.45739],[152.89669,-27.45709],[152.89641,-27.45698],[152.89613,-27.45697],[152.89544,-27.45705],[152.89514,-27.45705],[152.89497,-27.45707],[152.89416,-27.45731],[152.8932,-27.45758],[152.89264,-27.45768],[152.89175,-27.45765],[152.89145,-27.4576],[152.89122,-27.4575],[152.89081,-27.45719],[152.89013,-27.45671],[152.89001,-27.45657],[152.88996,-27.45651],[152.88998,-27.45638],[152.89,-27.45629],[152.89008,-27.45615],[152.89031,-27.45589],[152.89072,-27.45553],[152.89091,-27.45536],[152.89111,-27.45526],[152.89143,-27.45521],[152.89159,-27.45513],[152.89164,-27.45504],[152.89162,-27.45477],[152.89151,-27.45444],[152.89105,-27.45385],[152.89092,-27.45366],[152.89077,-27.45312],[152.89075,-27.4529],[152.89081,-27.45262],[152.89094,-27.45237],[152.89103,-27.45225],[152.89117,-27.45218],[152.89174,-27.45198],[152.89196,-27.45175],[152.89194,-27.45159],[152.89173,-27.45112],[152.89145,-27.45066],[152.89132,-27.45059],[152.89123,-27.45059],[152.89117,-27.45059],[152.89062,-27.45081],[152.89036,-27.45083],[152.88978,-27.45069],[152.88929,-27.4507],[152.88912,-27.45066],[152.88879,-27.45054],[152.88863,-27.4505],[152.88826,-27.45056],[152.88808,-27.45056],[152.88738,-27.45028],[152.8872,-27.45027],[152.88679,-27.45034],[152.88643,-27.45048],[152.8859,-27.45071],[152.88497,-27.45104],[152.88449,-27.45117],[152.88442,-27.45121],[152.88418,-27.45131],[152.88394,-27.45137],[152.88366,-27.4514],[152.88325,-27.45138],[152.88284,-27.45129],[152.88254,-27.45122],[152.88236,-27.45121],[152.88215,-27.45118],[152.88202,-27.45114],[152.88188,-27.45105],[152.88153,-27.45078],[152.88118,-27.45058],[152.88098,-27.45038],[152.88093,-27.4503],[152.88088,-27.45007],[152.88092,-27.44988],[152.88105,-27.44964],[152.88103,-27.44955]],"unpaved"],[166188485,"residential","Gold Creek Road",[[152.90787,-27.47152],[152.90772,-27.47118],[152.90765,-27.47103],[152.90755,-27.47092],[152.90744,-27.47084],[152.90653,-27.47061],[152.90541,-27.47032],[152.90414,-27.47006],[152.90322,-27.46986],[152.90288,-27.46975],[152.90263,-27.4696],[152.90197,-27.469],[152.9015,-27.46852],[152.90129,-27.46841],[152.90113,-27.4684],[152.90083,-27.46847],[152.90037,-27.46868],[152.89949,-27.46913],[152.89933,-27.46914],[152.89917,-27.46908],[152.89907,-27.469],[152.89845,-27.46809],[152.89774,-27.46677],[152.89761,-27.46669],[152.8975,-27.46667],[152.89718,-27.4667],[152.89649,-27.46687],[152.89575,-27.46692],[152.89476,-27.46717],[152.89411,-27.46734],[152.89295,-27.46742],[152.89237,-27.46752],[152.89169,-27.46775],[152.89127,-27.46788],[152.89088,-27.46793],[152.89045,-27.4679],[152.89016,-27.46784],[152.8898,-27.46767],[152.88971,-27.46763],[152.8897,-27.4676],[152.88963,-27.46748],[152.88957,-27.46718],[152.88954,-27.46709],[152.88954,-27.46709],[152.88967,-27.46635]],"asphalt"],[522806919,"service","",[[152.90014,-27.4957],[152.89992,-27.49569],[152.89983,-27.4958],[152.89973,-27.49584],[152.8996,-27.49583],[152.8994,-27.49582],[152.89939,-27.49579]]],[740137556,"residential","McMullen Road",[[152.89878,-27.4988],[152.89882,-27.49884],[152.89889,-27.49886],[152.89902,-27.49889],[152.89975,-27.49899],[152.90031,-27.49904]],"asphalt"],[1060364020,"residential","Savages Road",[[152.90591,-27.48268],[152.90582,-27.4827],[152.90554,-27.4827],[152.90516,-27.48257],[152.90441,-27.48225],[152.90387,-27.48204],[152.90354,-27.48195],[152.90277,-27.48186],[152.90251,-27.48186],[152.90176,-27.48189],[152.90084,-27.48204],[152.89983,-27.48202],[152.89928,-27.48181],[152.89892,-27.4817],[152.89861,-27.48156],[152.89804,-27.48099],[152.89746,-27.48062],[152.89725,-27.48058],[152.89687,-27.48054],[152.89629,-27.48057],[152.8958,-27.48056],[152.89572,-27.48056]],"paved"]]}