{"v":2,"features":[[30861181,"residential","Brahan Court",[[152.90002,-27.38591],[152.89995,-27.38618],[152.89978,-27.38647],[152.89967,-27.38656],[152.89951,-27.38663],[152.8991,-27.38675],[152.89881,-27.38687],[152.89868,-27.38698],[152.89837,-27.38741],[152.89826,-27.38772],[152.89833,-27.38802],[152.89844,-27.38814],[152.89862,-27.38829],[152.89888,-27.38838],[152.89906,-27.38837],[152.89923,-27.38831],[152.89957,-27.38815],[152.89963,-27.38812],[152.89974,-27.38808]],"paved"],[42303358,"residential","Burton Lane",[[152.88822,-27.36397],[152.8883,-27.36397],[152.88843,-27.36398],[152.88875,-27.36402],[152.8888,-27.36403],[152.88908,-27.36406],[152.88989,-27.36416],[152.89011,-27.36419],[152.89117,-27.36433],[152.89163,-27.3644],[152.89176,-27.36441],[152.89384,-27.36469],[152.89393,-27.3647],[152.89408,-27.36472],[152.89744,-27.36517],[152.89871,-27.36534],[152.89954,-27.36545],[152.89991,-27.36546],[152.9003,-27.3654],[152.9008,-27.36515],[152.90114,-27.36476],[152.90137,-27.36423],[152.90132,-27.36326],[152.90114,-27.36252],[152.90079,-27.36205],[152.90082,-27.36164],[152.9012,-27.36094],[152.9014,-27.3608],[152.90178,-27.36073],[152.90211,-27.36055],[152.90278,-27.35991],[152.90401,-27.35905],[152.90442,-27.35897]],"paved"],[42785237,"residential","Burns Road",[[152.90443,-27.3759],[152.90287,-27.37594],[152.90184,-27.37559],[152.90174,-27.3755],[152.90081,-27.3746],[152.89975,-27.37368],[152.89891,-27.37325],[152.89846,-27.37303],[152.89755,-27.37289],[152.89727,-27.37285]],"unpaved"]],"nodeAttrs":{"-27.376750,152.899070":{"barrier":true}}}